a	ա	135
aac	աած	23
afekti	աֆեկտի	29
aha	ահա	188
ahakin	ահագին	44
ahavor	ահավոր	47
ahreli	ահռելի	23
aj	աջ	42
aj	աճ	14
ajakanj	աջականջը	23
ajakanje	աջականջը	23
ajakanju	աջականջը	23
ajakanjy	աջականջը	23
ajakcel	աջակցել	34
ajakcelov	աջակցելով	14
ajakcoq	աջակցող	14
ajakcum	աջակցում	14
ajakcutyan	աջակցության	23
ajakcutyun	աջակցություն	14
ajakcutyun	աջակցությունը	14
ajakcutyune	աջակցությունը	14
ajakcutyunu	աջակցությունը	14
ajakcutyuny	աջակցությունը	14
ajakic	աջակից	14
ajakicn	աջակիցն	14
ajapnyak	աջափնյակ	23
ajarov	աճարով	14
ajecrel	աճեցրել	14
ajecvac	աճեցված	34
ajel	աճել	23
ajelu	աճելու	14
ajiotaji	աժիոտաժի	23
ajk	աչք	14
ajker	աչքեր	42
ajker	աչքերը	34
ajkere	աչքերը	34
ajkeri	աչքերի	34
ajkeris	աչքերիս	14
ajkerit	աչքերիդ	14
ajkerov	աչքերով	34
ajkers	աչքերս	38
ajkeru	աչքերը	34
ajkery	աչքերը	34
ajki	աչքի	47
ajkics	աչքիցս	23
ajkit	աչքիդ	14
ajkn	աչքն	29
ajknert	աչքներդ	23
ajkov	աչքով	47
ajks	աչքս	14
ajman	աճման	14
ajoq	աճող	14
ajotaji	աժոտաժի	42
ajuknerin	աչուկներին	42
ajum	աճում	55
akamayic	ակամայից	38
akan	ական	23
akanjakalners	ականջակալներս	29
akanjin	ականջին	14
akanjner	ականջները	29
akanjnere	ականջները	29
akanjneru	ականջները	29
akanjnery	ականջները	29
akanner	ականները	14
akannere	ականները	14
akanneri	ականների	42
akanneru	ականները	14
akannery	ականները	14
akatemya	ակադեմիա	29
akatemyakan	ակադեմիական	23
akatemyayi	ակադեմիայի	34
akatemyayum	ակադեմիայում	29
akavayi	ագավայի	14
akcentov	ակցենտով	38
akcitentneric	ակցիդենտներից	14
akcitentnerov	ակցիդենտներով	14
akcya	ակցիա	14
akcyanerin	ակցիաներին	14
aknarkel	ակնարկել	14
akne	ակնե	29
aknehantutyunic	ակնեհանդությունից	23
aknehivantutyunic	ակնեհիվանդությունից	23
aknen	ակնեն	14
aknhayt	ակնհայտ	42
aknhaytoren	ակնհայտորեն	38
aknkalum	ակնկալում	44
akosn	ակոսն	14
akresiv	ագրեսիվ	34
akresya	ագրեսիա	14
akt	ակտ	23
aktiv	ակտիվ	172
aktivoren	ակտիվորեն	14
aktivutyan	ակտիվության	14
aktivutyun	ակտիվություն	14
aktivutyun	ակտիվությունը	14
aktivutyune	ակտիվությունը	14
aktivutyunu	ակտիվությունը	14
aktivutyuny	ակտիվությունը	14
aktual	ակտուալ	47
akump	ակումբ	14
akumpayin	ակումբային	14
akumpin	ակումբին	42
akumpinkic	ակումբինկից	44
akumpum	ակումբում	14
akunk	ակունք	14
ala	ալա	23
alaskan	ալասկան	23
aleks	ալեքս	14
aleks	ալեքսը	14
aleksantra	ալեքսանդրա	14
aleksantrapol	ալեքսանդրապոլ	14
aleksantrapoli	ալեքսանդրապոլի	14
aleksanyan	ալեքսանյանը	23
aleksanyane	ալեքսանյանը	23
aleksanyanu	ալեքսանյանը	23
aleksanyany	ալեքսանյանը	23
alekse	ալեքսը	14
aleksi	ալեքսի	14
aleksn	ալեքսն	14
aleksu	ալեքսը	14
aleksy	ալեքսը	14
aleni	ալենի	29
aliev	ալիեւը	29
alieve	ալիեւը	29
alievu	ալիեւը	29
alievy	ալիեւը	29
alik	ալիքը	34
alik	ալիք	29
alik	ալիկ	23
alike	ալիքը	34
aliki	ալիքի	23
alikin	ալիքին	65
alikn	ալիքն	14
alikov	ալիքով	14
aliku	ալիքը	34
alikum	ալիքում	23
aliky	ալիքը	34
alis	ալիս	23
alisi	ալիսի	23
alkohol	ալկոհոլը	47
alkohol	ալկոհոլ	29
alkoholayin	ալկոհոլային	14
alkohole	ալկոհոլը	47
alkoholic	ալկոհոլից	23
alkoholik	ալկոհոլիկ	34
alkoholn	ալկոհոլն	14
alkoholu	ալկոհոլը	47
alkoholy	ալկոհոլը	47
almarjan	ալմարջան	38
alopecyaner	ալոպեցիաներ	29
alpomner	ալբոմները	38
alpomnere	ալբոմները	38
alpomneru	ալբոմները	38
alpomnery	ալբոմները	38
alvum	ալվում	44
alyumin	ալյումինը	23
alyumine	ալյումինը	23
alyuminu	ալյումինը	23
alyuminy	ալյումինը	23
alyupvi	ալյուբվի	23
alyur	ալյուր	38
alyur	ալյուրը	14
alyure	ալյուրը	14
alyurov	ալյուրով	14
alyuru	ալյուրը	14
alyury	ալյուրը	14
amajel	ամաչել	42
amajelu	ամաչելու	14
amajum	ամաչում	42
amal	ամալը	29
amal	ամալ	14
amala	ամալա	23
amale	ամալը	29
amale	ամալե	14
amalu	ամալը	29
amaly	ամալը	29
amalya	ամալիա	58
amalya	ամալյա	34
amalyayi	ամալիայի	14
aman	աման	34
aman	ամանը	14
amanakarkum	ամանակարգում	14
amane	ամանը	14
amani	ամանի	23
amanner	ամաններ	29
amanneri	ամանների	14
amannerov	ամաններով	29
amanu	ամանը	14
amany	ամանը	14
amar	ամառ	164
amara	ամարա	14
amarayin	ամառային	168
amaris	ամարիս	42
amarisi	ամարիսի	23
amen	ամեն	214
amen	ամենը	174
amena	ամենա	55
amenaaapsurt	ամենաաաբսուրդ	34
amenaanhavanakan	ամենաանհավանական	23
amenaapahov	ամենաապահով	14
amenaarajin	ամենաառաջինը	29
amenaarajine	ամենաառաջինը	29
amenaarajinn	ամենաառաջինն	14
amenaarajinu	ամենաառաջինը	29
amenaarajiny	ամենաառաջինը	29
amenaarak	ամենաարագ	38
amenaartyunavet	ամենաարդյունավետ	14
amenaaznvakan	ամենաազնվական	29
amenacanr	ամենածանր	34
amenacavot	ամենացավոտ	14
amenaejan	ամենաէժան	14
amenaerevi	ամենաերեւի	14
amenafantastik	ամենաֆանտաստիկ	14
amenahameq	ամենահամեղ	53
amenahameq	ամենահամեղը	38
amenahameqe	ամենահամեղը	38
amenahamequ	ամենահամեղը	38
amenahameqy	ամենահամեղը	38
amenahamov	ամենահամով	23
amenaharazat	ամենահարազատ	23
amenaharmar	ամենահարմար	14
amenahasarak	ամենահասարակ	14
amenahaytni	ամենահայտնի	38
amenahetakrkir	ամենահետաքրքիր	34
amenahetakrkirn	ամենահետաքրքիրն	29
amenahewt	ամենահեշտ	34
amenahin	ամենահին	29
amenaim	ամենաիմ	14
amenajiwt	ամենաճիշտ	34
amenak	ամենագ	14
amenakar	ամենակար	14
amenakarevor	ամենակարեւորը	182
amenakarevor	ամենակարեւոր	160
amenakarevore	ամենակարեւորը	182
amenakarevorn	ամենակարեւորն	174
amenakarevoru	ամենակարեւորը	182
amenakarevory	ամենակարեւորը	182
amenakarj	ամենակարճ	34
amenakentronum	ամենակենտրոնում	29
amenakeqecik	ամենագեղեցիկ	49
amenakeqecikn	ամենագեղեցիկն	51
amenaknnarkvoq	ամենաքննարկվող	29
amenaknnarkvoqn	ամենաքննարկվողն	14
amenalav	ամենալավ	166
amenalavn	ամենալավն	23
amenalayn	ամենալայն	42
amenalurj	ամենալուրջ	29
amenamatjeliic	ամենամատչելիից	14
amenamazalu	ամենամազալու	14
amenamec	ամենամեծ	172
amenamterim	ամենամտերիմ	14
amenanoq	ամենանող	23
amenanor	ամենանոր	49
amenaparcr	ամենաբարձր	38
amenaparcrajawak	ամենաբարձրաճաշակ	14
amenapart	ամենաբարդ	23
amenapazmazan	ամենաբազմազան	29
amenaprofesional	ամենապրոֆեսիոնալ	14
amenasev	ամենասեւ	44
amenasirac	ամենասիրած	42
amenasireli	ամենասիրելի	168
amenasirelin	ամենասիրելին	44
amenasirun	ամենասիրուն	14
amenaskantalayin	ամենասկանդալային	14
amenasxal	ամենասխալ	44
amenatank	ամենաթանկ	59
amenatar	ամենատար	14
amenatarm	ամենաթարմ	58
amenatarm	ամենատարմ	34
amenatarm	ամենաթարմը	14
amenatarme	ամենաթարմը	14
amenatarmu	ամենաթարմը	14
amenatarmy	ամենաթարմը	14
amenatarper	ամենատարբեր	69
amenatjvar	ամենադժվար	23
amenatrakan	ամենադրական	34
amenattuner	ամենաթթուներ	23
amenatxur	ամենատխուր	38
amenatxurn	ամենատխուրն	23
amenaujeq	ամենաուժեղ	23
amenavat	ամենավատ	14
amenaverjin	ամենավերջին	14
amenawat	ամենաշատը	174
amenawat	ամենաշատ	14
amenawate	ամենաշատը	174
amenawatn	ամենաշատն	14
amenawatu	ամենաշատը	174
amenawaty	ամենաշատը	174
amenawkeq	ամենաշքեղ	34
amenaxelacin	ամենախելացին	14
amenaxowor	ամենախոշոր	23
amenayn	ամենայն	38
amenazkayun	ամենազգայուն	23
amene	ամենը	174
amenevin	ամենեւին	47
ameni	ամենի	34
amenic	ամենից	166
amenin	ամենին	14
amenn	ամենն	23
amenorakyal	ամենորակյալ	34
amenorakyal	ամենորակյալը	23
amenorakyale	ամենորակյալը	23
amenorakyalu	ամենորակյալը	23
amenorakyaly	ամենորակյալը	23
amenorya	ամենօրյա	44
amenu	ամենը	174
amenur	ամենուր	14
ameny	ամենը	174
amerika	ամերիկա	42
amerikaci	ամերիկացի	23
amerikacineri	ամերիկացիների	14
amerikayi	ամերիկայի	57
amerikayic	ամերիկայից	55
amerikayum	ամերիկայում	53
amerikyan	ամերիկյան	58
ameya	ամեյա	14
amiryan	ամիրյան	14
amis	ամիս	172
amis	ամիսը	42
amise	ամիսը	42
amisn	ամիսն	44
amisner	ամիսներ	23
amisneri	ամիսների	59
amisnerin	ամիսներին	14
amisnern	ամիսներն	29
amisnerov	ամիսներով	14
amisu	ամիսը	42
amisy	ամիսը	42
amla	ամլա	23
amle	ամլե	14
amlya	ամլյա	14
amn	ամն	59
amor	ամոր	38
amot	ամոթ	29
amot	ամոթը	23
amotank	ամոթանք	14
amote	ամոթը	23
amotu	ամոթը	23
amoty	ամոթը	23
ampicyaner	ամբիցիաներ	23
ampionic	ամբիոնից	23
ampopel	ամփոփել	44
ampopelov	ամփոփելով	14
ampopum	ամփոփում	14
ampopvac	ամփոփված	14
ampoq	ամբող	14
ampoqj	ամբողջ	192
ampoqj	ամբողջը	29
ampoqjakan	ամբողջական	47
ampoqjapes	ամբողջապես	29
ampoqje	ամբողջը	29
ampoqjovin	ամբողջովին	14
ampoqju	ամբողջը	29
ampoqjutyamp	ամբողջությամբ	166
ampoqjy	ամբողջը	29
amracel	ամրացել	14
amrakrac	ամրագրած	47
amrakrek	ամրագրեք	47
amrakrel	ամրագրել	34
amrakrelu	ամրագրելու	14
amrakrumner	ամրագրումներ	29
amrakrvac	ամրագրված	29
amran	ամռանը	168
amrane	ամռանը	168
amranu	ամռանը	168
amrany	ամռանը	168
amroyani	ամրոյանի	29
amsakan	ամսական	42
amsekan	ամսեկան	23
amsi	ամսի	14
amsic	ամսից	23
amsin	ամսին	44
amsov	ամսով	38
amsum	ամսում	55
amsva	ամսվա	53
amsvan	ամսվան	42
amur	ամուր	164
amusin	ամուսինը	49
amusin	ամուսին	29
amusine	ամուսինը	49
amusinn	ամուսինն	23
amusinneri	ամուսինների	14
amusins	ամուսինս	29
amusinu	ամուսինը	49
amusiny	ամուսինը	49
amusnacac	ամուսնացած	29
amusnacav	ամուսնացավ	14
amusnacel	ամուսնացել	44
amusnacneln	ամուսնացնելն	23
amusnacoq	ամուսնացող	23
amusnacrek	ամուսնացրեք	23
amusnakan	ամուսնական	14
amusnalucutyan	ամուսնալուծության	14
amusnalucutyun	ամուսնալուծությունը	23
amusnalucutyune	ամուսնալուծությունը	23
amusnalucutyunic	ամուսնալուծությունից	14
amusnalucutyunneri	ամուսնալուծությունների	14
amusnalucutyunu	ամուսնալուծությունը	23
amusnalucutyuny	ամուսնալուծությունը	23
amusnalucvac	ամուսնալուծված	14
amusnalucvel	ամուսնալուծվել	42
amusnalucvum	ամուսնալուծվում	14
amusnanal	ամուսնանալ	38
amusnanal	ամուսնանալը	14
amusnanale	ամուսնանալը	14
amusnanalu	ամուսնանալու	23
amusnanalu	ամուսնանալը	14
amusnanaluc	ամուսնանալուց	29
amusnanaly	ամուսնանալը	14
amusnanam	ամուսնանամ	14
amusnanayi	ամուսնանայի	23
amusnanum	ամուսնանում	38
amusnu	ամուսնու	42
amusnun	ամուսնուն	14
amusnus	ամուսնուս	29
amusnut	ամուսնութ	14
amusnutyan	ամուսնության	23
amusnutyun	ամուսնությունը	38
amusnutyun	ամուսնություն	29
amusnutyune	ամուսնությունը	38
amusnutyunic	ամուսնությունից	44
amusnutyunn	ամուսնությունն	14
amusnutyunu	ամուսնությունը	38
amusnutyuny	ամուսնությունը	38
amya	ամեա	23
amya	ամիա	14
amya	ամյա	14
amyakn	ամյակն	14
amyayi	ամիայի	14
an	ան	38
anahit	անահիտ	29
anahiti	անահիտի	14
anajar	անաչառ	14
anaknkal	անակնկալ	168
anaknkalneri	անակնկալների	14
analiz	անալիզ	14
analizner	անալիզները	23
analiznere	անալիզները	23
analizneru	անալիզները	23
analiznery	անալիզները	23
anani	անանի	14
anapahov	անապահով	23
anapak	անապակ	14
anapat	անապատը	23
anapate	անապատը	23
anapatner	անապատներ	14
anapatu	անապատը	23
anapaty	անապատը	23
anarat	անարատ	44
anarki	անարգի	34
anaroqj	անառողջ	23
anartar	անարդար	38
anartarutyun	անարդարություն	14
anaseli	անասելի	23
anatam	անատամ	34
anatomyan	անատոմիան	44
anavart	անավարտ	14
anayi	անայի	14
anazatutyan	անազատության	14
anc	անց	170
anc	անձը	55
anc	անձ	38
anca	անցա	14
ancac	անցած	170
ancac	անցածը	14
ancace	անցածը	14
ancacu	անցածը	14
ancacy	անցածը	14
ancamp	անձամբ	55
ancan	անցան	38
ancanc	անձանց	38
ancank	անցանք	14
ancanot	անծանոթ	14
ancar	անցար	14
ancav	անցավ	180
ance	անձը	55
ancel	անցել	174
ancer	անձեր	14
anci	անձի	29
anck	անցք	29
anck	անցքը	14
anckacnek	անցկացնեք	14
anckacnel	անցկացնել	170
anckacnelov	անցկացնելով	14
anckacnelu	անցկացնելու	29
anckacnum	անցկացնում	170
anckacrel	անցկացրել	14
anckacru	անցկացրու	172
anckacvelu	անցկացվելու	42
anckacvum	անցկացվում	14
ancke	անցքը	14
ancker	անցքերը	23
anckere	անցքերը	23
anckeru	անցքերը	23
anckery	անցքերը	23
ancku	անցքը	14
ancky	անցքը	14
ancman	անցման	14
ancn	անձն	14
ancnakan	անձնական	170
ancnakan	անձնականը	14
ancnakane	անձնականը	14
ancnakani	անձնականի	23
ancnakanu	անձնականը	14
ancnakany	անձնականը	14
ancnakazm	անձնակազմ	29
ancnakazm	անձնակազմը	14
ancnakazme	անձնակազմը	14
ancnakazmn	անձնակազմն	14
ancnakazmu	անձնակազմը	14
ancnakazmy	անձնակազմը	14
ancnakir	անձնագիր	34
ancnakirn	անձնագիրն	14
ancnakrov	անձնագրով	14
ancnapes	անձնապես	38
ancnavorutyun	անձնավորություն	29
ancneir	անցնեիր	29
ancnel	անցնել	67
ancnel	անցնելը	14
ancnele	անցնելը	14
ancnelov	անցնելով	34
ancnelu	անցնելու	29
ancnelu	անցնելը	14
ancneluc	անցնելուց	44
ancnely	անցնելը	14
ancnem	անցնեմ	14
ancnen	անցնեն	14
ancnenk	անցնենք	49
ancnes	անցնես	14
ancni	անցնի	38
ancnum	անցնում	186
ancrev	անձրեւ	170
ancrev	անձրեւը	14
ancreve	անձրեւը	14
ancrevi	անձրեւի	29
ancrevu	անձրեւը	14
ancrevy	անձրեւը	14
ancs	անձս	14
ancu	անձը	55
ancum	անցում	14
ancumayin	անցումային	34
ancumn	անցումն	29
ancumneri	անցումների	14
ancy	անձը	55
ancyal	անցյալ	174
ancyal	անցյալը	14
ancyale	անցյալը	14
ancyali	անցյալի	14
ancyaln	անցյալն	14
ancyalov	անցյալով	44
ancyalu	անցյալը	14
ancyalum	անցյալում	29
ancyaly	անցյալը	14
aneck	անեծք	38
anei	անեի	42
aneir	անեիր	14
anek	անեք	34
anekin	անեգինը	14
anekine	անեգինը	14
anekinu	անեգինը	14
anekiny	անեգինը	14
anektot	անեկդոտ	38
anel	անել	194
anel	անելը	14
anelaneli	անելանելի	14
anele	անելը	14
anelik	անելիք	23
anelikn	անելիքն	34
anelikner	անելիքները	14
aneliknere	անելիքները	14
anelikneru	անելիքները	14
aneliknery	անելիքները	14
aneln	անելն	14
anelov	անելով	23
anelu	անելու	186
anelu	անելը	14
aneluc	անելուց	57
anely	անելը	14
anem	անեմ	172
anen	անեն	53
anenk	անենք	164
anenthat	անընդհատ	180
anentmej	անընդմեջ	14
anentuneli	անընդունելի	14
aner	աներ	42
anes	անես	166
anhajoqutyun	անհաջողությունը	23
anhajoqutyune	անհաջողությունը	23
anhajoqutyunneri	անհաջողությունների	23
anhajoqutyunu	անհաջողությունը	23
anhajoqutyuny	անհաջողությունը	23
anhamateqeli	անհամատեղելի	14
anhamemat	անհամեմատ	29
anhamper	անհամբեր	164
anhamperutyamp	անհամբերությամբ	23
anhankist	անհանգիստ	34
anhankstacir	անհանգստացիր	166
anhankstacnum	անհանգստացնում	164
anhankstanum	անհանգստանում	164
anhankstutyunn	անհանգստությունն	14
anharmar	անհարմար	14
anhasaneli	անհասանելի	14
anhaskanali	անհասկանալի	42
anhat	անհատ	23
anhatakan	անհատական	79
anhatakanutyun	անհատականություն	34
anhatakanutyun	անհատականությունը	14
anhatakanutyune	անհատականությունը	14
anhatakanutyunu	անհատականությունը	14
anhatakanutyuny	անհատականությունը	14
anhatner	անհատները	14
anhatnere	անհատները	14
anhatnerin	անհատներին	14
anhatneru	անհատները	14
anhatnery	անհատները	14
anhavanakan	անհավանական	14
anhayr	անհայր	29
anhayrenik	անհայրենիք	23
anhayt	անհայտ	44
anhet	անհետ	34
anhetacav	անհետացավ	14
anhetakrkir	անհետաքրքիր	14
anhetanum	անհետանում	14
anhetevank	անհետեւանք	34
anhimn	անհիմն	29
anhnar	անհնար	164
anhnarin	անհնարին	23
anhok	անհոգ	162
anhrajewt	անհրաժեշտ	172
anhrajewtutyun	անհրաժեշտություն	38
ani	անի	200
animast	անիմաստ	44
anin	անին	42
anjap	անչափ	160
anjapeli	անչափելի	29
anjatel	անջատել	14
anjatum	անջատում	14
anjatvum	անջատվում	29
anjawak	անճաշակ	14
anjela	անժելա	14
anjeles	անջելես	34
anjelesi	անջելեսի	49
anjelesic	անջելեսից	23
anjelesum	անջելեսում	77
ank	անք	14
ankam	անգամ	202
ankamic	անգամից	29
ankamn	անգամն	38
ankamner	անգամներ	51
ankamya	անգամյա	38
ankanxik	անկանխիկ	38
ankap	անկապ	14
ankaskac	անկասկած	160
ankax	անկախ	170
ankaxacumic	անկախացումից	14
ankeqc	անկեղծ	174
ankeqcutyamp	անկեղծությամբ	34
ankeqcutyan	անկեղծության	14
ankeqcutyun	անկեղծությունը	14
ankeqcutyune	անկեղծությունը	14
ankeqcutyunn	անկեղծությունն	14
ankeqcutyunu	անկեղծությունը	14
ankeqcutyuny	անկեղծությունը	14
ankerazanceli	անգերազանցելի	34
ankleren	անգլերեն	172
ankman	անկման	29
ankraket	անգրագետ	23
ankum	անկում	14
ankum	անկումը	14
ankume	անկումը	14
ankumn	անկումն	14
ankumu	անկումը	14
ankumy	անկումը	14
ankyun	անկյունը	44
ankyune	անկյունը	44
ankyunn	անկյունն	14
ankyunneri	անկյունների	49
ankyunu	անկյունը	44
ankyunum	անկյունում	34
ankyuny	անկյունը	44
anli	անլի	14
anlurj	անլուրջ	14
anluys	անլույս	14
anmahakan	անմահական	23
anmawk	անմաշկ	14
anmequtyan	անմեղության	14
anmijakan	անմիջական	29
anmijapes	անմիջապես	170
anmoranali	անմոռանալի	162
anmxitar	անմխիթար	14
anna	աննա	198
annan	աննան	23
annaxatep	աննախադեպ	38
annayi	աննայի	14
annayin	աննային	34
annayis	աննայիս	14
anneli	աննելի	14
annkarakreli	աննկարագրելի	170
annormal	աննորմալ	23
annthat	անընդհատ	180
anntmej	անընդմեջ	14
anntuneli	անընդունելի	14
anoc	անոց	14
anoknakan	անօգնական	29
anoq	անող	14
anorinakan	անօրինական	42
anot	անոթը	38
anot	անոթ	14
anotapani	անօդաբանի	23
anotapani	անօթաբանի	23
anote	անոթը	38
anotn	անոթն	14
anotu	անոթը	38
anoty	անոթը	38
anp	անպ	14
anpacatreli	անբացատրելի	14
anpajan	անբաժան	14
anpajaneli	անբաժանելի	14
anpakas	անպակաս	14
anparakc	անպարագծ	14
anpatasxan	անպատասխան	14
anpayman	անպայման	202
anpaymanoren	անպայմանորեն	29
anpenc	անպենց	44
anpens	անպենս	42
anpensi	անպենսի	14
anpopox	անփոփոխ	29
anpoxarineli	անփոխարինելի	14
anps	անպս	23
ansahman	անսահման	34
ansovor	անսովոր	34
anspaseli	անսպասելի	164
antakt	անտակտ	29
antam	անդամը	34
antam	անդամ	29
antame	անդամը	34
antami	անդամի	23
antamn	անդամն	14
antamner	անդամները	44
antamner	անդամներ	34
antamnere	անդամները	44
antamneri	անդամների	49
antamneric	անդամներից	23
antamnerin	անդամներին	29
antamnern	անդամներն	29
antamnerov	անդամներով	14
antamneru	անդամները	44
antamnery	անդամները	44
antamu	անդամը	34
antamy	անդամը	34
antaneli	անտանելի	14
antaqant	անտաղանդ	14
antar	անտառ	14
antari	անտառի	14
antarper	անտարբեր	29
antatar	անդադար	44
antenayov	անտենայով	29
anteqi	անտեղի	14
anteri	անթերի	34
antesum	անտեսում	14
antramatir	անտրամադիր	14
antraniki	անդրանիկի	14
antranikin	անդրանիկին	23
antratarc	անդրադարձ	14
antratarcav	անդրադարձավ	23
antratarcel	անդրադարձել	23
antratarnal	անդրադառնալ	42
antratarnalu	անդրադառնալու	14
antratarnank	անդրադառնանք	14
antratarnum	անդրադառնում	42
antre	անդրե	23
antrei	անդրեի	29
antrein	անդրեին	23
antreyas	անդրեիաս	14
antun	անտուն	34
antunt	անդունդ	14
antur	անդուր	34
anum	անում	198
anun	անունը	174
anun	անուն	49
anune	անունը	174
anunic	անունից	29
anunn	անունն	44
anunner	անուններ	42
anunner	անունները	23
anunnere	անունները	23
anunneri	անունների	14
anunneric	անուններից	23
anunneru	անունները	23
anunnery	անունները	23
anunov	անունով	160
anuns	անունս	14
anunthat	անընդհատ	180
anuntmej	անընդմեջ	14
anuntuneli	անընդունելի	14
anunu	անունը	174
anuny	անունը	174
anuqqaki	անուղղակի	29
anuqqeli	անուղղելի	23
anura	անուրա	34
anuw	անուշ	14
anvan	անվան	34
anvanakarki	անվանակարգի	14
anvanakarkum	անվանակարգում	14
anvani	անվանի	14
anvanmamp	անվանմամբ	29
anvanum	անվանումը	49
anvanum	անվանում	29
anvanume	անվանումը	49
anvanumn	անվանումն	14
anvanumu	անվանումը	49
anvanumy	անվանումը	49
anvatoqeri	անվադողերի	34
anverj	անվերջ	23
anvjar	անվճար	44
anvnas	անվնաս	44
anvtank	անվտանգ	42
anvtankutyan	անվտանգության	23
anvtankutyun	անվտանգությունը	34
anvtankutyune	անվտանգությունը	34
anvtankutyunic	անվտանգությունից	14
anvtankutyunu	անվտանգությունը	34
anvtankutyuny	անվտանգությունը	34
anwarj	անշարժ	84
anwuwt	անշուշտ	182
anxoceli	անխոցելի	14
anxtir	անխտիր	14
anxusapeli	անխուսափելի	38
anynthat	անընդհատ	180
anyntmej	անընդմեջ	14
anyntuneli	անընդունելի	14
anzen	անզեն	14
anzkuwapar	անզգուշաբար	14
anzkuyw	անզգույշ	14
apa	ապա	182
apacucec	ապացուցեց	14
apacucel	ապացուցել	42
apacucelu	ապացուցելու	23
apacuci	ապացուցի	29
apacucum	ապացուցում	23
apacucvac	ապացուցված	34
apacuyc	ապացույց	34
apacuycn	ապացույցն	23
apahov	ապահով	47
apahovakrakan	ապահովագրական	59
apahovakren	ապահովագրեն	29
apahovakrutyan	ապահովագրության	29
apahovakrutyun	ապահովագրություն	14
apahovakrvac	ապահովագրված	14
apahovel	ապահովել	44
apahoveln	ապահովելն	34
apahovelu	ապահովելու	23
apahoven	ապահովեն	14
apahovman	ապահովման	14
apahovum	ապահովում	61
apahovutyan	ապահովության	29
apahovvac	ապահովված	14
apaka	ապագա	162
apakan	ապագան	162
apakayi	ապագայի	174
apakayum	ապագայում	55
aparani	ապարանի	14
aparat	ապարատ	29
aparat	ապարատը	29
aparatayin	ապարատային	38
aparate	ապարատը	29
aparatnerov	ապարատներով	23
aparatu	ապարատը	29
aparaty	ապարատը	29
aparik	ապառիկ	34
apariki	ապառիկի	29
apastani	ապաստանի	14
ape	ապե	14
apel	աբելը	14
apele	աբելը	14
apelu	աբելը	14
apely	աբելը	14
aper	ապեր	14
aperic	ափերից	14
aperum	ափերում	14
apin	ափին	23
apovyan	աբովյան	14
aprac	ապրածը	14
aprace	ապրածը	14
apracu	ապրածը	14
apracy	ապրածը	14
aprank	ապրանք	38
aprank	ապրանքը	34
aprankaniw	ապրանքանիշը	47
aprankaniwe	ապրանքանիշը	47
aprankaniwer	ապրանքանիշեր	23
aprankaniweri	ապրանքանիշերի	38
aprankaniwi	ապրանքանիշի	47
aprankaniwneri	ապրանքանիշների	29
aprankaniwneric	ապրանքանիշներից	38
aprankaniwu	ապրանքանիշը	47
aprankaniwy	ապրանքանիշը	47
aprankatesakanin	ապրանքատեսականին	34
aprankatesakner	ապրանքատեսակներ	14
apranke	ապրանքը	34
apranki	ապրանքի	42
aprankner	ապրանքներ	64
aprankner	ապրանքները	42
apranknere	ապրանքները	42
aprankneru	ապրանքները	42
apranknery	ապրանքները	42
apranku	ապրանքը	34
apranky	ապրանքը	34
aprec	ապրեց	38
aprecnum	ապրեցնում	14
aprei	ապրեի	14
apreink	ապրեինք	29
aprek	ապրեք	42
aprel	ապրել	172
aprel	ապրելը	29
aprelakerp	ապրելակերպ	14
aprelakerpn	ապրելակերպն	23
aprele	ապրելը	29
apreln	ապրելն	23
aprelov	ապրելով	23
aprelu	ապրելու	62
aprelu	ապրելը	29
apreluc	ապրելուց	14
aprely	ապրելը	29
aprem	ապրեմ	49
apren	ապրեն	34
aprenk	ապրենք	23
apres	ապրես	176
apri	ապրի	23
april	ապրիլ	14
aprili	ապրիլի	29
aproq	ապրող	55
aprum	ապրում	180
aprumi	ապրումի	34
aprumner	ապրումները	47
aprumnere	ապրումները	47
aprumneri	ապրումների	23
aprumnern	ապրումներն	14
aprumneru	ապրումները	47
aprumnery	ապրումները	47
apse	ափսե	14
apsei	ափսեի	34
apsener	ափսեներ	14
apseneri	ափսեների	34
apsos	ափսոս	162
apsosaci	ափսոսացի	14
apsosank	ափսոսանք	38
apsosum	ափսոսում	49
apsurt	աբսուրդ	29
apsurti	աբսուրդի	23
apsurtistnern	աբսուրդիստներն	14
aptak	ապտակ	14
aptaki	ապտակի	38
aptakners	ապտակներս	38
apur	ապուր	14
apuwutyan	ապուշության	23
apuwutyun	ապուշություն	14
apuxtner	ապուխտները	38
apuxtnere	ապուխտները	38
apuxtneru	ապուխտները	38
apuxtnery	ապուխտները	38
apwac	ապշած	14
apwum	ապշում	14
aq	աղ	162
aqacac	աղացած	23
aqajum	աղաչում	23
aqanterayin	աղանդերային	14
aqanteri	աղանդերի	14
aqanti	աղանդի	14
aqasin	աղասին	14
aqavaqel	աղավաղել	34
aqavaqvel	աղավաղվել	14
aqcan	աղցան	38
aqcan	աղցանը	29
aqcane	աղցանը	29
aqcani	աղցանի	29
aqcanner	աղցանները	34
aqcannere	աղցանները	34
aqcanneru	աղցանները	34
aqcannery	աղցանները	34
aqcanu	աղցանը	29
aqcany	աղցանը	29
aqi	աղի	14
aqiki	աղիքի	14
aqjik	աղջիկը	172
aqjik	աղջիկ	168
aqjike	աղջիկը	172
aqjikn	աղջիկն	42
aqjikner	աղջիկները	57
aqjikner	աղջիկներ	38
aqjiknere	աղջիկները	57
aqjikneri	աղջիկների	34
aqjikneric	աղջիկներից	14
aqjiknerin	աղջիկներին	23
aqjiknern	աղջիկներն	23
aqjikneru	աղջիկները	57
aqjiknery	աղջիկները	57
aqjiks	աղջիկս	164
aqjiku	աղջիկը	172
aqjiky	աղջիկը	172
aqjka	աղջկա	72
aqjkan	աղջկան	38
aqjkas	աղջկաս	38
aqjnaki	աղջնակի	14
aqkat	աղքատ	14
aqkatnerin	աղքատներին	14
aqmuk	աղմուկը	23
aqmuk	աղմուկ	14
aqmuke	աղմուկը	23
aqmukic	աղմուկից	42
aqmuku	աղմուկը	23
aqmuky	աղմուկը	23
aqn	աղն	23
aqotk	աղոթք	44
aqotk	աղոթքը	14
aqotke	աղոթքը	14
aqotki	աղոթքի	14
aqotkn	աղոթքն	14
aqotkner	աղոթքներ	14
aqotku	աղոթքը	14
aqotky	աղոթքը	14
aqotum	աղոթում	14
aqov	աղով	29
aqp	աղբ	14
aqpyur	աղբյուրը	23
aqpyur	աղբյուր	14
aqpyurakitakan	աղբյուրագիտական	14
aqpyure	աղբյուրը	23
aqpyurner	աղբյուրները	14
aqpyurnere	աղբյուրները	14
aqpyurneru	աղբյուրները	14
aqpyurnery	աղբյուրները	14
aqpyuru	աղբյուրը	23
aqpyury	աղբյուրը	23
aqtamum	աղդամում	29
aqveran	աղվերանը	23
aqverane	աղվերանը	23
aqveranin	աղվերանին	14
aqveranu	աղվերանը	23
aqverany	աղվերանը	23
ar	առ	168
ar	ար	14
ara	արա	170
ara	առա	49
arac	արած	44
arac	առած	34
arac	արածը	14
arace	արածը	14
araci	արածի	14
aracu	արածը	14
aracy	արածը	14
araj	առաջ	190
arajacac	առաջացած	29
arajacav	առաջացավ	51
arajacel	առաջացել	47
arajacnelu	առաջացնելու	29
arajacnoq	առաջացնող	29
arajacnum	առաջացնում	34
arajacrac	առաջացրած	38
arajanal	առաջանալ	29
arajanum	առաջանում	65
arajark	առաջարկ	57
arajark	առաջարկը	47
arajarkac	առաջարկած	23
arajarke	առաջարկը	47
arajarkec	առաջարկեց	14
arajarkel	առաջարկել	164
arajarkic	առաջարկից	29
arajarkn	առաջարկն	29
arajarkner	առաջարկներ	23
arajarkner	առաջարկները	14
arajarknere	առաջարկները	14
arajarkneri	առաջարկների	14
arajarkneru	առաջարկները	14
arajarknery	առաջարկները	14
arajarku	առաջարկը	47
arajarkum	առաջարկում	85
arajarkvoq	առաջարկվող	42
arajarkvum	առաջարկվում	47
arajarky	առաջարկը	47
arajatar	առաջատար	65
arajatimakan	առաջադիմական	14
arajatrank	առաջադրանք	34
arajatrvac	առաջադրված	29
arajatrvel	առաջադրվել	14
arajentac	առաջընթաց	23
arajentac	առաջընթացը	14
arajentace	առաջընթացը	14
arajika	առաջիկա	44
arajin	առաջին	184
arajin	առաջինը	67
arajine	առաջինը	67
arajinn	առաջինն	34
arajinneric	առաջիններից	14
arajinu	առաջինը	67
arajiny	առաջինը	67
arajnahert	առաջնահերթ	14
arajnaxaqeric	առաջնախաղերից	14
arajnayin	առաջնային	59
arajnekn	առաջնեկն	14
arajnort	առաջնորդ	23
arajnortvum	առաջնորդվում	14
arajntac	առաջընթաց	23
arajntac	առաջընթացը	14
arajntace	առաջընթացը	14
arajum	առաջում	14
arajuntac	առաջընթաց	23
arajuntac	առաջընթացը	14
arajuntace	առաջընթացը	14
arajva	առաջվա	29
arajvan	առաջվանը	29
arajvane	առաջվանը	29
arajvanu	առաջվանը	29
arajvany	առաջվանը	29
arajyntac	առաջընթաց	23
arajyntac	առաջընթացը	14
arajyntace	առաջընթացը	14
arak	արագ	194
arakaci	արագածի	14
arakacnum	արագացնում	14
arakacotni	արագածոտնի	14
arakel	առաքել	29
arakelakan	առաքելական	58
arakeloc	առաքելոց	14
arakelutyan	առաքելության	23
arakelutyun	առաքելությունը	23
arakelutyun	առաքելություն	14
arakelutyune	առաքելությունը	23
arakelutyunn	առաքելությունն	29
arakelutyunu	առաքելությունը	23
arakelutyuny	առաքելությունը	23
arakini	առաքինի	14
arakman	առաքման	29
araksi	արաքսի	14
araksya	արաքսյա	14
arakum	առաքում	38
arakvel	առաքվել	14
arakvum	առաքվում	23
arakyali	առաքյալի	23
arakyalneri	առաքյալների	14
aram	արամ	198
aram	արամը	38
arame	արամը	38
aramei	արամեի	14
aramen	արամեն	14
arami	արամի	44
aramin	արամին	23
aramn	արամն	44
aramu	արամը	38
aramy	արամը	38
aranc	առանց	192
aranci	առանձի	14
arancin	առանձին	160
arancnacnel	առանձնացնել	14
arancnacnem	առանձնացնեմ	23
arancnacnum	առանձնացնում	14
arancnacrel	առանձնացրել	23
arancnacvac	առանձնացված	14
arancnacvum	առանձնացվում	14
arancnahatkutyun	առանձնահատկությունը	23
arancnahatkutyun	առանձնահատկություն	14
arancnahatkutyune	առանձնահատկությունը	23
arancnahatkutyunn	առանձնահատկությունն	14
arancnahatkutyunner	առանձնահատկություններ	14
arancnahatkutyunu	առանձնահատկությունը	23
arancnahatkutyuny	առանձնահատկությունը	23
arancnahatuk	առանձնահատուկ	47
arancnanal	առանձնանալ	51
arancnanal	առանձնանալը	38
arancnanale	առանձնանալը	38
arancnanalu	առանձնանալը	38
arancnanaly	առանձնանալը	38
arancnanum	առանձնանում	72
arancnapes	առանձնապես	29
arancnatan	առանձնատան	14
arancnatner	առանձնատներ	44
arancnatnern	առանձնատներն	14
arank	առանք	23
aranknerum	արանքներում	34
arankov	արանքով	29
arankum	արանքում	23
arapakan	արաբական	14
ararac	արարած	23
ararat	արարատ	29
ararati	արարատի	23
araratn	արարատն	14
araratyan	արարատյան	14
ararel	արարել	14
ararka	առարկա	23
ararknerov	արարքներով	14
araroq	արարող	23
araroqutyan	արարողության	14
araroqutyun	արարողություն	14
araroqutyunn	արարողությունն	38
ararum	արարում	14
arasce	արասցե	14
arat	առատ	23
aravel	առավել	76
aravelutyun	առավելություն	61
aravelutyun	առավելությունը	38
aravelutyune	առավելությունը	38
aravelutyunner	առավելություններ	29
aravelutyunner	առավելությունները	23
aravelutyunnere	առավելությունները	23
aravelutyunneri	առավելությունների	14
aravelutyunneric	առավելություններից	14
aravelutyunneru	առավելությունները	23
aravelutyunnery	առավելությունները	23
aravelutyunu	առավելությունը	38
aravelutyuny	առավելությունը	38
aravot	առավոտ	176
aravot	առավոտը	38
aravote	առավոտը	38
aravotic	առավոտից	162
aravotu	առավոտը	38
aravoty	առավոտը	38
aravotyan	առավոտյան	190
arayi	արայի	38
arayik	արայիկ	14
arayjm	առայժմ	23
arcak	արձակ	23
arcakank	արձագանք	23
arcakank	արձագանքը	14
arcakanke	արձագանքը	14
arcakankel	արձագանքել	14
arcakankelu	արձագանքելու	14
arcakankner	արձագանքները	23
arcakanknere	արձագանքները	23
arcakankneru	արձագանքները	23
arcakanknery	արձագանքները	23
arcakanku	արձագանքը	14
arcakankum	արձագանքում	23
arcakanky	արձագանքը	14
arcakurt	արձակուրդ	38
arcanakrutyun	արձանագրությունը	14
arcanakrutyune	արձանագրությունը	14
arcanakrutyunu	արձանագրությունը	14
arcanakrutyuny	արձանագրությունը	14
arcanc	առցանց	166
arcanin	արցանին	14
arcarcum	արծարծում	23
arcat	արծաթ	23
arcata	արծաթա	14
arcatapat	արծաթապատ	47
arcatya	արծաթյա	53
arcax	արցախը	34
arcax	արցախ	23
arcaxci	արցախցի	23
arcaxe	արցախը	34
arcaxi	արցախի	38
arcaxic	արցախից	23
arcaxn	արցախն	14
arcaxu	արցախը	34
arcaxum	արցախում	14
arcaxy	արցախը	34
arcaxyan	արցախյան	14
arcunkneri	արցունքների	14
arec	արեց	42
areci	արեցի	38
arecik	արեցիք	29
arecin	արեցին	23
arecink	արեցինք	14
arecir	արեցիր	23
arek	արեք	61
arek	առեք	44
arel	արել	174
arel	առել	162
arenayum	արենայում	14
areni	արենի	23
arenikev	արենիքեւ	14
arenin	արենին	14
areqcvacayin	առեղծվածային	14
arev	արեւը	166
arev	արեւ	162
arevacaqki	արեւածաղկի	14
arevaham	արեւահամ	14
arevahayrenik	արեւահայրենիք	14
arevayin	արեւային	77
areve	արեւը	166
arevelkic	արեւելքից	14
arevelyan	արեւելյան	23
arevi	արեւի	29
arevic	արեւից	23
arevmtahayerenn	արեւմտահայերենն	14
arevmtyan	արեւմտյան	14
arevot	արեւոտ	168
arevtur	առեւտուր	14
arevu	արեւը	166
arevy	արեւը	166
arhasarak	առհասարակ	78
arhest	արհեստ	14
arhestacin	արհեստածին	14
arhestakan	արհեստական	162
arhestakanoren	արհեստականորեն	23
ari	արի	170
arir	արիր	23
arit	առիթ	67
arit	առիթը	14
arite	առիթը	14
ariti	առիթի	14
aritic	առիթից	14
aritipo	արիդիպո	47
aritipoyum	արիդիպոյում	14
aritn	առիթն	14
aritner	առիթներ	55
aritner	առիթները	23
aritnere	առիթները	23
aritneri	առիթների	49
aritnerin	առիթներին	14
aritnern	առիթներն	42
aritneru	առիթները	23
aritnery	առիթները	23
aritov	առիթով	42
aritu	առիթը	14
arity	առիթը	14
arjanacav	արժանացավ	14
arjanacel	արժանացել	14
arjani	արժանի	162
arjanuyt	արժանույթ	29
arjanvuyn	արժանվույն	23
arje	արժե	170
arjek	արժեքը	72
arjek	արժեք	62
arjekavor	արժեքավոր	160
arjekayin	արժեքային	14
arjeke	արժեքը	72
arjekn	արժեքն	14
arjekner	արժեքները	34
arjekner	արժեքներ	23
arjeknere	արժեքները	34
arjekneri	արժեքների	42
arjeknern	արժեքներն	14
arjeknerov	արժեքներով	23
arjekneru	արժեքները	34
arjeknery	արժեքները	34
arjekov	արժեքով	29
arjeku	արժեքը	72
arjeky	արժեքը	72
arjev	առջեւ	34
arjevorelu	արժեւորելու	14
arjevum	առջեւում	38
arjezrkum	արժեզրկում	14
arjezrkvum	արժեզրկվում	14
arji	արժի	34
arjoqutyamp	արժողությամբ	23
arjuk	արջուկ	14
arjuyti	արժույթի	23
arka	առկա	62
arkan	արքան	14
arkaneri	արքաների	14
arkayatustr	արքայադուստրը	29
arkayatustre	արքայադուստրը	29
arkayatustru	արքայադուստրը	29
arkayatustry	արքայադուստրը	29
arkayutyunn	առկայությունն	14
arkelec	արգելեց	23
arkelel	արգելել	14
arkelk	արգելք	14
arkelum	արգելում	14
arkelvac	արգելված	14
arkentina	արգենտինա	14
arkine	արգինե	29
arkiwtiin	արգիշտիին	14
arkqeri	արկղերի	14
armamp	առմամբ	162
arman	արման	38
arman	արմանը	29
armane	արմանը	29
armani	արմանի	14
armanu	արմանը	29
armany	արմանը	29
armati	արմատի	14
armatneri	արմատների	23
armatnerov	արմատներով	14
armaviri	արմավիրի	14
armen	արմեն	196
armenn	արմենն	14
armens	արմենս	170
armenya	արմենիա	23
armine	արմինե	42
arminei	արմինեի	23
arminen	արմինեն	38
armuw	արմուշը	38
armuw	արմուշ	14
armuwe	արմուշը	38
armuwi	արմուշի	14
armuwin	արմուշին	29
armuwu	արմուշը	38
armuwy	արմուշը	38
arnel	առնել	168
arnelov	առնելով	63
arnelu	առնելու	23
arnenk	առնենք	34
arnetner	առնետները	23
arnetnere	առնետները	23
arnetneru	առնետները	23
arnetnery	առնետները	23
arni	առնի	23
arnjvel	առնչվել	14
arnjvum	առնչվում	14
arno	առնո	14
arnum	առնում	166
arnvazn	առնվազն	42
aroma	առոմա	42
aroman	առոման	51
aromapeykrium	առոմաբեյքրիում	14
aromayi	առոմայի	62
aromayum	առոմայում	44
aroqj	առողջ	182
aroqjakan	առողջական	38
aroqjakanin	առողջականին	14
aroqjanum	առողջանում	14
aroqjapahutyan	առողջապահության	34
aroqjarar	առողջարար	166
aroqjutyan	առողջության	174
aroqjutyan	առողջությանը	44
aroqjutyane	առողջությանը	44
aroqjutyanu	առողջությանը	44
aroqjutyany	առողջությանը	44
aroqjutyun	առողջությունը	176
aroqjutyun	առողջություն	29
aroqjutyune	առողջությունը	176
aroqjutyunn	առողջությունն	38
aroqjutyunu	առողջությունը	176
aroqjutyuny	առողջությունը	176
arorya	առօրյա	14
aroryayi	առօրյայի	38
aroryayic	առօրյայից	14
aroryayum	առօրյայում	14
arov	առով	14
arpayi	արփայի	14
arpi	արփի	34
arpinei	արփինեի	14
arsen	արսեն	53
arsen	արսենը	14
arsene	արսենը	14
arsenu	արսենը	14
arseny	արսենը	14
arta	արտա	14
artacolvum	արտացոլվում	14
artahancnel	արտահանձնել	29
artahanum	արտահանում	29
artahaytel	արտահայտել	29
artahaytij	արտահայտիչ	23
artahaytum	արտահայտում	14
artahaytutyamp	արտահայտությամբ	29
artahaytutyan	արտահայտության	14
artahaytutyun	արտահայտություն	38
artahaytutyun	արտահայտությունը	23
artahaytutyune	արտահայտությունը	23
artahaytutyunn	արտահայտությունն	14
artahaytutyunner	արտահայտություններ	14
artahaytutyunu	արտահայտությունը	23
artahaytutyuny	արտահայտությունը	23
artahaytvac	արտահայտված	55
artahaytveci	արտահայտվեցի	14
artahaytvel	արտահայտվել	14
artahaytvoq	արտահայտվող	29
artahaytvum	արտահայտվում	14
artak	արտակ	49
artakaqti	արտագաղթի	14
artakark	արտակարգ	14
artakin	արտաքին	71
artakin	արտաքինը	29
artakine	արտաքինը	29
artakini	արտաքինի	34
artakinov	արտաքինով	14
artakinu	արտաքինը	29
artakinumt	արտաքինումդ	23
artakiny	արտաքինը	29
artaknapes	արտաքնապես	23
artan	արտան	14
artaperum	արտաբերում	44
artar	արդար	38
artaracnelu	արդարացնելու	14
artaracnum	արդարացնում	14
artaracum	արդարացում	23
artaracum	արդարացումը	14
artaracume	արդարացումը	14
artaracumu	արդարացումը	14
artaracumy	արդարացումը	14
artaracvac	արդարացված	23
artaranum	արդարանում	14
artaroc	արտառոց	14
artarutyan	արդարության	23
artasanum	արտասանում	14
artatrank	արտադրանք	44
artatrank	արտադրանքը	34
artatranke	արտադրանքը	34
artatranku	արտադրանքը	34
artatranky	արտադրանքը	34
artatroq	արտադրող	14
artatrum	արտադրում	34
artatrum	արտադրումը	34
artatrume	արտադրումը	34
artatrumu	արտադրումը	34
artatrumy	արտադրումը	34
artatrutyan	արտադրության	34
artatrutyun	արտադրությունը	23
artatrutyun	արտադրություն	14
artatrutyune	արտադրությունը	23
artatrutyunu	արտադրությունը	23
artatrutyuny	արտադրությունը	23
artatrvac	արտադրված	23
artatrvoq	արտադրվող	14
artatrvum	արտադրվում	63
artawes	արտաշես	23
artaynacnoq	արդայնացնող	14
arten	արդեն	204
arterkir	արտերկիր	23
arterkric	արտերկրից	34
arterkrum	արտերկրում	34
arti	արդի	14
artin	արթին	23
artist	արտիստ	44
artist	արտիստը	14
artiste	արտիստը	14
artisti	արտիստի	23
artistin	արտիստին	14
artistizmi	արտիստիզմի	14
artistn	արտիստն	14
artistner	արտիստներ	44
artistner	արտիստները	14
artistnere	արտիստները	14
artistneri	արտիստների	49
artistneric	արտիստներից	23
artistnerin	արտիստներին	34
artistnern	արտիստներն	42
artistneru	արտիստները	14
artistnery	արտիստները	14
artistu	արտիստը	14
artisty	արտիստը	14
artiv	առթիվ	14
artnaca	արթնացա	14
artnacel	արթնացել	14
artnanan	արթնանան	38
artnanum	արթնանում	174
artun	արթուն	42
artur	արթուր	38
artur	արթուրը	29
arture	արթուրը	29
arturi	արթուրի	14
arturin	արթուրին	38
arturu	արթուրը	29
artury	արթուրը	29
artyakan	արդիական	14
artyok	արդյոք	184
artyom	արտյոմը	44
artyom	արտյոմ	14
artyome	արտյոմը	44
artyomi	արտյոմի	14
artyomu	արտյոմը	44
artyomy	արտյոմը	44
artyunavet	արդյունավետ	172
artyunavetutyun	արդյունավետությունը	14
artyunavetutyune	արդյունավետությունը	14
artyunavetutyunu	արդյունավետությունը	14
artyunavetutyuny	արդյունավետությունը	14
artyunk	արդյունքը	164
artyunk	արդյունք	72
artyunke	արդյունքը	164
artyunki	արդյունքի	29
artyunkic	արդյունքից	38
artyunkn	արդյունքն	23
artyunkner	արդյունքներ	34
artyunkner	արդյունքները	23
artyunknere	արդյունքները	23
artyunknerov	արդյունքներով	14
artyunkneru	արդյունքները	23
artyunknery	արդյունքները	23
artyunku	արդյունքը	164
artyunkum	արդյունքում	49
artyunky	արդյունքը	164
arum	առում	14
arum	արում	14
arumayum	առումայում	29
arumnerov	առումներով	23
arumov	առումով	168
arvac	արված	57
arvamol	արվամոլ	42
arvamolner	արվամոլները	38
arvamolnere	արվամոլները	38
arvamolneru	արվամոլները	38
arvamolnery	արվամոլները	38
arvel	արվել	49
arvelu	արվելու	38
arvest	արվեստ	174
arvest	արվեստը	168
arvestaket	արվեստագետ	14
arvestaketi	արվեստագետի	14
arvestaketner	արվեստագետներ	14
arvestaketner	արվեստագետները	14
arvestaketnere	արվեստագետները	14
arvestaketneri	արվեստագետների	14
arvestaketneru	արվեստագետները	14
arvestaketnery	արվեստագետները	14
arveste	արվեստը	168
arvesti	արվեստի	178
arvestn	արվեստն	14
arvestov	արվեստով	14
arvestu	արվեստը	168
arvestum	արվեստում	14
arvesty	արվեստը	168
arvi	արվի	29
arvum	արվում	58
arwakyan	արշակյան	14
aryac	արյաց	14
aryan	արյան	29
aryan	արիան	14
aryuc	առյուծ	38
aryun	արյուն	42
aryun	արյունը	23
aryune	արյունը	23
aryunu	արյունը	23
aryuny	արյունը	23
as	աս	58
asa	ասա	180
asac	ասած	180
asac	ասաց	176
asac	ասածը	29
asace	ասածը	29
asaci	ասացի	164
asaci	ասածի	34
asacik	ասացիք	34
asacin	ասացին	34
asacir	ասացիր	49
asacs	ասածս	23
asacu	ասածը	29
asacy	ասածը	29
ase	ասե	14
asec	ասեց	96
aseci	ասեցի	82
asecik	ասեցիք	49
asecin	ասեցին	61
asecink	ասեցինք	34
asecir	ասեցիր	29
asei	ասեի	65
aseir	ասեիր	14
asek	ասեք	49
asel	ասել	186
asel	ասելը	14
asele	ասելը	14
aselik	ասելիքը	29
aselik	ասելիք	14
aselike	ասելիքը	29
aseliku	ասելիքը	29
aseliky	ասելիքը	29
aselov	ասելով	38
aselu	ասելու	164
aselu	ասելը	14
asely	ասելը	14
asem	ասեմ	168
asen	ասեն	38
asenk	ասենք	80
aseq	ասեղ	44
aseqayin	ասեղային	14
aser	ասեր	42
ases	ասես	162
asi	ասի	86
asocacnum	ասոցացնում	14
asocacrecir	ասոցացրեցիր	14
asocacvum	ասոցացվում	14
asocyacyayi	ասոցիացիայի	14
asocyacyayin	ասոցիացիային	14
asoq	ասող	14
asparezi	ասպարեզի	23
asparezum	ասպարեզում	38
aspekt	ասպեկտը	23
aspekte	ասպեկտը	23
aspektneric	ասպեկտներից	23
aspektu	ասպեկտը	23
aspekty	ասպեկտը	23
aspet	ասպետ	14
ass	ասս	14
astco	աստծո	170
astcu	աստծու	29
astcuc	աստծուց	38
astcun	աստծուն	29
asteqayin	աստեղային	14
astijan	աստիճանը	42
astijan	աստիճան	23
astijanapar	աստիճանաբար	29
astijane	աստիճանը	42
astijani	աստիճանի	29
astijanic	աստիճանից	23
astijann	աստիճանն	14
astijanneri	աստիճանների	29
astijanu	աստիճանը	42
astijany	աստիճանը	42
astq	աստղը	44
astqayin	աստղային	14
astqe	աստղը	44
astqer	աստղերը	44
astqer	աստղեր	42
astqere	աստղերը	44
astqeri	աստղերի	38
astqeru	աստղերը	44
astqery	աստղերը	44
astqi	աստղի	14
astqikner	աստղիկները	14
astqiknere	աստղիկները	14
astqikneru	աստղիկները	14
astqiknery	աստղիկները	14
astqu	աստղը	44
astqy	աստղը	44
astvac	աստված	170
astvacacin	աստվածածին	23
astvacacni	աստվածածնի	14
astvacawnjic	աստվածաշնչից	14
astvacayin	աստվածային	14
astvacn	աստվածն	14
astvacner	աստվածներ	38
asum	ասում	202
asvac	ասվածը	47
asvac	ասված	44
asvace	ասվածը	47
asvacn	ասվածն	14
asvacu	ասվածը	47
asvacy	ասվածը	47
asvi	ասվի	14
asvum	ասվում	34
at	ադ	23
atam	ատամ	14
atamanti	ադամանդի	44
atamantner	ադամանդները	42
atamantner	ադամանդներ	14
atamantnere	ադամանդները	42
atamantneru	ադամանդները	42
atamantnery	ադամանդները	42
atamn	ատամն	14
atamnakareri	ատամնաքարերի	23
atamnapuj	ատամնաբուժը	29
atamnapuj	ատամնաբուժ	14
atamnapujaranner	ատամնաբուժարանները	23
atamnapujarannere	ատամնաբուժարանները	23
atamnapujaranneru	ատամնաբուժարանները	23
atamnapujarannery	ատամնաբուժարանները	23
atamnapuje	ատամնաբուժը	29
atamnapujner	ատամնաբուժները	23
atamnapujnere	ատամնաբուժները	23
atamnapujneru	ատամնաբուժները	23
atamnapujnery	ատամնաբուժները	23
atamnapuju	ատամնաբուժը	29
atamnapujy	ատամնաբուժը	29
atamnawar	ատամնաշար	23
atamnawari	ատամնաշարի	44
atamner	ատամները	61
atamner	ատամներ	29
atamnere	ատամները	61
atamneri	ատամների	55
atamnerov	ատամներով	29
atamneru	ատամները	61
atamnery	ատամները	61
ataptacvel	ադապտացվել	23
ataptanalu	ադապտանալու	23
ataptanum	ադապտանում	34
atekvat	ադեկվատ	29
atelutyan	ատելության	23
atelutyun	ատելությունը	23
atelutyune	ատելությունը	23
atelutyunu	ատելությունը	23
atelutyuny	ատելությունը	23
atizm	աթիզմ	29
atizmi	աթիզմի	14
atizmov	աթիզմով	47
atment	աթմենտ	14
ator	աթոռը	29
atore	աթոռը	29
atori	աթոռի	14
atorner	աթոռներ	23
atorner	աթոռները	23
atornere	աթոռները	23
atorneru	աթոռները	23
atornery	աթոռները	23
atoru	աթոռը	29
atory	աթոռը	29
atrakcionner	ատրակցիոններ	23
atravmatik	ատրավմատիկ	23
atrpejan	ադրբեջանը	23
atrpejanakan	ադրբեջանական	14
atrpejanci	ադրբեջանցի	38
atrpejanciner	ադրբեջանցիները	14
atrpejancinere	ադրբեջանցիները	14
atrpejancineri	ադրբեջանցիների	14
atrpejancineru	ադրբեջանցիները	14
atrpejancinery	ադրբեջանցիները	14
atrpejane	ադրբեջանը	23
atrpejanu	ադրբեջանը	23
atrpejanum	ադրբեջանում	14
atrpejany	ադրբեջանը	23
atum	ատում	14
aurayi	աուռայի	57
aurayi	աուրայի	34
aut	աութ	14
autizm	աուտիզմը	23
autizm	աուտիզմ	14
autizme	աուտիզմը	23
autizmi	աուտիզմի	23
autizmu	աուտիզմը	23
autizmy	աուտիզմը	23
av	ավ	14
avak	ավագ	51
avakyan	ավաքյան	29
avakyann	ավաքյանն	14
avant	ավանդ	14
avantakan	ավանդական	170
avantakan	ավանդականը	14
avantakane	ավանդականը	14
avantakanu	ավանդականը	14
avantakany	ավանդականը	14
avanti	ավանդի	23
avantuyt	ավանդույթ	23
avantuyt	ավանդույթը	14
avantuyte	ավանդույթը	14
avantuytner	ավանդույթները	49
avantuytner	ավանդույթներ	14
avantuytnere	ավանդույթները	49
avantuytneri	ավանդույթների	14
avantuytnerov	ավանդույթներով	34
avantuytneru	ավանդույթները	49
avantuytnery	ավանդույթները	49
avantuytu	ավանդույթը	14
avantuyty	ավանդույթը	14
avart	ավարտ	14
avarteci	ավարտեցի	14
avartel	ավարտել	170
avartelu	ավարտելու	23
avarteluc	ավարտելուց	23
avartem	ավարտեմ	23
avartenk	ավարտենք	14
avarti	ավարտի	14
avartic	ավարտից	14
avartin	ավարտին	14
avartum	ավարտում	29
avartvac	ավարտված	38
avartvec	ավարտվեց	29
avartvel	ավարտվել	34
avartvelu	ավարտվելու	14
avartvum	ավարտվում	23
avazani	ավազանի	14
avazi	ավազի	14
avel	ավել	67
avelacel	ավելացել	47
avelacnel	ավելացնել	168
avelacnelu	ավելացնելու	14
avelacnem	ավելացնեմ	29
avelacnenk	ավելացնենք	14
avelacnum	ավելացնում	170
avelacrel	ավելացրել	42
avelanum	ավելանում	14
aveli	ավելի	216
avelin	ավելին	168
avelort	ավելորդ	63
aveluk	ավելուկ	14
avet	ավետը	14
avete	ավետը	14
aveti	ավետի	14
avetis	ավետիսը	14
avetise	ավետիսը	14
avetisu	ավետիսը	14
avetisy	ավետիսը	14
avetisyan	ավետիսյան	29
avetu	ավետը	14
avety	ավետը	14
avirvac	ավիրված	14
avokatoyi	ավոկադոյի	23
avorum	ավորում	14
avstralyayic	ավստրալիայից	14
avstralyayum	ավստրալիայում	14
avto	ավտո	14
avtomat	ավտոմատ	14
avtomati	ավտոմատի	14
avtomekena	ավտոմեքենա	14
avtopatahari	ավտոպատահարի	34
avtopataharneri	ավտոպատահարների	14
avtopus	ավտոբուսը	166
avtopuse	ավտոբուսը	166
avtopusi	ավտոբուսի	14
avtopusu	ավտոբուսը	166
avtopusy	ավտոբուսը	166
avtoritet	ավտորիտետ	44
avtoyi	ավտոյի	14
avwar	ավշար	34
awnanayin	աշնանային	23
awot	աշոտը	14
awote	աշոտը	14
awotu	աշոտը	14
awoty	աշոտը	14
awun	աշուն	14
awun	աշունը	14
awune	աշունը	14
awunu	աշունը	14
awuny	աշունը	14
awxarh	աշխարհը	174
awxarh	աշխարհ	168
awxarhakrutyun	աշխարհագրությունը	14
awxarhakrutyune	աշխարհագրությունը	14
awxarhakrutyunu	աշխարհագրությունը	14
awxarhakrutyuny	աշխարհագրությունը	14
awxarhe	աշխարհը	174
awxarhi	աշխարհի	170
awxarhic	աշխարհից	14
awxarhin	աշխարհին	29
awxarhn	աշխարհն	23
awxarhov	աշխարհով	29
awxarhu	աշխարհը	174
awxarhum	աշխարհում	172
awxarhy	աշխարհը	174
awxatac	աշխատածը	29
awxatac	աշխատած	14
awxatace	աշխատածը	29
awxatacu	աշխատածը	29
awxatacy	աշխատածը	29
awxatakazmi	աշխատակազմի	38
awxatakazmov	աշխատակազմով	14
awxatakcin	աշխատակցինը	29
awxatakcine	աշխատակցինը	29
awxatakcinu	աշխատակցինը	29
awxatakciny	աշխատակցինը	29
awxatakic	աշխատակից	44
awxatakicner	աշխատակիցները	53
awxatakicner	աշխատակիցներ	38
awxatakicnere	աշխատակիցները	53
awxatakicneri	աշխատակիցների	57
awxatakicnern	աշխատակիցներն	42
awxatakicnerov	աշխատակիցներով	23
awxatakicneru	աշխատակիցները	53
awxatakicnery	աշխատակիցները	53
awxatank	աշխատանքը	190
awxatank	աշխատանք	184
awxatankayin	աշխատանքային	176
awxatanke	աշխատանքը	190
awxatanki	աշխատանքի	188
awxatankic	աշխատանքից	180
awxatankin	աշխատանքին	14
awxatankn	աշխատանքն	168
awxatankner	աշխատանքները	172
awxatankner	աշխատանքներ	38
awxatanknere	աշխատանքները	172
awxatankneri	աշխատանքների	14
awxatankneric	աշխատանքներից	29
awxatanknerin	աշխատանքներին	38
awxatankneru	աշխատանքները	172
awxatanknery	աշխատանքները	172
awxatankov	աշխատանքով	168
awxatankt	աշխատանքդ	162
awxatanku	աշխատանքը	190
awxatankum	աշխատանքում	170
awxatanky	աշխատանքը	190
awxataser	աշխատասեր	23
awxatatar	աշխատատար	23
awxatavarc	աշխատավարձ	29
awxatavarc	աշխատավարձը	14
awxatavarce	աշխատավարձը	14
awxatavarcu	աշխատավարձը	14
awxatavarcy	աշխատավարձը	14
awxatavayr	աշխատավայր	14
awxateci	աշխատեցի	44
awxatecink	աշխատեցինք	14
awxatel	աշխատել	178
awxatel	աշխատելը	14
awxatele	աշխատելը	14
awxatelov	աշխատելով	29
awxatelu	աշխատելու	58
awxatelu	աշխատելը	14
awxateluc	աշխատելուց	14
awxately	աշխատելը	14
awxatem	աշխատեմ	49
awxaten	աշխատեն	14
awxatenk	աշխատենք	44
awxates	աշխատես	34
awxati	աշխատի	34
awxatoq	աշխատող	44
awxatoqn	աշխատողն	23
awxatoqneri	աշխատողների	47
awxatum	աշխատում	190
awxuj	աշխուժ	23
ax	ախ	180
axorjeli	ախորժելի	29
axper	ախպեր	23
axpern	ախպերն	14
axpors	ախպորս	42
axr	ախր	178
axtorowij	ախտորոշիչ	47
axtorowum	ախտորոշումը	47
axtorowum	ախտորոշում	42
axtorowume	ախտորոշումը	47
axtorowumu	ախտորոշումը	47
axtorowumy	ախտորոշումը	47
ay	այ	170
ayc	այց	67
aycek	այցեք	29
aycelek	այցելեք	61
aycelel	այցելել	170
ayceleln	այցելելն	14
aycelelov	այցելելով	67
aycelelu	այցելելու	29
aycelov	այցելով	23
aycelui	այցելուի	38
aycelum	այցելում	49
ayceluner	այցելուներ	38
aycelutyan	այցելության	42
aycelutyun	այցելություն	44
aycelutyunneric	այցելություններից	29
aycer	այցեր	14
aycer	այցերը	14
aycere	այցերը	14
ayceru	այցերը	14
aycery	այցերը	14
ayci	այցի	55
ayci	այծի	14
aycov	այցով	44
ayjm	այժմ	170
ayki	այգի	14
aykin	այգին	14
aykiner	այգիներ	34
aykineri	այգիների	14
aykum	այգում	166
ayl	այլ	194
aylantak	այլանդակ	14
aylantakum	այլանդակում	14
aylazki	այլազգի	42
aylentrankner	այլընտրանքներ	14
aylev	այլեւ	168
aylevs	այլեւս	166
ayln	այլն	110
aylntrankner	այլընտրանքներ	14
ayloc	այլոց	29
ayluntrankner	այլընտրանքներ	14
aylyntrankner	այլընտրանքներ	14
ayn	այն	208
ayninj	այնինչ	14
aynkan	այնքան	194
aynkani	այնքանի	29
aynkanov	այնքանով	59
aynpenc	այնպենց	53
aynpens	այնպենս	47
aynpensi	այնպենսի	23
aynpes	այնպես	180
aynpisi	այնպիսի	164
aynpisin	այնպիսին	63
aynps	այնպս	23
aynteq	այնտեղ	192
aynteqi	այնտեղի	29
aynteqic	այնտեղից	38
aynteqn	այնտեղն	23
aynuamenayniv	այնուամենայնիվ	57
aynuhetev	այնուհետեւ	14
ayo	այո	210
aypupen	այբուբեն	14
ays	այս	214
aysinj	այսինչ	51
aysinkn	այսինքն	170
ayskan	այսքան	176
ayskan	այսքանը	47
ayskane	այսքանը	47
ayskanic	այսքանից	14
ayskann	այսքանն	14
ayskanu	այսքանը	47
ayskany	այսքանը	47
aysor	այսօր	200
aysorva	այսօրվա	180
ayspens	այսպենս	55
ayspensi	այսպենսի	29
ayspes	այսպես	176
ayspisi	այսպիսի	172
ayspisin	այսպիսին	51
ayspisov	այսպիսով	42
aysteq	այստեղ	190
aysteqi	այստեղի	29
aysteqic	այստեղից	68
aysuhet	այսուհետ	53
aysuhetev	այսուհետեւ	14
ayt	այդ	214
aytkan	այդքան	196
aytkan	այդքանը	29
aytkane	այդքանը	29
aytkanic	այդքանից	34
aytkanu	այդքանը	29
aytkany	այդքանը	29
aytpens	այդպենս	93
aytpensi	այդպենսի	49
aytpes	այդպես	204
aytpisi	այդպիսի	180
aytpisik	այդպիսիք	38
aytpisin	այդպիսին	55
aytpisov	այդպիսով	14
aytps	այդպս	14
aytteq	այդտեղ	51
aytteqic	այդտեղից	44
aytucner	այտուցները	23
aytucnere	այտուցները	23
aytucneru	այտուցները	23
aytucnery	այտուցները	23
ayvi	այվի	14
azat	ազատ	182
azatelu	ազատելու	38
azatic	ազատից	23
azatutyan	ազատության	23
azatutyun	ազատությունը	29
azatutyun	ազատություն	23
azatutyune	ազատությունը	29
azatutyunu	ազատությունը	29
azatutyuny	ազատությունը	29
azatvac	ազատված	34
azatvel	ազատվել	58
azatvelu	ազատվելու	42
azatveluc	ազատվելուց	14
azatven	ազատվեն	49
azatvum	ազատվում	29
azizyanneri	ազիզյանների	14
azk	ազգ	42
azk	ազգը	23
azkacmamp	ազգացմամբ	44
azkacumov	ազգացումով	14
azkakrakan	ազգագրական	29
azkakrutyan	ազգագրության	14
azkanun	ազգանունը	38
azkanune	ազգանունը	38
azkanuni	ազգանունի	23
azkanunn	ազգանունն	14
azkanunu	ազգանունը	38
azkanuny	ազգանունը	38
azkapnakjutyan	ազգաբնակչության	34
azkayin	ազգային	65
azke	ազգը	23
azker	ազգեր	23
azkeri	ազգերի	14
azki	ազգի	63
azkovi	ազգովի	14
azku	ազգը	23
azkutyamp	ազգությամբ	42
azky	ազգը	23
azniv	ազնիվ	164
aznvakan	ազնվական	29
aznvoren	ազնվորեն	23
aznvutyamp	ազնվությամբ	23
aznvutyunn	ազնվությունն	14
aztak	ազդակ	14
aztanwan	ազդանշան	14
aztecik	ազդեցիկ	14
aztecutyan	ազդեցության	34
aztecutyun	ազդեցություն	160
aztecutyun	ազդեցությունը	44
aztecutyune	ազդեցությունը	44
aztecutyunneri	ազդեցությունների	14
aztecutyunneric	ազդեցություններից	14
aztecutyunu	ազդեցությունը	44
aztecutyuny	ազդեցությունը	44
aztel	ազդել	23
aztum	ազդում	164
aztvac	ազդված	14
aztvum	ազդվում	14
cac	ցած	23
cacr	ցածր	53
cakerum	ծագերում	14
cakotineri	ծակոտիների	14
cakotineric	ծակոտիներից	29
cakum	ծագում	14
cali	ծալի	14
camakum	ցամաքում	23
cancerum	ցանցերում	14
cancum	ցանցում	29
caneluc	ցանելուց	14
cankacac	ցանկացած	174
cankacel	ցանկացել	49
cankali	ցանկալի	51
cankana	ցանկանա	34
cankanaln	ցանկանալն	14
cankanum	ցանկանում	174
cankapat	ցանկապատը	14
cankapate	ցանկապատը	14
cankapatman	ցանկապատման	29
cankapatner	ցանկապատները	29
cankapatnere	ցանկապատները	29
cankapatneru	ցանկապատները	29
cankapatnery	ցանկապատները	29
cankapatoq	ցանկապատող	29
cankapatu	ցանկապատը	14
cankapaty	ցանկապատը	14
canki	ցանկի	23
cankutyamp	ցանկությամբ	23
cankutyan	ցանկության	44
cankutyun	ցանկություն	42
cankutyun	ցանկությունը	34
cankutyune	ցանկությունը	34
cankutyunn	ցանկությունն	14
cankutyunner	ցանկությունները	14
cankutyunnere	ցանկությունները	14
cankutyunneru	ցանկությունները	14
cankutyunnery	ցանկությունները	14
cankutyunu	ցանկությունը	34
cankutyuny	ցանկությունը	34
canot	ծանոթ	162
canotaca	ծանոթացա	14
canotacank	ծանոթացանք	23
canotacek	ծանոթացեք	38
canotacel	ծանոթացել	34
canotanal	ծանոթանալ	38
canotanalu	ծանոթանալու	14
canotanam	ծանոթանամ	14
canotanum	ծանոթանում	44
canr	ծանր	176
canrakwir	ծանրակշիռ	34
canrapernvac	ծանրաբեռնված	160
canucel	ծանուցել	14
canum	ցանում	23
capaharum	ծափահարում	42
capoq	ծափող	14
caqikner	ծաղիկները	58
caqikner	ծաղիկներ	42
caqiknere	ծաղիկները	58
caqikneri	ծաղիկների	68
caqikneric	ծաղիկներից	44
caqiknern	ծաղիկներն	23
caqiknerov	ծաղիկներով	34
caqikneru	ծաղիկները	58
caqiknery	ծաղիկները	58
caqkayin	ծաղկային	53
caqke	ծաղկե	71
caqkepnjer	ծաղկեփնջեր	29
caqkepnjeri	ծաղկեփնջերի	23
caqkepnjov	ծաղկեփնջով	29
caqkepunj	ծաղկեփունջը	42
caqkepunj	ծաղկեփունջ	23
caqkepunje	ծաղկեփունջը	42
caqkepunjer	ծաղկեփունջերը	38
caqkepunjer	ծաղկեփունջեր	34
caqkepunjere	ծաղկեփունջերը	38
caqkepunjeru	ծաղկեփունջերը	38
caqkepunjery	ծաղկեփունջերը	38
caqkepunju	ծաղկեփունջը	42
caqkepunjy	ծաղկեփունջը	42
caqki	ծաղկի	63
caqkum	ծաղկում	14
caqri	ծաղրի	14
caqrum	ծաղրում	14
car	ծառ	14
car	ծառը	14
cara	ծառա	14
carayel	ծառայել	61
carayelu	ծառայելու	29
carayi	ծառայի	23
carayum	ծառայում	51
carayutyan	ծառայության	62
carayutyun	ծառայություն	62
carayutyun	ծառայությունը	34
carayutyune	ծառայությունը	34
carayutyunn	ծառայությունն	23
carayutyunner	ծառայություններ	55
carayutyunner	ծառայությունները	34
carayutyunnere	ծառայությունները	34
carayutyunneri	ծառայությունների	14
carayutyunneric	ծառայություններից	23
carayutyunneru	ծառայությունները	34
carayutyunnery	ծառայությունները	34
carayutyunu	ծառայությունը	34
carayutyuny	ծառայությունը	34
care	ծառը	14
careri	ծառերի	14
cari	ծառի	23
carki	ծարքի	44
carn	ծառն	14
caru	ծառը	14
cary	ծառը	14
catkel	ցատկել	23
cav	ցավ	53
cav	ցավը	49
cavacrel	ցավացրել	14
cavakcutyun	ցավակցություն	14
cavalel	ծավալել	38
cavali	ցավալի	42
cavali	ծավալի	38
cavalin	ցավալին	23
cavalov	ծավալով	38
cavalum	ծավալում	23
cavar	ձավար	14
cavazkman	ցավազկման	29
cavazrkelu	ցավազրկելու	23
cavazrkumov	ցավազրկումով	38
cavazrkvum	ցավազրկվում	29
cave	ցավը	49
cavecnum	ցավեցնում	14
caver	ցավերը	47
caver	ցավեր	14
cavere	ցավերը	47
caveru	ցավերը	47
cavery	ցավերը	47
cavi	ցավի	42
cavn	ցավն	14
cavok	ցավոք	162
cavot	ցավոտ	64
cavov	ցավով	55
cavt	ցավդ	23
cavu	ցավը	49
cavum	ցավում	166
cavy	ցավը	49
cax	ձախ	51
caxoqel	ձախողել	14
caxsel	ծախսել	23
caxselu	ծախսելու	14
caxsem	ծախսեմ	14
caxser	ծախսերը	34
caxser	ծախսեր	14
caxsere	ծախսերը	34
caxseric	ծախսերից	14
caxseru	ծախսերը	34
caxsery	ծախսերը	34
caxsum	ծախսում	47
caxum	ծախում	14
caxvac	ծախված	38
cayn	ձայն	47
cayn	ձայնը	23
caynakrel	ձայնագրել	23
caynakrum	ձայնագրում	29
caynakrvel	ձայնագրվել	14
caynakrvum	ձայնագրվում	14
caynayin	ձայնային	23
cayne	ձայնը	23
cayner	ձայներ	14
cayner	ձայները	14
caynere	ձայները	14
cayneric	ձայներից	38
cayneru	ձայները	14
caynery	ձայները	14
cayni	ձայնի	14
caynn	ձայնն	23
caynov	ձայնով	14
cayns	ձայնս	29
caynu	ձայնը	23
cayny	ձայնը	23
cayraheq	ծայրահեղ	29
cayraheqakan	ծայրահեղական	23
cayrahequtyan	ծայրահեղության	14
cayrahequtyunneri	ծայրահեղությունների	14
cayric	ծայրից	23
cayrov	ծայրով	23
caytun	ցայտուն	38
ccac	ծծած	14
cec	ծեծ	29
cecel	ծեծել	38
cecelov	ծեծելով	14
ceci	ծեծի	23
cecum	ծեծում	29
cecvac	ծեծված	14
cel	ցել	14
celyulit	ցելյուլիտը	23
celyulite	ցելյուլիտը	23
celyulitu	ցելյուլիտը	23
celyulity	ցելյուլիտը	23
ceqaspanutyan	ցեղասպանության	23
ceqaspanutyun	ցեղասպանություն	14
cer	ձեր	204
cer	ծեր	160
cer	ձեռ	23
cer	ձեռը	14
cerakicner	ձերակիցները	23
cerakicnere	ձերակիցները	23
cerakicneru	ձերակիցները	23
cerakicnery	ձերակիցները	23
cerakir	ձեռագիր	38
cerakir	ձեռագիրը	29
cerakire	ձեռագիրը	29
cerakirn	ձեռագիրն	14
cerakiru	ձեռագիրը	29
cerakiry	ձեռագիրը	29
cerakrayin	ձեռագրային	34
cerakrov	ձեռագրով	29
cere	ձեռը	14
cerek	ցերեկ	34
cerekayin	ցերեկային	23
cerekner	ցերեկները	34
cereknere	ցերեկները	34
cerekneru	ցերեկները	34
cereknery	ցերեկները	34
cerk	ձեռք	172
cerk	ձեռքը	38
cerke	ձեռքը	38
cerker	ձեռքերը	29
cerkere	ձեռքերը	29
cerkeri	ձեռքերի	42
cerkerov	ձեռքերով	14
cerkeru	ձեռքերը	29
cerkerum	ձեռքերում	14
cerkery	ձեռքերը	29
cerki	ձեռքի	162
cerkic	ձեռքից	14
cerkin	ձեռքին	29
cerkit	ձեռքիդ	29
cerkn	ձեռքն	14
cerkov	ձեռքով	162
cerkperum	ձեռքբերում	14
cerkperum	ձեռքբերումը	14
cerkperume	ձեռքբերումը	14
cerkperumu	ձեռքբերումը	14
cerkperumy	ձեռքբերումը	14
cerkt	ձեռքդ	14
cerku	ձեռքը	38
cerkum	ձեռքում	34
cerky	ձեռքը	38
cern	ձերն	14
cernamux	ձեռնամուխ	14
cerpakalecin	ձերբակալեցին	29
cerpazatvel	ձերբազատվել	42
ceru	ձեռը	14
ceruni	ծերունի	23
cery	ձեռը	14
cesn	ծեսն	29
cet	ձեթ	23
ceti	ձեթի	14
cev	ձեւ	82
cev	ձեւը	29
cevacnum	ձեւացնում	14
cevajap	ձեւաչափ	14
cevajapi	ձեւաչափի	47
cevajapov	ձեւաչափով	14
cevakan	ձեւական	23
cevakerpel	ձեւակերպել	14
cevakerpum	ձեւակերպում	14
cevakerpvac	ձեւակերպված	14
cevavor	ձեւավոր	14
cevavorecin	ձեւավորեցին	14
cevavorel	ձեւավորել	38
cevavormamp	ձեւավորմամբ	23
cevavorman	ձեւավորման	47
cevavorum	ձեւավորումը	47
cevavorum	ձեւավորում	23
cevavorume	ձեւավորումը	47
cevavorumner	ձեւավորումները	49
cevavorumner	ձեւավորումներ	42
cevavorumnere	ձեւավորումները	49
cevavorumneri	ձեւավորումների	29
cevavorumnerov	ձեւավորումներով	14
cevavorumneru	ձեւավորումները	49
cevavorumnery	ձեւավորումները	49
cevavorumu	ձեւավորումը	47
cevavorumy	ձեւավորումը	47
cevavorvac	ձեւավորված	23
cevavorvec	ձեւավորվեց	23
cevavorvecin	ձեւավորվեցին	14
cevavorvel	ձեւավորվել	34
cevavorvi	ձեւավորվի	23
cevavorvum	ձեւավորվում	66
ceve	ձեւը	29
cever	ձեւեր	23
ceverov	ձեւերով	23
cevi	ձեւի	58
cevic	ձեւից	23
cevn	ձեւն	38
cevov	ձեւով	166
cevu	ձեւը	29
cevy	ձեւը	29
cex	ցեխ	14
cexeri	ցեխերի	14
cexi	ցեխի	14
cez	ձեզ	204
cezanic	ձեզանից	38
ceznic	ձեզնից	73
ceznov	ձեզնով	14
cicaq	ծիծաղ	23
cicaqacnum	ծիծաղացնում	14
cicaqalu	ծիծաղալու	23
cicaqel	ծիծաղել	14
cicaqeli	ծիծաղելի	29
cicaqelu	ծիծաղելու	14
cicaqi	ծիծաղի	14
cicaqum	ծիծաղում	174
cier	ձիեր	44
cierov	ձիերով	23
cin	ձին	23
cini	ցինի	34
cinizmi	ցինիզմի	23
cirann	ծիրանն	29
citaptuqi	ձիթապտուղի	14
citayuq	ձիթայուղ	29
citayuqi	ձիթայուղի	14
citron	ծիտրոն	14
citum	ցիտում	14
ciu	ձիու	34
ckan	ձկան	23
ckckvum	ձգձգվում	29
ckel	ձգել	47
ckman	ձգման	38
cknki	ձկնկի	14
ckoq	ձգող	42
cktal	ձգտալ	14
cktel	ձգտել	23
cktenk	ձգտենք	34
ckti	ձգտի	14
cktoq	ձգտող	14
cktum	ձգտում	49
cktum	ձգտումը	14
cktume	ձգտումը	14
cktumu	ձգտումը	14
cktumy	ձգտումը	14
ckum	ձգում	64
ckum	ձգումը	29
ckume	ձգումը	29
ckumu	ձգումը	29
ckumy	ձգումը	29
ckutyun	ձգություն	23
ckvac	ձգված	14
ckvacutyun	ձգվածություն	14
ckvelu	ձգվելու	14
ckvum	ձգվում	34
cmer	ձմեռ	14
cmran	ձմռանը	170
cmrane	ձմռանը	170
cmranu	ձմռանը	170
cmrany	ձմռանը	170
cnc	ցնց	29
cncoq	ցնցող	29
cnntavayr	ծննդավայր	23
cnntic	ծննդից	23
cnntyan	ծննդյան	51
cnoq	ծնող	47
cnoq	ծնողը	29
cnoqe	ծնողը	29
cnoqi	ծնողի	29
cnoqit	ծնողիդ	42
cnoqn	ծնողն	47
cnoqner	ծնողները	55
cnoqner	ծնողներ	23
cnoqnere	ծնողները	55
cnoqneri	ծնողների	64
cnoqneric	ծնողներից	14
cnoqnerin	ծնողներին	34
cnoqneris	ծնողներիս	38
cnoqnerit	ծնողներիդ	23
cnoqnern	ծնողներն	29
cnoqners	ծնողներս	29
cnoqneru	ծնողները	55
cnoqnery	ծնողները	55
cnoqu	ծնողը	29
cnoqy	ծնողը	29
cnot	ծնոտը	47
cnote	ծնոտը	47
cnoti	ծնոտի	55
cnotu	ծնոտը	47
cnoty	ծնոտը	47
cnum	ծնում	44
cnunt	ծնունդը	29
cnunt	ծնունդ	14
cnunte	ծնունդը	29
cnunti	ծնունդի	29
cnuntic	ծնունդից	14
cnuntn	ծնունդն	14
cnuntner	ծնունդները	14
cnuntnere	ծնունդները	14
cnuntneru	ծնունդները	14
cnuntnery	ծնունդները	14
cnunts	ծնունդս	14
cnuntu	ծնունդը	29
cnunty	ծնունդը	29
cnvac	ծնված	29
cnvec	ծնվեց	51
cnvel	ծնվել	69
cnvelov	ծնվելով	14
cnveluc	ծնվելուց	14
cnver	ծնվեր	14
cnvi	ծնվի	49
cnvum	ծնվում	53
cocrakayin	ծոծրակային	34
coqum	ցողում	14
corapi	ձորաբի	14
cori	ձորի	29
corum	ձորում	14
cov	ծով	23
covamterk	ծովամթերք	23
covapnya	ծովափնյա	23
covi	ծովի	23
cptun	ծպտուն	14
crac	ծռած	51
crakir	ծրագիրը	166
crakir	ծրագիր	61
crakire	ծրագիրը	166
crakiru	ծրագիրը	166
crakiry	ծրագիրը	166
crakrer	ծրագրեր	162
crakrer	ծրագրերը	38
crakrere	ծրագրերը	38
crakreri	ծրագրերի	34
crakrern	ծրագրերն	14
crakreru	ծրագրերը	38
crakrery	ծրագրերը	38
crakri	ծրագրի	34
crakrov	ծրագրով	23
cran	ցռան	23
crar	ծրարը	14
crare	ծրարը	14
craru	ծրարը	14
crary	ծրարը	14
crvac	ցրված	14
ctesutyun	ցտեսություն	208
cu	ձու	49
cucahantes	ցուցահանդես	23
cucahantesi	ցուցահանդեսի	14
cucahantesic	ցուցահանդեսից	14
cucakum	ցուցակում	49
cucaperac	ցուցաբերած	14
cucaperel	ցուցաբերել	29
cucaperum	ցուցաբերում	14
cucapervum	ցուցաբերվում	34
cucasrahi	ցուցասրահի	14
cucatrum	ցուցադրում	14
cucatrvel	ցուցադրվել	23
cucatrvum	ցուցադրվում	14
cucumner	ցուցումներ	47
cucumner	ցուցումները	29
cucumnere	ցուցումները	29
cucumneru	ցուցումները	29
cucumnery	ցուցումները	29
cucumov	ցուցումով	42
cuk	ձուկ	166
cuk	ձուկը	14
cuke	ձուկը	14
cuku	ձուկը	14
cuky	ձուկը	14
cum	ցում	14
cun	ձուն	14
cunki	ծունկի	14
cur	ծուռ	23
cur	ծուռը	14
cure	ծուռը	14
curt	ցուրտ	176
curu	ծուռը	14
cury	ծուռը	14
cux	ծուխը	38
cuxe	ծուխը	38
cuxu	ծուխը	38
cuxy	ծուխը	38
cuyc	ցույց	182
cvaceq	ձվածեղ	42
cvaceqic	ձվածեղից	38
cver	ձվերը	44
cvere	ձվերը	44
cveru	ձվերը	44
cvery	ձվերը	44
cvi	ձվի	14
cvov	ձվով	14
cxum	ծխում	14
cyac	ձյաձ	29
cyacn	ձյաձն	23
cyoc	ծյոծ	23
cyun	ձյուն	162
cyun	ձյունը	14
cyune	ձյունը	14
cyunu	ձյունը	14
cyuny	ձյունը	14
e	է	200
e	ը	73
e	ըըը	44
e	ըը	23
e	ե	14
eakan	էական	47
eakin	էակին	14
ee	ըըը	44
ee	ըը	23
efekt	էֆեկտ	51
efektiv	էֆեկտիվ	23
efektner	էֆեկտներ	49
efektneri	էֆեկտների	47
eh	էհ	160
eh	ըհը	44
eh	ըհ	29
ehe	ըհը	44
ehn	ըհն	23
ei	էի	214
eik	էիք	174
ein	էին	200
eink	էինք	198
eir	էիր	188
eirn	էիրն	42
ej	էջ	47
ej	էջը	38
ejan	էժան	160
eje	էջը	38
ejeric	էջերից	29
ejmyacnic	էջմիածնից	14
ejn	էջն	42
eju	էջը	38
ejum	էջում	38
ejy	էջը	38
ek	եք	212
eka	եկա	168
ekac	եկած	51
ekak	եկաք	29
ekamtaper	եկամտաբեր	23
ekamutner	եկամուտներ	38
ekan	եկան	42
ekank	եկանք	38
ekar	եկար	34
ekav	եկավ	178
ekek	եկեք	182
ekel	եկել	186
ekeqec	եկեղեց	14
ekeqecakan	եկեղեցականը	14
ekeqecakane	եկեղեցականը	14
ekeqecakanu	եկեղեցականը	14
ekeqecakany	եկեղեցականը	14
ekeqeci	եկեղեցի	14
ekeqecin	եկեղեցին	62
ekeqeciner	եկեղեցիներ	29
ekeqecu	եկեղեցու	70
ekeqecuc	եկեղեցուց	23
ekeqecum	եկեղեցում	34
ekeqecun	եկեղեցուն	14
ekes	եկես	42
eklektik	էկլեկտիկ	14
eklerner	էկլեռներ	38
eko	էկո	38
ekoist	էգոիստ	29
ekoistapar	էգոիստաբար	14
ekolokyapes	էկոլոգիապես	14
ekonom	էկոնոմ	34
ekoq	եկող	23
ekorozis	էկոռոզիսը	34
ekorozise	էկոռոզիսը	34
ekorozisu	էկոռոզիսը	34
ekorozisy	էկոռոզիսը	34
ekoyi	էգոյի	23
ekrani	էկրանի	23
ekranic	էկրանից	23
ekranin	էկրանին	38
ekranneri	էկրանների	14
ekranneric	էկրաններից	23
ekrannerin	էկրաններին	59
ekskluziv	էքսկլուզիվ	23
eksklyuziv	էքսկլյուզիվ	34
eksperimentner	էքսպերիմենտներ	14
ekstraortinar	էքստրաօրդինար	23
ekstravert	էքստրավերտ	14
ekstremal	էքստրեմալ	23
ekvatoric	էկվադորից	38
ekzasonner	էգզասոններ	23
el	էլ	232
el	ել	14
elastini	էլաստինի	44
elayner	էլայներ	29
elektraenerkyan	էլեկտրաէներգիան	14
elektraenerkyayi	էլեկտրաէներգիայի	14
elektrakan	էլեկտրական	14
elen	էլեն	23
elen	ելեն	14
elen	էլենը	14
elena	ելենա	49
elenan	ելենան	34
elenayi	ելենայի	42
elene	էլենը	14
eleni	էլենի	14
elenu	էլենը	14
eleny	էլենը	14
eli	էլի	188
elini	էլինի	47
elis	էլիս	14
eliz	էլիզը	44
elizayi	էլիզայի	38
elizayin	էլիզային	23
elize	էլիզե	49
elize	էլիզը	44
elizin	էլիզին	14
elizu	էլիզը	44
elizy	էլիզը	44
elk	ելք	34
elkn	ելքն	14
elnelov	ելնելով	55
elo	ելո	14
eluyt	ելույթ	58
eluyt	ելույթը	14
eluyte	ելույթը	14
eluyti	ելույթի	29
eluytic	ելույթից	14
eluytner	ելույթները	29
eluytnere	ելույթները	29
eluytneri	ելույթների	14
eluytneric	ելույթներից	29
eluytneru	ելույթները	29
eluytnery	ելույթները	29
eluytu	ելույթը	14
eluyty	ելույթը	14
elvinayi	էլվինայի	14
em	եմ	238
em	էմ	23
emenic	եմենից	14
emm	էմմ	14
emmayi	էմմայի	14
emocional	էմոցիոնալ	58
emocit	էմոցիդ	14
emocya	էմոցիա	34
emocyan	էմոցիան	29
emocyaner	էմոցիաները	34
emocyaner	էմոցիաներ	14
emocyanere	էմոցիաները	34
emocyaneri	էմոցիաների	44
emocyanern	էմոցիաներն	14
emocyaneru	էմոցիաները	34
emocyanery	էմոցիաները	34
emocyayi	էմոցիայի	23
empelik	ըմպելիք	23
emperikner	ըմբերիքներ	23
empost	ըմբոստ	14
en	են	224
en	էն	160
enerketik	էներգետիկ	14
enerkya	էներգիա	178
enerkyan	էներգիան	164
enerkyayi	էներգիայի	14
enerkyayov	էներգիայով	174
enk	ենք	210
enkac	ընկած	44
enkalel	ընկալել	42
enkalen	ընկալեն	14
enkalmamp	ընկալմամբ	29
enkalman	ընկալման	14
enkalum	ընկալում	57
enkalum	ընկալումը	44
enkalume	ընկալումը	44
enkalumn	ընկալումն	14
enkalvum	ընկալվում	38
enkan	էնքան	44
enkav	ընկավ	160
enkel	ընկել	57
enker	ընկեր	160
enker	ընկերը	29
enkeracel	ընկերացել	57
enkerakan	ընկերական	44
enkeranal	ընկերանալ	14
enkere	ընկերը	29
enkern	ընկերն	65
enkerner	ընկերներ	164
enkerner	ընկերները	42
enkernere	ընկերները	42
enkerneri	ընկերների	168
enkerneric	ընկերներից	14
enkernerics	ընկերներիցս	42
enkernerin	ընկերներին	23
enkerneris	ընկերներիս	180
enkernerit	ընկերներիդ	14
enkernern	ընկերներն	34
enkernerov	ընկերներով	172
enkerners	ընկերներս	34
enkeroj	ընկերոջ	34
enkerojs	ընկերոջս	14
enkers	ընկերս	14
enkeruhi	ընկերուհի	29
enkeruhin	ընկերուհին	14
enkeruhiner	ընկերուհիները	23
enkeruhiner	ընկերուհիներ	14
enkeruhinere	ընկերուհիները	23
enkeruhineri	ընկերուհիների	14
enkeruhu	ընկերուհու	14
enkeruhus	ընկերուհուս	14
enkerutyan	ընկերության	55
enkerutyan	ընկերությանը	14
enkerutyane	ընկերությանը	14
enkerutyun	ընկերությունը	164
enkerutyun	ընկերություն	70
enkerutyune	ընկերությունը	164
enkerutyunn	ընկերությունն	14
enkerutyunner	ընկերություններ	14
enkerutyunner	ընկերությունները	14
enkerutyunnere	ընկերությունները	14
enkerutyunneri	ընկերությունների	44
enkerutyunum	ընկերությունում	14
enkjvac	ընկճված	23
enkjveci	ընկճվեցի	14
enklayftaym	ենքլայֆթայմ	14
enklaytaym	ենքլայթայմ	14
enknel	ընկնել	44
enknelov	ընկնելով	23
enknum	ընկնում	44
enkuyz	ընկույզ	23
enkuyz	ընկույզը	14
enkuyze	ընկույզը	14
enkuyzov	ընկույզով	23
enpes	էնպես	57
enpisi	էնպիսի	14
enpisin	էնպիսին	14
ent	ընդ	65
entack	ընթացքը	42
entack	ընթացք	38
entacke	ընթացքը	42
entacki	ընթացքի	34
entackin	ընթացքին	14
entackn	ընթացքն	23
entackum	ընթացքում	182
entaka	ենթակա	23
entakitakcutyan	ենթագիտակցության	14
entakitakcutyans	ենթագիտակցությանս	14
entamawkayin	ենթամաշկային	29
entamen	ընդամենը	168
entamene	ընդամենը	168
entamwakuyt	ենթամշակույթ	14
entanekan	ընտանեկան	174
entanik	ընտանիքը	168
entanik	ընտանիք	162
entanike	ընտանիքը	168
entaniki	ընտանիքի	176
entanikic	ընտանիքից	14
entanikin	ընտանիքին	160
entanikis	ընտանիքիս	168
entanikit	ընտանիքիդ	14
entanikn	ընտանիքն	38
entanikner	ընտանիքները	23
entanikner	ընտանիքներ	14
entaniknere	ընտանիքները	23
entanikneri	ընտանիքների	23
entaniknerin	ընտանիքներին	14
entaniknern	ընտանիքներն	14
entaniknerum	ընտանիքներում	23
entanikov	ընտանիքով	172
entaniks	ընտանիքս	38
entanikt	ընտանիքդ	14
entanikum	ընտանիքում	162
entanum	ընթանում	164
entarcak	ընդարձակ	29
entarkeink	ենթարկեինք	14
entarkel	ենթարկել	34
entarkelu	ենթարկելու	14
entarki	ենթարկի	29
entarkum	ենթարկում	14
entarkvel	ենթարկվել	49
entatr	ենթադր	23
entatrel	ենթադրել	29
entatrenk	ենթադրենք	44
entatrum	ենթադրում	79
entatrvum	ենթադրվում	23
entcerum	ընդձեռում	14
entemik	էնդեմիկ	34
enteq	էնտեղ	14
enteq	ընդեղ	14
enteqic	էնտեղից	14
entercum	ընթերցում	14
enthakarak	ընդհակառակը	14
enthakarake	ընդհակառակը	14
enthanrapes	ընդհանրապես	164
enthanur	ընդհանուր	172
enthatum	ընդհատում	14
enthup	ընդհուպ	14
entimet	էնտիմետը	29
entimet	էնտիմետ	14
entimete	էնտիմետը	29
entimeti	էնտիմետի	14
entimetu	էնտիմետը	29
entimety	էնտիմետը	29
entimutyan	ընդիմության	23
entir	ընտիր	38
entkcel	ընդգծել	57
entkcelu	ընդգծելու	23
entkcum	ընդգծում	53
entkcvac	ընդգծված	14
entkcvum	ընդգծվում	23
entkrkum	ընդգրկում	29
entkrkun	ընդգրկուն	23
entkrkvac	ընդգրկված	23
entkrkvel	ընդգրկվել	23
entlaynel	ընդլայնել	23
entlaynvac	ընդլայնված	14
entlaynvel	ընդլայնվել	29
entlaynvelov	ընդլայնվելով	23
entlaynvelu	ընդլայնվելու	29
entmijenk	ընդմիջենք	14
entmijumic	ընդմիջումից	14
entmijumneri	ընդմիջումների	14
entrac	ընտրած	42
entrani	ընտրանի	29
entranin	ընտրանին	57
entrec	ընտրեց	34
entreci	ընտրեցի	49
entrecin	ընտրեցին	14
entrecir	ընտրեցիր	14
entrei	ընտրեի	29
entrel	ընտրել	170
entreln	ընտրելն	14
entrelu	ընտրելու	47
entrem	ընտրեմ	160
entren	ընտրեն	47
entrik	ընտրիքը	23
entrike	ընտրիքը	23
entrikin	ընթրիքին	23
entrum	ընտրում	74
entrutyan	ընտրության	34
entrutyun	ընտրություն	174
entrutyun	ընտրությունը	55
entrutyune	ընտրությունը	55
entrutyunn	ընտրությունն	42
entrutyunneric	ընտրություններից	14
entrvac	ընտրված	29
entrvel	ընտրվել	42
entrvum	ընտրվում	14
enttimatir	ընդդիմադիր	14
enttimutyun	ընդդիմություն	14
entuneci	ընդունեցի	14
entunecin	ընդունեցին	14
entunecir	ընդունեցիր	29
entunel	ընդունել	61
entuneli	ընդունելի	14
entunelov	ընդունելով	29
entunelu	ընդունելու	14
entuneluc	ընդունելուց	14
entunelutyan	ընդունելության	14
entunem	ընդունեմ	14
entunen	ընդունեն	14
entunenk	ընդունենք	29
entunes	ընդունես	14
entuni	ընդունի	34
entunman	ընդունման	14
entunum	ընդունում	73
entunvac	ընդունված	42
entunveci	ընդունվեցի	29
entunvei	ընդունվեի	38
entunvel	ընդունվել	38
entunvelu	ընդունվելու	14
entunvem	ընդունվեմ	34
entunver	ընդունվեր	14
entunvum	ընդունվում	23
entyak	էնդիակ	44
epac	եփած	14
epel	եփել	29
epeluc	եփելուց	14
epitermis	էպիդերմիսը	14
epitermise	էպիդերմիսը	14
epitermisu	էպիդերմիսը	14
epitermisy	էպիդերմիսը	14
epizotov	էպիզոդով	23
epum	եփում	38
epvac	եփված	14
epvel	եփվել	14
epvelu	եփվելու	14
epvi	եփվի	14
epvum	եփվում	23
eqac	եղած	63
eqaci	եղածի	23
eqan	եղան	44
eqanak	եղանակը	180
eqanak	եղանակ	166
eqanake	եղանակը	180
eqanaki	եղանակի	166
eqanakic	եղանակից	29
eqanakin	եղանակին	166
eqanakn	եղանակն	14
eqanaku	եղանակը	180
eqanaky	եղանակը	180
eqar	եղար	44
eqav	եղավ	164
eqek	եղեք	172
eqel	եղել	190
eqen	եղենը	44
eqene	եղենը	44
eqenu	եղենը	44
eqeny	եղենը	44
eqerni	եղեռնի	14
eqi	եղի	160
eqir	եղիր	194
eqpayr	եղբայր	57
eqpayr	եղբայրը	44
eqpayre	եղբայրը	44
eqpayrn	եղբայրն	23
eqpayrneri	եղբայրների	14
eqpayrneris	եղբայրներիս	23
eqpayrnerit	եղբայրներիդ	14
eqpayrs	եղբայրս	160
eqpayrt	եղբայրդ	29
eqpayru	եղբայրը	44
eqpayry	եղբայրը	44
eqpor	եղբոր	29
eqpors	եղբորս	44
eqport	եղբորդ	42
equnk	եղունգը	38
equnke	եղունգը	38
equnkneri	եղունգների	29
equnku	եղունգը	38
equnky	եղունգը	38
er	էր	220
eracoq	եռացող	23
erajiwt	երաժիշտ	23
erajiwtner	երաժիշտները	42
erajiwtner	երաժիշտներ	29
erajiwtnere	երաժիշտները	42
erajiwtneri	երաժիշտների	23
erajiwtneru	երաժիշտները	42
erajiwtnery	երաժիշտները	42
erajwtakan	երաժշտական	29
erajwti	երաժշտի	14
erajwtutyamp	երաժշտությամբ	14
erajwtutyan	երաժշտության	23
erajwtutyun	երաժշտություն	166
erajwtutyun	երաժշտությունը	42
erajwtutyune	երաժշտությունը	42
erajwtutyunn	երաժշտությունն	14
erajwtutyunu	երաժշտությունը	42
erajwtutyuny	երաժշտությունը	42
erani	երանի	23
erank	երանգ	14
erank	երանգը	14
eranke	երանգը	14
eranki	երանգի	14
erankner	երանգները	14
eranknere	երանգները	14
erankneri	երանգների	14
erankneru	երանգները	14
eranknery	երանգները	14
eranku	երանգը	14
eranky	երանգը	14
erankyuni	եռանկյունի	23
erant	եռանդ	14
eranuhi	երանուհի	14
erawxavorvac	երաշխավորված	14
erawxik	երաշխիք	42
erawxik	երաշխիքը	23
erawxike	երաշխիքը	23
erawxiku	երաշխիքը	23
erawxiky	երաշխիքը	23
eraxi	երախի	14
eraxtapart	երախտապարտ	14
eraz	երազ	23
erazank	երազանք	160
erazank	երազանքը	160
erazanke	երազանքը	160
erazanki	երազանքի	58
erazankis	երազանքիս	38
erazankn	երազանքն	29
erazankner	երազանքներ	170
erazankner	երազանքները	168
erazanknere	երազանքները	168
erazankneri	երազանքների	166
erazankneric	երազանքներից	23
erazanknerin	երազանքներին	29
erazanknerov	երազանքներով	14
erazankneru	երազանքները	168
erazanknery	երազանքները	168
erazankov	երազանքով	34
erazanks	երազանքս	14
erazanku	երազանքը	160
erazanky	երազանքը	160
erazel	երազել	160
erazner	երազներ	14
erazum	երազում	176
ere	երե	23
eref	էռեֆ	44
erek	երեկ	182
erek	երեք	178
erek	երեքը	34
ereke	երեքը	34
erekic	երեքից	29
erekis	երեքիս	14
erekn	երեքն	23
ereko	երեկո	180
erekon	երեկոն	49
erekoner	երեկոները	34
erekoner	երեկոներ	23
erekonere	երեկոները	34
erekoneru	երեկոները	34
erekonery	երեկոները	34
erekoyan	երեկոյան	190
ereku	երեքը	34
erekukes	երեքուկես	14
erekuytner	երեկույթները	14
erekuytnere	երեկույթները	14
erekuytneru	երեկույթները	14
erekuytnery	երեկույթները	14
erekwapti	երեքշաբթի	14
ereky	երեքը	34
eremyan	երեմյան	14
erepuni	էրեբունի	23
eres	երես	44
eresin	երեսին	14
eresis	երեսիս	14
erespatman	երեսպատման	23
erevacel	երեւացել	23
erevacoq	երեւացող	14
erevakayutyan	երեւակայության	14
erevakayutyun	երեւակայությունը	14
erevakayutyune	երեւակայությունը	14
erevakayutyunn	երեւակայությունն	14
erevakayutyunu	երեւակայությունը	14
erevakayutyuny	երեւակայությունը	14
erevan	երեւան	66
erevan	երեւանը	47
erevanci	երեւանցի	14
erevane	երեւանը	47
erevani	երեւանի	66
erevanic	երեւանից	23
erevann	երեւանն	44
erevanu	երեւանը	47
erevanum	երեւանում	86
erevany	երեւանը	47
erevanyan	երեւանյան	73
erevi	երեւի	194
erevum	երեւում	162
erevuyt	երեւույթ	49
erevuyt	երեւույթը	34
erevuyte	երեւույթը	34
erevuyti	երեւույթի	29
erevuytic	երեւույթից	23
erevuytner	երեւույթներ	14
erevuytner	երեւույթները	14
erevuytnere	երեւույթները	14
erevuytneric	երեւույթներից	14
erevuytnerin	երեւույթներին	14
erevuytneru	երեւույթները	14
erevuytnery	երեւույթները	14
erevuytu	երեւույթը	34
erevuyty	երեւույթը	34
erexa	երեխա	168
erexan	երեխան	172
erexaner	երեխաները	180
erexaner	երեխաներ	47
erexanere	երեխաները	180
erexaneri	երեխաների	180
erexaneric	երեխաներից	14
erexanerin	երեխաներին	168
erexaneris	երեխաներիս	23
erexanern	երեխաներն	170
erexanerov	երեխաներով	14
erexaneru	երեխաները	180
erexanery	երեխաները	180
erexaser	երեխասեր	23
erexayi	երեխայի	71
erexayic	երեխայից	14
erexayin	երեխային	57
erexayis	երեխայիս	14
erexayit	երեխայիդ	14
erexek	երեխեք	23
erexek	երեխեքը	14
erexeke	երեխեքը	14
erexeki	երեխեքի	47
erexekin	երեխեքին	23
erexekn	երեխեքն	23
erexekov	երեխեքով	14
erexeku	երեխեքը	14
erexeky	երեխեքը	14
erexocs	երեխոցս	29
erexu	երեխու	14
erexun	երեխուն	14
erexus	երեխուս	14
erik	էրիկ	38
erikin	էրիկին	14
eritasart	երիտասարդ	182
eritasart	երիտասարդը	38
eritasartacel	երիտասարդացել	34
eritasartacman	երիտասարդացման	29
eritasartacnum	երիտասարդացնում	14
eritasartacum	երիտասարդացումը	29
eritasartacum	երիտասարդացում	14
eritasartacume	երիտասարդացումը	29
eritasartacumu	երիտասարդացումը	29
eritasartacumy	երիտասարդացումը	29
eritasartanum	երիտասարդանում	14
eritasarte	երիտասարդը	38
eritasarti	երիտասարդի	14
eritasartin	երիտասարդին	14
eritasartn	երիտասարդն	34
eritasartner	երիտասարդներ	14
eritasartner	երիտասարդները	14
eritasartnere	երիտասարդները	14
eritasartneri	երիտասարդների	38
eritasartnerin	երիտասարդներին	34
eritasartnern	երիտասարդներն	14
eritasartneru	երիտասարդները	14
eritasartnery	երիտասարդները	14
eritasartu	երիտասարդը	38
eritasartutyan	երիտասարդության	14
eritasartutyun	երիտասարդությունը	38
eritasartutyune	երիտասարդությունը	38
eritasartutyunu	երիտասարդությունը	38
eritasartutyuny	երիտասարդությունը	38
eritasarty	երիտասարդը	38
erjanik	երջանիկ	174
erjanikner	երջանիկներ	38
erjankacnel	երջանկացնել	29
erjankacnum	երջանկացնում	23
erjankanum	երջանկանում	14
erjankutyan	երջանկության	34
erjankutyann	երջանկությանն	42
erjankutyun	երջանկություն	29
erjankutyun	երջանկությունը	14
erjankutyune	երջանկությունը	14
erjankutyunn	երջանկությունն	14
erjankutyunu	երջանկությունը	14
erjankutyuny	երջանկությունը	14
erk	երգ	77
erk	երգը	69
erkahan	երգահան	14
erkar	երկար	190
erkaracnum	երկարացնում	34
erkarajamket	երկարաժամկետ	29
erkaratev	երկարատեւ	14
erkarel	երկարել	34
erkari	երկարի	38
erkarum	երկարում	14
erkarvesti	երգարվեստի	14
erkate	երկաթե	14
erkati	երկաթի	14
erke	երգը	69
erkeci	երգեցի	29
erkel	երգել	55
erkel	երգելը	47
erkele	երգելը	47
erkeli	երգելի	14
erkelu	երգելը	47
erkelu	երգելու	23
erkely	երգելը	47
erkem	երգեմ	42
erker	երգերը	59
erker	երգեր	57
erker	երկեր	14
erkere	երգերը	59
erkeri	երգերի	42
erkeric	երգերից	14
erkern	երգերն	29
erkerov	երգերով	14
erkeru	երգերը	59
erkery	երգերը	59
erkes	երգես	14
erki	երգի	63
erkij	երգիչ	47
erkijner	երգիչներ	14
erkijneri	երգիչների	14
erkink	երկինք	23
erkipetakan	երգիպետական	14
erkir	երկիրը	166
erkir	երկիր	160
erkire	երկիրը	166
erkirn	երկիրն	23
erkiru	երկիրը	166
erkiry	երկիրը	166
erkji	երգչի	42
erkjuhi	երգչուհի	47
erkjuhin	երգչուհին	14
erkjuhiner	երգչուհիներ	14
erkjuhineri	երգչուհիների	14
erkjuhineric	երգչուհիներից	14
erkjuhu	երգչուհու	23
erkkoqmani	երկկողմանի	14
erkmas	երկմաս	14
erkn	երգն	42
erknki	երկնքի	14
erknkum	երկնքում	23
erkrawarjic	երկրաշարժից	29
erkri	երկրի	164
erkric	երկրից	44
erkrner	երկրներ	14
erkrneri	երկրների	34
erkrneric	երկրներից	29
erkrnerum	երկրներում	42
erkrort	երկրորդ	168
erkrort	երկրորդը	38
erkrortakan	երկրորդական	14
erkrorte	երկրորդը	38
erkrortn	երկրորդն	23
erkrortu	երկրորդը	38
erkrorty	երկրորդը	38
erkrpaku	երկրպագու	14
erkrpakum	երկրպագում	23
erkrpakuner	երկրպագուները	23
erkrpakunere	երկրպագուները	23
erkrpakuneru	երկրպագուները	23
erkrpakunery	երկրպագուները	23
erkrum	երկրում	164
erku	երկու	188
erku	երգը	69
erkum	երգում	72
erkus	երկուսը	23
erkus	երկուս	14
erkuse	երկուսը	23
erkusi	երկուսի	44
erkusic	երկուսից	23
erkusin	երկուսին	14
erkusis	երկուսիս	23
erkusn	երկուսն	168
erkusov	երկուսով	38
erkuss	երկուսս	162
erkust	երկուսդ	14
erkusu	երկուսը	23
erkusukes	երկուսուկես	14
erkusy	երկուսը	23
erkuwapti	երկուշաբթի	160
erky	երգը	69
erman	եռման	14
ern	երն	14
erp	երբ	210
erpek	երբեք	192
erpemn	երբեմն	204
erpeve	երբեւէ	166
erpevice	երբեւիցե	53
errort	երրորդ	55
errorti	երրորդի	14
errortn	երրորդն	38
ertvum	երդվում	23
ertvum	երթվում	14
erum	եռում	14
ervinyan	երվինյանը	14
ervinyane	երվինյանը	14
ervinyanu	երվինյանը	14
ervinyany	երվինյանը	14
es	ես	240
es	էս	170
es	եսը	14
ese	եսը	14
esim	եսիմ	44
eskan	էսքան	47
esn	եսն	14
esor	էսօր	160
esorva	էսօրվա	38
espes	էսպես	49
espinolan	էսպինոլան	29
espisi	էսպիսի	14
espisin	էսպիսին	14
est	ըստ	164
esteq	էստեղ	63
estet	էսթետ	44
estetik	էսթետիկ	83
estetikakan	էսթետիկական	29
estetikan	էսթետիկան	38
estetikayi	էսթետիկայի	14
estetiksum	էսթետիկսում	34
esu	եսը	14
esy	եսը	14
et	էդ	176
et	էտ	29
et	ետ	14
etap	էտապ	47
etap	էտապը	14
etape	էտապը	14
etapi	էտապի	14
etapin	էտապին	23
etapner	էտապներ	34
etapner	էտապները	23
etapnere	էտապները	23
etapneru	էտապները	23
etapnery	էտապները	23
etapu	էտապը	14
etapum	էտապում	34
etapy	էտապը	14
ete	եթե	208
eter	եթեր	47
eter	եթերը	14
eterawrjan	եթերաշրջանը	34
eterawrjane	եթերաշրջանը	34
eterawrjani	եթերաշրջանի	44
eterawrjann	եթերաշրջանն	14
eterawrjanu	եթերաշրջանը	34
eterawrjanum	եթերաշրջանում	23
eterawrjany	եթերաշրջանը	34
etere	եթերը	14
eteri	եթերի	14
eteric	եթերից	23
eternerum	եթերներում	23
eteru	եթերը	14
eterum	եթերում	44
etery	եթերը	14
etetik	էթետիկ	14
etevic	ետեւից	29
etevum	ետեւում	14
eti	էդի	14
etikan	էթիկան	14
etkan	էդքան	162
etmoni	էդմոնի	14
etn	էդն	14
etpes	էդպես	166
etpisin	էդպիսին	14
etteq	էդտեղ	38
etteqic	էդտեղից	23
eutyan	էության	62
eutyun	էությունը	23
eutyun	էություն	14
eutyune	էությունը	23
eutyunn	էությունն	14
eutyunu	էությունը	23
eutyuny	էությունը	23
ev	եւ	200
evan	էվան	23
evkeni	եւգենի	14
evratesili	եւրատեսիլի	14
evratesilic	եւրատեսիլից	14
evropa	եւրոպա	14
evropakan	եւրոպական	57
evropan	եւրոպան	14
evropayi	եւրոպայի	14
evs	եւս	164
ezaki	եզակի	38
ezrahankman	եզրահանգման	14
ezrakacutyan	եզրակացության	34
ezrapakenk	եզրափակենք	14
ezrer	եզրեր	23
ezrin	եզրին	14
ezruyt	եզրույթը	14
ezruyte	եզրույթը	14
ezruytu	եզրույթը	14
ezruyty	եզրույթը	14
ezti	եզդի	29
faktor	ֆակտորը	38
faktore	ֆակտորը	38
faktoru	ֆակտորը	38
faktorum	ֆակտորում	29
faktory	ֆակտորը	38
fantastik	ֆանտաստիկ	170
fantastikayi	ֆանտաստիկայի	14
fantazyayi	ֆանտազիայի	23
fapriki	ֆաբրիկի	49
fastuti	ֆաստուդի	14
faymel	ֆայմել	14
fekovin	ֆեգովին	23
feminizm	ֆեմինիզմը	14
feminizme	ֆեմինիզմը	14
feminizmi	ֆեմինիզմի	14
feminizmu	ֆեմինիզմը	14
feminizmy	ֆեմինիզմը	14
fenomen	ֆենոմեն	14
fermaneric	ֆերմաներից	29
feta	ֆետա	14
feteracyan	ֆեդերացիան	23
feteracyayi	ֆեդերացիայի	14
feyk	ֆեյք	14
feykeri	ֆեյքերի	14
feyspukyan	ֆեյսբուքյան	14
fikseci	ֆիքսեցի	14
fiksel	ֆիքսել	23
fiksen	ֆիքսեն	34
fiksenk	ֆիքսենք	14
fiksum	ֆիքսում	34
fiksvel	ֆիքսվել	14
fiksvum	ֆիքսվում	23
file	ֆիլե	14
filerayin	ֆիլերային	55
fileri	ֆիլերի	44
filerner	ֆիլերները	14
filernere	ֆիլերները	14
filerneri	ֆիլերների	34
filerneru	ֆիլերները	14
filernery	ֆիլերները	14
filerov	ֆիլերով	29
film	ֆիլմ	182
film	ֆիլմը	172
filme	ֆիլմը	172
filmer	ֆիլմեր	178
filmer	ֆիլմերը	166
filmere	ֆիլմերը	166
filmeri	ֆիլմերի	23
filmeru	ֆիլմերը	166
filmerum	ֆիլմերում	23
filmery	ֆիլմերը	166
filmi	ֆիլմի	42
filmic	ֆիլմից	23
filmin	ֆիլմին	23
filmn	ֆիլմն	14
filmu	ֆիլմը	172
filmum	ֆիլմում	51
filmy	ֆիլմը	172
filtrum	ֆիլտրում	14
final	ֆինալ	14
finans	ֆինանս	14
finansakan	ֆինանսական	164
finansapes	ֆինանսապես	14
finansavorman	ֆինանսավորման	14
finansavorum	ֆինանսավորումը	29
finansavorum	ֆինանսավորում	23
finansavorume	ֆինանսավորումը	29
finansavorumu	ֆինանսավորումը	29
finansavorumy	ֆինանսավորումը	29
finansi	ֆինանսի	38
firma	ֆիրմա	38
firman	ֆիրման	42
firmaner	ֆիրմաներ	14
firmayi	ֆիրմայի	23
firmayic	ֆիրմայից	44
fitpakner	ֆիդբակներ	34
fizikakan	ֆիզիկական	168
fizikal	ֆիզիկալ	23
fizikapes	ֆիզիկապես	34
flirt	ֆլիրտ	23
flirti	ֆլիրտի	23
florisner	ֆլորիսները	23
florisnere	ֆլորիսները	23
florisneru	ֆլորիսները	23
florisnery	ֆլորիսները	23
floristner	ֆլորիստներ	29
folk	ֆոլկ	55
foni	ֆոնի	42
fonin	ֆոնին	42
form	ֆորմ	47
forma	ֆորմա	14
forman	ֆորման	14
format	ֆորմատը	23
formate	ֆորմատը	23
formatn	ֆորմատն	14
formatneri	ֆորմատների	14
formatov	ֆորմատով	14
formatu	ֆորմատը	23
formaty	ֆորմատը	23
formayi	ֆորմայի	14
formulaner	ֆորմուլաներ	34
foto	ֆոտո	14
fotoceracumic	ֆոտոծերացումից	14
frakcion	ֆրակցիոն	38
franseren	ֆրանսերեն	14
fransya	ֆրանսիա	14
fransyaci	ֆրանսիացի	14
fransyacineri	ֆրանսիացիների	14
fransyakan	ֆրանսիական	42
fransyayum	ֆրանսիայում	14
frezno	ֆրեզնո	34
fri	ֆրի	47
ftalmolokyayi	ֆտալմոլոգիայի	23
ful	ֆուլ	29
fulusi	ֆուլուսի	14
funkcya	ֆունկցիա	47
fut	ֆուդ	14
futkortum	ֆուտքորտում	14
futpajnum	ֆուտբաժնում	29
futpol	ֆուտբոլ	162
futpol	ֆուտբոլը	14
futpole	ֆուտբոլը	14
futpoli	ֆուտբոլի	23
futpolisti	ֆուտբոլիստի	14
futpoln	ֆուտբոլն	14
futpolu	ֆուտբոլը	14
futpoly	ֆուտբոլը	14
fyuz	ֆյուզ	23
h	ըհը	44
h	ըհ	29
h	հ	29
h	հը	14
ha	հա	214
ha	հաը	29
hac	հաց	160
hac	հացը	51
hacapurk	հացաբուրկ	44
hacaser	հացասեր	14
hacatul	հացադուլ	14
hace	հացը	51
hacer	հացերը	34
hacere	հացերը	34
haceru	հացերը	34
hacery	հացերը	34
haci	հացի	47
hacic	հացից	23
hacn	հացն	14
hacnel	հաձնել	29
hacu	հացը	51
hacy	հացը	51
hae	հաը	29
hajax	հաճախ	194
hajaxel	հաճախել	38
hajaxort	հաճախորդը	49
hajaxorte	հաճախորդը	49
hajaxorti	հաճախորդի	51
hajaxortin	հաճախորդին	23
hajaxortn	հաճախորդն	34
hajaxortner	հաճախորդները	66
hajaxortner	հաճախորդներ	49
hajaxortnere	հաճախորդները	66
hajaxortneri	հաճախորդների	57
hajaxortnerin	հաճախորդներին	47
hajaxortnern	հաճախորդներն	14
hajaxortneru	հաճախորդները	66
hajaxortnery	հաճախորդները	66
hajaxortu	հաճախորդը	49
hajaxorty	հաճախորդը	49
hajaxum	հաճախում	14
hajeli	հաճելի	202
hajoq	հաջող	170
hajoqak	հաջողակ	38
hajoqakneric	հաջողակներից	14
hajoqel	հաջողել	14
hajoqutyamp	հաջողությամբ	38
hajoqutyan	հաջողության	172
hajoqutyun	հաջողություն	190
hajoqutyun	հաջողությունը	42
hajoqutyune	հաջողությունը	42
hajoqutyunic	հաջողությունից	38
hajoqutyunner	հաջողություններ	14
hajoqutyunneri	հաջողությունների	14
hajoqutyunu	հաջողությունը	42
hajoqutyuny	հաջողությունը	42
hajoqvec	հաջողվեց	23
hajoqvum	հաջողվում	14
hajort	հաջորդ	188
hajortec	հաջորդեց	38
hajortum	հաջորդում	14
hajuyk	հաճույք	170
hajuyk	հաճույքը	42
hajuyke	հաճույքը	42
hajuyki	հաճույքի	14
hajuykic	հաճույքից	29
hajuykneri	հաճույքների	14
hajuykov	հաճույքով	174
hajuyku	հաճույքը	42
hajuyky	հաճույքը	42
haka	հագա	38
hakac	հագած	14
hakakwir	հակակշիռ	34
hakaoksitant	հակաօքսիդանտ	23
hakarak	հակառակը	73
hakarak	հակառակ	53
hakarake	հակառակը	73
hakarakn	հակառակն	42
hakaraku	հակառակը	73
hakaraky	հակառակը	73
hakasakan	հակասական	14
hakasum	հակասում	14
hakasutyun	հակասություն	14
hakasutyunneri	հակասությունների	14
hakatarikayin	հակատարիքային	42
hakatrentner	հակաթրենդներ	14
hakecac	հագեցած	29
hakecrel	հագեցրել	14
hakel	հագել	14
hakins	հագինս	29
hakni	հագնի	23
haknum	հագնում	34
haknvac	հագնված	14
haknveci	հագնվեցի	23
haknvel	հագնվելը	38
haknvel	հագնվել	23
haknvele	հագնվելը	38
haknvelu	հագնվելը	38
haknvely	հագնվելը	38
haknves	հագնվես	23
haknvi	հագնվի	14
haknvum	հագնվում	14
hakopyan	հակոբյան	14
hakopyanin	հակոբյանին	23
hakrknvum	հակրկնվում	14
haku	հագու	14
hakukapi	հագուկապի	23
hakust	հագուստ	160
hakust	հագուստը	38
hakuste	հագուստը	38
hakusti	հագուստի	29
hakustic	հագուստից	29
hakustner	հագուստները	34
hakustner	հագուստներ	14
hakustnere	հագուստները	34
hakustneri	հագուստների	14
hakustneru	հագուստները	34
hakustnery	հագուստները	34
hakustov	հագուստով	14
hakustu	հագուստը	38
hakusty	հագուստը	38
hakvac	հակված	38
halac	հալած	14
halacvel	հալածվել	29
halepi	հալեպի	23
halivul	հալիվուլը	14
halivule	հալիվուլը	14
halivulu	հալիվուլը	14
halivuly	հալիվուլը	14
halivut	հալիվուդը	34
halivut	հալիվուդ	29
halivute	հալիվուդը	34
halivuti	հալիվուդի	29
halivutu	հալիվուդը	34
halivutum	հալիվուդում	34
halivuty	հալիվուդը	34
halvum	հալվում	14
ham	համը	178
ham	համ	174
hamacancayin	համացանցային	14
hamacancum	համացանցում	34
hamacayn	համաձայն	184
hamacaynel	համաձայնել	14
hamacaynum	համաձայնում	14
hamacaynutyun	համաձայնություն	38
hamahimnatirn	համահիմնադիրն	14
hamahimnatirneric	համահիմնադիրներից	14
hamahunj	համահունչ	14
hamakarcik	համակարծիք	14
hamakark	համակարգը	44
hamakark	համակարգ	23
hamakarke	համակարգը	44
hamakarker	համակարգեր	42
hamakarker	համակարգերը	23
hamakarkere	համակարգերը	23
hamakarkeri	համակարգերի	29
hamakarkeru	համակարգերը	23
hamakarkery	համակարգերը	23
hamakarki	համակարգի	47
hamakarkic	համակարգից	29
hamakarkji	համակարգչի	14
hamakarku	համակարգը	44
hamakarky	համակարգը	44
hamakcum	համակցում	42
hamakcvac	համակցված	51
hamakerpi	համակերպի	42
hamakerpvel	համակերպվել	29
hamakorcakcel	համագործակցել	23
hamakorcakcelu	համագործակցելու	29
hamakorcakcum	համագործակցում	58
hamakorcakcutyamp	համագործակցությամբ	23
hamakorcakcutyan	համագործակցության	14
hamakorcakcutyun	համագործակցությունը	23
hamakorcakcutyune	համագործակցությունը	23
hamakorcakcutyunn	համագործակցությունն	14
hamakorcakcutyunu	համագործակցությունը	23
hamakorcakcutyuny	համագործակցությունը	23
hamakorcakcvac	համագործակցված	23
hamalir	համալիր	63
hamalir	համալիրը	42
hamalire	համալիրը	42
hamaliri	համալիրի	44
hamalirner	համալիրներ	23
hamalirnerum	համալիրներում	29
hamaliru	համալիրը	42
hamalirum	համալիրում	44
hamaliry	համալիրը	42
hamalrel	համալրել	47
hamalrvac	համալրված	34
hamalrvel	համալրվել	14
hamalrvum	համալրվում	14
hamalsaran	համալսարան	58
hamalsaran	համալսարանը	14
hamalsarane	համալսարանը	14
hamalsarani	համալսարանի	23
hamalsaranu	համալսարանը	14
hamalsaranum	համալսարանում	14
hamalsarany	համալսարանը	14
hamalya	համալյա	23
hamamit	համամիտ	14
hamanermamp	համաներմամբ	14
hamapatasxan	համապատասխան	72
hamapatasxanel	համապատասխանել	38
hamapatasxani	համապատասխանի	29
hamapatasxanoq	համապատասխանող	38
hamapatasxanum	համապատասխանում	160
hamaprotyuser	համապրոդյուսեր	14
hamar	համար	222
hamar	համարը	14
hamarcak	համարձակ	34
hamarcakutyun	համարձակություն	38
hamare	համարը	14
hamarel	համարել	29
hamarelov	համարելով	38
hamarelu	համարելու	14
hamaru	համարը	14
hamaru	համարու	14
hamarum	համարում	63
hamarvel	համարվել	14
hamarvelu	համարվելու	23
hamarvoq	համարվող	42
hamarvum	համարվում	57
hamary	համարը	14
hamarya	համարյա	44
hamasepakanater	համասեփականատեր	14
hamatam	համադամ	29
hamatarac	համատարած	29
hamatekstum	համատեքստում	23
hamateq	համատեղ	38
hamateqel	համատեղել	14
hamatequm	համատեղում	34
hamatequtyamp	համատեղությամբ	14
hamatrelu	համադրելու	14
hamatrutyun	համադրությունը	23
hamatrutyun	համադրություն	14
hamatrutyune	համադրությունը	23
hamatrutyunn	համադրությունն	14
hamatrutyunner	համադրություններ	14
hamatrutyunu	համադրությունը	23
hamatrutyuny	համադրությունը	23
hamatrvum	համադրվում	14
hamawxarhayin	համաշխարհային	49
hamaxmpvac	համախմբված	29
hamaxmpvel	համախմբվել	14
hamaxtaniw	համախտանիշ	23
hamayin	համային	23
hamaynk	համայնքը	42
hamaynk	համայնք	14
hamaynke	համայնքը	42
hamaynki	համայնքի	57
hamaynkner	համայնքներ	23
hamaynku	համայնքը	42
hamaynkum	համայնքում	34
hamaynky	համայնքը	42
hamazkayin	համազգային	49
hamazkayini	համազգայինի	34
hame	համը	178
hamecek	համեցեք	67
hamem	համեմ	14
hamemat	համեմատ	47
hamematac	համեմատած	29
hamematakan	համեմատական	23
hamematapar	համեմատաբար	29
hamematel	համեմատել	14
hamematelu	համեմատելու	23
hamematum	համեմատում	34
hamematutyan	համեմատության	14
hamemi	համեմի	14
hamemum	համեմում	29
hamemunkner	համեմունքները	14
hamemunknere	համեմունքները	14
hamemunknerov	համեմունքներով	14
hamemunkneru	համեմունքները	14
hamemunknery	համեմունքները	14
hamemvac	համեմված	14
hamenayn	համենայն	61
hamenkel	համընկել	14
hamenknum	համընկնում	29
hameq	համեղ	190
hamer	համեր	162
hamer	համերը	34
hamere	համերը	34
hameri	համերի	14
hamerk	համերգ	34
hamerk	համերգը	23
hamerkayin	համերգային	14
hamerke	համերգը	23
hamerki	համերգի	34
hamerkic	համերգից	34
hamerkin	համերգին	29
hamerkner	համերգներ	29
hamerkner	համերգները	14
hamerknere	համերգները	14
hamerkneri	համերգների	42
hamerkneric	համերգներից	14
hamerknerin	համերգներին	23
hamerkneru	համերգները	14
hamerknery	համերգները	14
hamerku	համերգը	23
hamerky	համերգը	23
hamern	համերն	14
hameru	համերը	34
hamery	համերը	34
hamest	համեստ	53
hami	համի	78
hamiujn	համիուժն	14
hamleti	համլետի	14
hamn	համն	34
hamnkel	համընկել	14
hamnknum	համընկնում	29
hamov	համով	58
hamozel	համոզել	38
hamozelu	համոզելու	14
hamozes	համոզես	34
hamozum	համոզում	34
hamozvac	համոզված	174
hamozvec	համոզվեց	14
hamozveci	համոզվեցի	23
hamozvei	համոզվեի	14
hamozvek	համոզվեք	14
hamozvel	համոզվել	38
hampav	համբավ	14
hamperi	համբերի	14
hamperutyun	համբերություն	162
hamperutyun	համբերությունը	23
hamperutyune	համբերությունը	23
hamperutyunu	համբերությունը	23
hamperutyuny	համբերությունը	23
hampurveluc	համբուրվելուց	29
hamtes	համտես	23
hamtesel	համտեսել	14
hamteselu	համտեսելու	14
hamtesum	համտեսում	14
hamu	համը	178
hamunkel	համընկել	14
hamunknum	համընկնում	29
hamuyt	համույթը	38
hamuyte	համույթը	38
hamuytu	համույթը	38
hamuyty	համույթը	38
hamy	համը	178
hamynkel	համընկել	14
hamynknum	համընկնում	29
hamyujov	համիւժով	14
hancakorcutyan	հանցագործության	14
hancakorcutyun	հանցագործություն	23
hancakorcutyunnerov	հանցագործություններով	14
hancnel	հանձնել	29
hancnelu	հանձնելու	44
hancneluc	հանձնելուց	23
hancnum	հանձնում	38
hancnvel	հանձնվել	34
hancnvi	հանձնվի	34
hanec	հանեց	14
haneci	հանեցի	23
hanecin	հանեցին	14
hanecir	հանեցիր	14
hanek	հանեք	23
hanel	հանել	63
hanelu	հանելու	14
hanes	հանես	23
hanir	հանիր	14
hanjar	հանճարը	29
hanjar	հանճար	14
hanjare	հանճարը	29
hanjareq	հանճարեղ	23
hanjaru	հանճարը	29
hanjary	հանճարը	29
hankamank	հանգամանք	49
hankamank	հանգամանքը	34
hankamanke	հանգամանքը	34
hankamanki	հանգամանքի	34
hankamankn	հանգամանքն	14
hankamankner	հանգամանքներ	23
hankamankneri	հանգամանքների	14
hankamankneric	հանգամանքներից	14
hankamanknern	հանգամանքներն	29
hankamankov	հանգամանքով	42
hankamanku	հանգամանքը	34
hankamanky	հանգամանքը	34
hankarc	հանկարծ	164
hankarcaki	հանկարծակի	160
hankeci	հանգեցի	42
hankecrel	հանգեցրել	23
hankist	հանգիստ	198
hankist	հանգիստը	178
hankiste	հանգիստը	178
hankistn	հանգիստն	160
hankistner	հանգիստները	14
hankistnere	հանգիստները	14
hankistneru	հանգիստները	14
hankistnery	հանգիստները	14
hankistu	հանգիստը	178
hankisty	հանգիստը	178
hankstacel	հանգստացել	23
hankstaci	հանգստացի	29
hankstacir	հանգստացիր	172
hankstacnum	հանգստացնում	29
hankstana	հանգստանա	29
hankstanal	հանգստանալ	180
hankstanalu	հանգստանալու	172
hankstanam	հանգստանամ	162
hankstanas	հանգստանաս	34
hankstanum	հանգստանում	168
hanksti	հանգստի	174
hankstutyan	հանգստության	14
hankstutyun	հանգստություն	14
hankstyan	հանգստյան	182
hankum	հանգում	14
hanoq	հանող	42
hanracanot	հանրածանոթ	14
hanrapetakan	հանրապետական	14
hanrapetutyan	հանրապետության	38
hanrapetutyunum	հանրապետությունում	14
hanraxanut	հանրախանութ	38
hanrayin	հանրային	47
hanrayin	հանրայինը	14
hanrayine	հանրայինը	14
hanrayini	հանրայինի	34
hanrayinu	հանրայինը	14
hanrayinum	հանրայինում	14
hanrayiny	հանրայինը	14
hanraynoren	հանրայնորեն	14
hanrutyan	հանրության	42
hanrutyan	հանրությանը	14
hanrutyane	հանրությանը	14
hanrutyanu	հանրությանը	14
hanrutyany	հանրությանը	14
hanrutyun	հանրությունը	14
hanrutyune	հանրությունը	14
hanrutyunu	հանրությունը	14
hanrutyuny	հանրությունը	14
hantart	հանդարտ	14
hantartvel	հանդարտվել	29
hantep	հանդեպ	168
hanterc	հանդերձ	42
hantes	հանդես	63
hantesin	հանդեսին	34
hantipeci	հանդիպեցի	166
hantipecink	հանդիպեցինք	160
hantipeir	հանդիպեիր	14
hantipel	հանդիպել	172
hantipel	հանդիպելը	23
hantipele	հանդիպելը	23
hantipelov	հանդիպելով	23
hantipelu	հանդիպելը	23
hantipelu	հանդիպելու	14
hantipely	հանդիպելը	23
hantipenk	հանդիպենք	168
hantipman	հանդիպման	164
hantipman	հանդիպմանը	160
hantipmane	հանդիպմանը	160
hantipmanu	հանդիպմանը	160
hantipmany	հանդիպմանը	160
hantipum	հանդիպում	202
hantipum	հանդիպումը	23
hantipume	հանդիպումը	23
hantipumic	հանդիպումից	23
hantipumn	հանդիպումն	23
hantipumner	հանդիպումներ	14
hantipumneri	հանդիպումների	14
hantipumu	հանդիպումը	23
hantipumy	հանդիպումը	23
hantis	հանդիս	14
hantisacel	հանդիսացել	14
hantisana	հանդիսանա	14
hantisanal	հանդիսանալ	38
hantisanalov	հանդիսանալով	29
hantisanum	հանդիսանում	29
hantisates	հանդիսատեսը	14
hantisatese	հանդիսատեսը	14
hantisatesi	հանդիսատեսի	14
hantisatesic	հանդիսատեսից	23
hantisatesin	հանդիսատեսին	14
hantisatesn	հանդիսատեսն	14
hantisatesu	հանդիսատեսը	14
hantisatesy	հանդիսատեսը	14
hantisavar	հանդիսավարը	14
hantisavare	հանդիսավարը	14
hantisavaru	հանդիսավարը	14
hantisavary	հանդիսավարը	14
hanturjem	հանդուրժեմ	23
hanturjoq	հանդուրժող	23
hanturjum	հանդուրժում	14
hanum	հանում	51
hanun	հանուն	51
hanunn	հանունն	14
hanvac	հանված	38
hapalas	հապալաս	14
haqortakrutyun	հաղորդագրություն	14
haqortavar	հաղորդավար	14
haqortavarner	հաղորդավարներ	14
haqortavaruhi	հաղորդավարուհի	14
haqortavarutyan	հաղորդավարության	14
haqortel	հաղորդել	14
haqortman	հաղորդման	64
haqortman	հաղորդմանը	14
haqortmane	հաղորդմանը	14
haqortmanu	հաղորդմանը	14
haqortmany	հաղորդմանը	14
haqortum	հաղորդումը	34
haqortum	հաղորդում	23
haqortume	հաղորդումը	34
haqortumic	հաղորդումից	23
haqortumn	հաղորդումն	14
haqortumner	հաղորդումները	14
haqortumnere	հաղորդումները	14
haqortumneri	հաղորդումների	14
haqortumneric	հաղորդումներից	29
haqortumneru	հաղորդումները	14
haqortumnery	հաղորդումները	14
haqortumu	հաղորդումը	34
haqortumy	հաղորդումը	34
haqortutyun	հաղորդություն	23
haqtaharel	հաղթահարել	59
haqtaharelu	հաղթահարելու	14
haqtahareluc	հաղթահարելուց	14
haqtaharem	հաղթահարեմ	14
haqtaharenk	հաղթահարենք	14
haqtahares	հաղթահարես	23
haqtaharum	հաղթահարում	38
haqtanak	հաղթանակը	23
haqtanak	հաղթանակ	14
haqtanake	հաղթանակը	23
haqtanaki	հաղթանակի	14
haqtanakn	հաղթանակն	14
haqtanaku	հաղթանակը	23
haqtanaky	հաղթանակը	23
haqtec	հաղթեց	29
haqtel	հաղթել	14
haqtelu	հաղթելու	29
haqti	հաղթի	14
haqtoqn	հաղթողն	14
haqtum	հաղթում	42
harakic	հարակից	23
haraperakan	հարաբերական	38
haraperakcutyamp	հարաբերակցությամբ	23
haraperutyan	հարաբերության	34
haraperutyun	հարաբերությունը	38
haraperutyun	հարաբերություն	29
haraperutyune	հարաբերությունը	38
haraperutyunic	հարաբերությունից	14
haraperutyunn	հարաբերությունն	14
haraperutyunner	հարաբերությունները	55
haraperutyunner	հարաբերություններ	47
haraperutyunnere	հարաբերությունները	55
haraperutyunneri	հարաբերությունների	55
haraperutyunnerin	հարաբերություններին	14
haraperutyunnern	հարաբերություններն	23
haraperutyunneru	հարաբերությունները	55
haraperutyunnerum	հարաբերություններում	23
haraperutyunnery	հարաբերությունները	55
haraperutyunu	հարաբերությունը	38
haraperutyuny	հարաբերությունը	38
harazat	հարազատ	51
harazati	հարազատի	14
harazatin	հարազատին	23
harazatn	հարազատն	23
harazatner	հարազատներ	14
harazatneri	հարազատների	34
harc	հարց	178
harc	հարցը	170
harcakani	հարցականի	14
harcakvum	հարձակվում	14
harcatrum	հարցադրումը	29
harcatrume	հարցադրումը	29
harcatrumu	հարցադրումը	29
harcatrumy	հարցադրումը	29
harcazruyc	հարցազրույց	23
harcazruyc	հարցազրույցը	14
harcazruyce	հարցազրույցը	14
harcazruyci	հարցազրույցի	34
harcazruycic	հարցազրույցից	29
harcazruycin	հարցազրույցին	14
harcazruycn	հարցազրույցն	34
harcazruycner	հարցազրույցներ	14
harcazruycneri	հարցազրույցների	14
harcazruycu	հարցազրույցը	14
harcazruycy	հարցազրույցը	14
harce	հարցը	170
harcer	հարցեր	174
harcer	հարցերը	49
harcere	հարցերը	49
harceri	հարցերի	62
harceric	հարցերից	47
harcerin	հարցերին	73
harcern	հարցերն	38
harcerov	հարցերով	49
harceru	հարցերը	49
harcerum	հարցերում	29
harcery	հարցերը	49
harci	հարցի	59
harcin	հարցին	51
harcit	հարցիդ	14
harcn	հարցն	34
harcnel	հարցնել	172
harcner	հարցներ	14
harcnum	հարցնում	53
harcov	հարցով	29
harcrec	հարցրեց	14
harcreci	հարցրեցի	14
harcrek	հարցրեք	38
harcrel	հարցրել	29
harcs	հարցս	14
harcu	հարցը	170
harcum	հարցում	174
harcumtic	հարցումդից	29
harcy	հարցը	170
harel	հարել	23
harem	հարեմ	29
harevan	հարեւան	44
harevani	հարեւանի	14
harevanner	հարեւաններ	14
harevanuhun	հարեւանուհուն	29
harevanutyamp	հարեւանությամբ	14
harisa	հարիսա	160
harisan	հարիսան	164
hark	հարկ	44
hark	հարկը	38
harkank	հարգանք	14
harkanki	հարգանքի	29
harkankn	հարգանքն	14
harkankov	հարգանքով	29
harkavor	հարկավոր	34
harke	հարկը	38
harkek	հարգեք	23
harkel	հարգել	23
harkel	հարգելը	14
harkele	հարգելը	14
harkeli	հարգելի	38
harkelov	հարգելով	14
harkelu	հարգելը	14
harkelu	հարգելու	14
harkely	հարգելը	14
harken	հարգեն	14
harkeri	հարկերի	44
harkeric	հարկերից	29
harki	հարկի	78
harkn	հարկն	49
harku	հարկը	38
harkum	հարգում	62
harkum	հարկում	38
harky	հարկը	38
harmar	հարմար	182
harmaravet	հարմարավետ	160
harmaravetutyamp	հարմարավետությամբ	14
harmaravetutyun	հարմարավետությունը	14
harmaravetutyune	հարմարավետությունը	14
harmaravetutyunn	հարմարավետությունն	23
harmaravetutyunu	հարմարավետությունը	14
harmaravetutyuny	հարմարավետությունը	14
harmarecnel	հարմարեցնել	14
harmarvel	հարմարվել	34
harmarvum	հարմարվում	14
harpel	հարբել	14
hars	հարս	38
hars	հարսը	23
harsanekan	հարսանեկան	49
harsanik	հարսանիք	38
harsaniki	հարսանիքի	14
harsanikin	հարսանիքին	23
harsanikn	հարսանիքն	14
harsanikner	հարսանիքներ	23
harsaniknerin	հարսանիքներին	23
harsanya	հարսանյա	49
harsanyac	հարսանյաց	29
harse	հարսը	23
harsi	հարսի	34
harsic	հարսից	14
harsiki	հարսիկի	29
harsn	հարսն	14
harstanum	հարստանում	14
harstutyun	հարստություն	23
harstutyun	հարստությունը	14
harstutyune	հարստությունը	14
harstutyunnern	հարստություններն	14
harstutyunu	հարստությունը	14
harstutyuny	հարստությունը	14
harsu	հարսը	23
harsy	հարսը	23
hart	հարթ	44
hartak	հարթակ	14
hartarum	հարդարում	29
hartavanic	հարթավանից	14
hartavanum	հարթավանում	14
hartecman	հարթեցման	34
hartecnel	հարթեցնել	49
hartecnelov	հարթեցնելով	23
hartecnelu	հարթեցնելու	14
hartecum	հարթեցում	14
hartutyan	հարթության	23
hartvum	հարթվում	14
harucel	հարուցել	34
harum	հարում	23
harust	հարուստ	168
harut	հարութ	14
harutyan	հարության	23
harutyun	հարությունը	38
harutyune	հարությունը	38
harutyunu	հարությունը	38
harutyuny	հարությունը	38
harutyunyan	հարությունյան	14
harvac	հարված	14
harvac	հարվածը	14
harvace	հարվածը	14
harvaci	հարվածի	14
harvacner	հարվածներ	14
harvacneric	հարվածներից	29
harvacu	հարվածը	14
harvacy	հարվածը	14
haryav	հարյավ	34
haryur	հարյուր	29
haryuravor	հարյուրավոր	14
hasa	հասա	34
hasac	հասած	14
hasak	հասաք	23
hasaks	հասակս	44
hasakum	հասակում	23
hasaneli	հասանելի	47
hasanikner	հասանիքներ	23
hasank	հասանք	23
hasar	հասար	14
hasarak	հասարակ	61
hasarakakan	հասարակական	44
hasarakutyan	հասարակության	53
hasarakutyun	հասարակությունը	29
hasarakutyun	հասարակություն	23
hasarakutyune	հասարակությունը	29
hasarakutyunic	հասարակությունից	14
hasarakutyunn	հասարակությունն	14
hasarakutyunu	հասարակությունը	29
hasarakutyuny	հասարակությունը	29
hasav	հասավ	29
hasce	հասցե	34
hascen	հասցեն	44
hascener	հասցեները	29
hascenere	հասցեները	29
hasceneru	հասցեները	29
hascenery	հասցեները	29
hasceov	հասցեով	44
hasceum	հասցեում	42
hascnel	հասցնել	23
hascnelu	հասցնելու	14
hascnem	հասցնեմ	166
hascnes	հասցնես	14
hascni	հասցնի	14
hascnum	հասցնում	176
hascrecink	հասցրեցինք	14
hascrel	հասցրել	164
hasel	հասել	164
hask	հասկ	14
haskaca	հասկացա	166
haskacak	հասկացաք	34
haskacan	հասկացան	23
haskacank	հասկացանք	59
haskacar	հասկացար	58
haskacav	հասկացավ	29
haskacel	հասկացել	74
haskacneir	հասկացնեիր	29
haskacnel	հասկացնել	23
haskacoq	հասկացող	34
haskacoqutyun	հասկացողություն	14
haskacoqutyun	հասկացողությունը	14
haskacoqutyune	հասկացողությունը	14
haskacoqutyunu	հասկացողությունը	14
haskacoqutyuny	հասկացողությունը	14
haskacvum	հասկացվում	14
haskan	հասկան	14
haskana	հասկանա	44
haskanak	հասկանաք	14
haskanal	հասկանալ	174
haskanal	հասկանալը	14
haskanale	հասկանալը	14
haskanali	հասկանալի	206
haskanalov	հասկանալով	23
haskanalu	հասկանալու	61
haskanalu	հասկանալը	14
haskanaly	հասկանալը	14
haskanam	հասկանամ	49
haskanan	հասկանան	29
haskanank	հասկանանք	63
haskanas	հասկանաս	59
haskanayi	հասկանայի	14
haskanayir	հասկանայիր	14
haskanum	հասկանում	192
hasmik	հասմիկ	14
hasmiki	հասմիկի	14
hasmikin	հասմիկին	34
hasnel	հասնել	168
hasnel	հասնելը	14
hasnele	հասնելը	14
hasnelu	հասնելու	160
hasnelu	հասնելը	14
hasnely	հասնելը	14
hasnem	հասնեմ	14
hasnes	հասնես	14
hasni	հասնի	38
hasnum	հասնում	166
hastat	հաստատ	182
hastatel	հաստատել	47
hastatelu	հաստատելու	14
hastatum	հաստատում	14
hastatvel	հաստատվել	14
hasun	հասուն	64
hasunacav	հասունացավ	14
hasunacel	հասունացել	29
hasunana	հասունանա	14
hasunanum	հասունանում	14
hat	հատ	180
hatakin	հատակին	38
hatakneri	հատակների	44
hatel	հատել	29
hatentir	հատընտիր	47
hati	հատի	23
hatik	հատիկ	34
hatik	հատիկը	14
hatikavor	հատիկավոր	14
hatike	հատիկը	14
hatiku	հատիկը	14
hatiky	հատիկը	14
hatkacnum	հատկացնում	23
hatkacvel	հատկացվել	14
hatkaniw	հատկանիշ	29
hatkaniwnern	հատկանիշներն	23
hatkaniwnerov	հատկանիշներով	29
hatkapes	հատկապես	198
hatkutyun	հատկություն	14
hatkutyunn	հատկությունն	14
hatman	հատման	14
hatntir	հատընտիր	47
hatucum	հատուցում	38
hatucum	հատուցումը	14
hatucume	հատուցումը	14
hatucumu	հատուցումը	14
hatucumy	հատուցումը	14
hatuk	հատուկ	180
hatuntir	հատընտիր	47
hatvac	հատվածը	55
hatvac	հատված	29
hatvace	հատվածը	55
hatvaci	հատվածի	49
hatvacn	հատվածն	29
hatvacner	հատվածները	44
hatvacner	հատվածներ	34
hatvacnere	հատվածները	44
hatvacneric	հատվածներից	29
hatvacneru	հատվածները	44
hatvacnerum	հատվածներում	14
hatvacnery	հատվածները	44
hatvacov	հատվածով	23
hatvacu	հատվածը	55
hatvacum	հատվածում	65
hatvacy	հատվածը	55
hatvum	հատվում	14
hatyntir	հատընտիր	47
hau	հաը	29
haus	հաուս	55
haus	հաուսը	14
hause	հաուսը	14
hausi	հաուսի	23
hausu	հաուսը	14
hausy	հաուսը	14
havakacu	հավաքածու	29
havakacun	հավաքածուն	29
havakacuner	հավաքածուները	49
havakacunere	հավաքածուները	49
havakacuneru	հավաքածուները	49
havakacunery	հավաքածուները	49
havakakan	հավաքական	14
havakakrel	հավաքագրել	14
havakeci	հավաքեցի	14
havakel	հավաքել	164
havakelu	հավաքելու	14
havakes	հավաքես	14
havaki	հավաքի	14
havakneri	հավակների	14
havaknerin	հավաքներին	38
havaknum	հավակնում	14
havakum	հավաքում	160
havakuytner	հավաքույթներ	29
havakuytneri	հավաքույթների	23
havakvac	հավաքված	29
havakvec	հավաքվեց	14
havakvel	հավաքվել	23
havakven	հավաքվեն	29
havakvum	հավաքվում	160
havanakan	հավանական	14
havanakanutyamp	հավանականությամբ	14
havanapar	հավանաբար	176
havanel	հավանել	38
havanem	հավանեմ	14
havanum	հավանում	38
havasar	հավասար	23
havasarecnum	հավասարեցնում	29
havat	հավատ	29
havat	հավատը	14
havata	հավատա	160
havatacac	հավատացած	14
havatacek	հավատացեք	59
havatacel	հավատացել	14
havataci	հավատացի	38
havatacnum	հավատացնում	14
havatacyal	հավատացյալ	14
havatacyalin	հավատացյալին	14
havatal	հավատալ	14
havatalu	հավատալու	14
havatarim	հավատարիմ	29
havate	հավատը	14
havati	հավատի	23
havatk	հավատք	23
havatk	հավատքը	14
havatke	հավատքը	14
havatki	հավատքի	23
havatkn	հավատքն	14
havatkov	հավատքով	34
havatku	հավատքը	14
havatky	հավատքը	14
havats	հավատս	29
havatu	հավատը	14
havatum	հավատում	176
havaty	հավատը	14
havelavjar	հավելավճար	23
havelem	հավելեմ	49
havelum	հավելում	14
havelumner	հավելումներ	14
havelvac	հավելված	14
havelvacner	հավելվածներ	160
havelyal	հավելյալ	47
haverj	հավերժ	14
haves	հավես	53
havi	հավի	172
hawiv	հաշիվ	49
hawt	հաշտ	38
hawtec	հաշտեց	14
hawtutyun	հաշտություն	14
hawtvum	հաշտվում	14
hawvac	հաշված	38
hawvapahn	հաշվապահն	14
hawvark	հաշվարկ	14
hawvarki	հաշվարկի	23
hawvarkum	հաշվարկում	14
hawvarkvum	հաշվարկվում	29
hawvek	հաշվեք	14
hawvel	հաշվել	42
hawveli	հաշվելի	29
hawvi	հաշվի	172
hawvin	հաշվին	44
hawvov	հաշվով	34
hawvum	հաշվում	34
hay	հայ	86
hay	հաը	29
hay	հայը	23
hayack	հայացք	23
hayack	հայացքը	14
hayacke	հայացքը	14
hayackic	հայացքից	44
hayacku	հայացքը	14
hayacky	հայացքը	14
hayastan	հայաստան	80
hayastan	հայաստանը	47
hayastanci	հայաստանցի	23
hayastane	հայաստանը	47
hayastani	հայաստանի	76
hayastanic	հայաստանից	42
hayastanin	հայաստանին	14
hayastann	հայաստանն	14
hayastanu	հայաստանը	47
hayastanum	հայաստանում	93
hayastany	հայաստանը	47
hayastanyan	հայաստանյան	23
haycatimumner	հայցադիմումներ	29
haye	հայը	23
hayecakarkov	հայեցակարգով	14
hayeci	հայեցի	23
hayeli	հայելի	14
hayelin	հայելին	42
hayelu	հայելու	42
hayer	հայեր	42
hayer	հայերը	23
hayere	հայերը	23
hayeren	հայերեն	34
hayeri	հայերի	47
hayeric	հայերից	14
hayerin	հայերին	47
hayeris	հայերիս	42
hayern	հայերն	23
hayers	հայերս	42
hayeru	հայերը	23
hayery	հայերը	23
hayhoyum	հայհոյում	34
hayi	հայի	14
hayk	հայկ	198
hayk	հայկը	14
haykakan	հայկական	180
haykakan	հայկականը	14
haykakane	հայկականը	14
haykakani	հայկականի	34
haykakanu	հայկականը	14
haykakany	հայկականը	14
hayke	հայկը	14
haykin	հայկին	29
haykinkic	հայկինգից	23
hayko	հայկո	29
haykon	հայկոն	49
haykoyi	հայկոյի	38
hayku	հայկը	14
hayky	հայկը	14
haylu	հայլու	14
hayoc	հայոց	23
hayr	հայրը	162
hayr	հայր	74
hayrakan	հայրական	42
hayranal	հայրանալ	14
hayrapet	հայրապետը	14
hayrapete	հայրապետը	14
hayrapeti	հայրապետի	14
hayrapetin	հայրապետին	14
hayrapetu	հայրապետը	14
hayrapety	հայրապետը	14
hayre	հայրը	162
hayrenakicner	հայրենակիցները	47
hayrenakicner	հայրենակիցներ	29
hayrenakicnere	հայրենակիցները	47
hayrenakicneri	հայրենակիցների	38
hayrenakicneric	հայրենակիցներից	23
hayrenakicnerin	հայրենակիցներին	34
hayrenakicneru	հայրենակիցները	47
hayrenakicnery	հայրենակիցները	47
hayrenaser	հայրենասեր	14
hayrenasirakan	հայրենասիրական	14
hayrenasirutyun	հայրենասիրությունը	14
hayrenasirutyune	հայրենասիրությունը	14
hayrenasirutyunu	հայրենասիրությունը	14
hayrenasirutyuny	հայրենասիրությունը	14
hayrenik	հայրենիք	44
hayrenik	հայրենիքը	34
hayrenike	հայրենիքը	34
hayreniki	հայրենիքի	38
hayrenikn	հայրենիքն	34
hayreniku	հայրենիքը	34
hayrenikum	հայրենիքում	34
hayreniky	հայրենիքը	34
hayrik	հայրիկ	190
hayrik	հայրիկը	29
hayrike	հայրիկը	29
hayriki	հայրիկի	58
hayrikics	հայրիկիցս	14
hayrikin	հայրիկին	42
hayrikis	հայրիկիս	49
hayrikit	հայրիկիդ	42
hayrikn	հայրիկն	14
hayriks	հայրիկս	23
hayriku	հայրիկը	29
hayriky	հայրիկը	29
hayrn	հայրն	53
hayrs	հայրս	166
hayrsi	հայրսի	23
hayrt	հայրդ	29
hayru	հայրը	162
hayrutyan	հայրությանը	23
hayrutyane	հայրությանը	23
hayrutyanu	հայրությանը	23
hayrutyany	հայրությանը	23
hayry	հայրը	162
hayt	հայտ	23
hayt	հայտը	14
haytararecin	հայտարարեցին	14
haytararel	հայտարարել	23
haytararelov	հայտարարելով	38
haytararum	հայտարարում	14
haytararutyamp	հայտարարությամբ	29
haytararutyan	հայտարարության	14
haytararutyunic	հայտարարությունից	14
haytararutyunner	հայտարարությունները	23
haytararutyunner	հայտարարություններ	14
haytararutyunnere	հայտարարությունները	23
haytararutyunneru	հայտարարությունները	23
haytararutyunnery	հայտարարությունները	23
hayte	հայտը	14
haytnapervel	հայտնաբերվել	14
haytnec	հայտնեց	14
haytnecin	հայտնեցին	23
haytnecir	հայտնեցիր	14
haytnek	հայտնեք	14
haytnel	հայտնել	51
haytnem	հայտնեմ	14
haytnenk	հայտնենք	23
haytni	հայտնի	174
haytniutyan	հայտնիության	14
haytnum	հայտնում	38
haytnvac	հայտնված	23
haytnvec	հայտնվեց	44
haytnveci	հայտնվեցի	23
haytnvecin	հայտնվեցին	29
haytnvecir	հայտնվեցիր	23
haytnvel	հայտնվել	63
haytnvel	հայտնվելը	23
haytnvele	հայտնվելը	23
haytnvelu	հայտնվելը	23
haytnveluc	հայտնվելուց	14
haytnvely	հայտնվելը	23
haytnvi	հայտնվի	34
haytnvum	հայտնվում	62
haytok	հայդոք	14
haytu	հայտը	14
hayty	հայտը	14
hayu	հայը	23
hayu	հայու	14
hayutyun	հայություն	23
hayutyun	հայությունը	14
hayutyune	հայությունը	14
hayutyunu	հայությունը	14
hayutyuny	հայությունը	14
hayy	հայը	23
hazar	հազար	44
hazaramyakneri	հազարամյակների	14
hazaravor	հազարավոր	23
haziv	հազիվ	172
hazvatep	հազվադեպ	164
he	ըհը	44
he	հե	14
he	հը	14
hecaniv	հեծանիվ	162
hej	հեչ	23
hejuks	հեճուկս	23
hekyat	հեքիաթ	23
hekyat	հեքիաթը	14
hekyatayin	հեքիաթային	14
hekyate	հեքիաթը	14
hekyatner	հեքիաթներ	14
hekyatu	հեքիաթը	14
hekyaty	հեքիաթը	14
helel	հելել	23
helnum	հելնում	14
henc	հենց	208
henman	հենման	14
heqapoxakanneric	հեղափոխականներից	23
heqapoxutyan	հեղափոխությանը	23
heqapoxutyane	հեղափոխությանը	23
heqapoxutyanu	հեղափոխությանը	23
heqapoxutyany	հեղափոխությանը	23
heqapoxutyun	հեղափոխությունը	23
heqapoxutyun	հեղափոխություն	14
heqapoxutyune	հեղափոխությունը	23
heqapoxutyunic	հեղափոխությունից	14
heqapoxutyunu	հեղափոխությունը	23
heqapoxutyuny	հեղափոխությունը	23
heqinak	հեղինակ	38
heqinak	հեղինակը	23
heqinakavor	հեղինակավոր	34
heqinakayin	հեղինակային	14
heqinake	հեղինակը	23
heqinakel	հեղինակել	14
heqinakin	հեղինակին	14
heqinakn	հեղինակն	14
heqinakneric	հեղինակներից	14
heqinaku	հեղինակը	23
heqinakutyan	հեղինակությանը	14
heqinakutyane	հեղինակությանը	14
heqinakutyanu	հեղինակությանը	14
heqinakutyany	հեղինակությանը	14
heqinakutyun	հեղինակություն	23
heqinakutyunn	հեղինակությունն	14
heqinakutyunner	հեղինակություններ	23
heqinakutyunneri	հեղինակությունների	23
heqinaky	հեղինակը	23
hequk	հեղուկ	29
heracav	հեռացավ	29
heracel	հեռացել	23
heracman	հեռացման	14
heracnel	հեռացնել	14
heracnelu	հեռացնելու	14
heracnenk	հեռացնենք	42
heracnum	հեռացնում	44
heracrel	հեռացրել	14
heracrin	հեռացրին	23
heracu	հերացու	14
heracum	հեռացումը	14
heracume	հեռացումը	14
heracumu	հեռացումը	14
heracumy	հեռացումը	14
heracvi	հեռացվի	47
heracvum	հեռացվում	44
herana	հեռանա	14
herankarayin	հեռանկարային	34
heranum	հեռանում	44
herarcakvoq	հեռարձակվող	14
herarcakvum	հեռարձակվում	14
heravor	հեռավոր	14
heravorutyan	հեռավորության	38
heravorutyun	հեռավորությունը	14
heravorutyune	հեռավորությունը	14
heravorutyunu	հեռավորությունը	14
heravorutyuny	հեռավորությունը	14
heraxos	հեռախոսը	23
heraxosahamar	հեռախոսահամարը	53
heraxosahamare	հեռախոսահամարը	53
heraxosahamarov	հեռախոսահամարով	58
heraxosahamaru	հեռախոսահամարը	53
heraxosahamary	հեռախոսահամարը	53
heraxose	հեռախոսը	23
heraxosi	հեռախոսի	23
heraxosis	հեռախոսիս	14
heraxosner	հեռախոսներ	29
heraxosov	հեռախոսով	160
heraxosu	հեռախոսը	23
heraxosy	հեռախոսը	23
herci	հերցի	14
heres	հեռես	38
herik	հերիք	51
herikum	հերիքում	34
herkum	հերքում	23
hermes	հերմես	42
hermetik	հերմետիկ	14
hermine	հերմինե	14
heros	հերոս	38
herosi	հերոսի	23
herosin	հերոսին	38
herosn	հերոսն	14
herosuhi	հերոսուհի	23
hert	հերթը	23
hertakan	հերթական	160
hertakanutyan	հերթականության	29
herte	հերթը	23
hertin	հերթին	162
hertn	հերթն	34
hertov	հերթով	42
hertu	հերթը	23
herty	հերթը	23
heru	հեռու	178
herustaalikneric	հեռուստաալիքներից	23
herustaaliknerov	հեռուստաալիքներով	14
herustacuyc	հեռուստացույց	166
herustacuyci	հեռուստացույցի	14
herustaenkerutyan	հեռուստաընկերության	23
herustaenkerutyun	հեռուստաընկերություն	23
herustaenkerutyunic	հեռուստաընկերությունից	14
herustaenkerutyunum	հեռուստաընկերությունում	14
herustankerutyan	հեռուստաընկերության	23
herustankerutyun	հեռուստաընկերություն	23
herustankerutyunic	հեռուստաընկերությունից	14
herustankerutyunum	հեռուստաընկերությունում	14
herustatesutyun	հեռուստատեսություն	34
herustatesutyunic	հեռուստատեսությունից	23
herustatesutyunum	հեռուստատեսությունում	14
herustatitoqi	հեռուստադիտողի	14
herustatitoqn	հեռուստադիտողն	14
herustatitoqner	հեռուստադիտողներ	14
herustatitoqneri	հեռուստադիտողների	14
herustaunkerutyan	հեռուստաընկերության	23
herustaunkerutyun	հեռուստաընկերություն	23
herustaunkerutyunic	հեռուստաընկերությունից	14
herustaunkerutyunum	հեռուստաընկերությունում	14
herustaynkerutyan	հեռուստաընկերության	23
herustaynkerutyun	հեռուստաընկերություն	23
herustaynkerutyunic	հեռուստաընկերությունից	14
herustaynkerutyunum	հեռուստաընկերությունում	14
hervacnel	հեռվացնել	14
hervacnum	հեռվացնում	14
hervum	հեռվում	14
hesa	հեսա	47
het	հետ	216
het	հետը	14
hetak	հետաք	14
hetaka	հետագա	23
hetakayum	հետագայում	59
hetakrk	հետաքրք	23
hetakrkir	հետաքրքիր	206
hetakrkirn	հետաքրքիրն	29
hetakrkrec	հետաքրքրեց	29
hetakrkrel	հետաքրքրել	44
hetakrkrelu	հետաքրքրելու	29
hetakrkroq	հետաքրքրող	29
hetakrkrum	հետաքրքրում	162
hetakrkrutyun	հետաքրքրություն	14
hetakrkrutyun	հետաքրքրությունը	14
hetakrkrutyune	հետաքրքրությունը	14
hetakrkrutyunu	հետաքրքրությունը	14
hetakrkrutyuny	հետաքրքրությունը	14
hetakrkrvac	հետաքրքրված	160
hetakrkrvel	հետաքրքրվել	38
hetakrkrven	հետաքրքրվեն	14
hetakrkrvum	հետաքրքրվում	14
hetapntum	հետապնդում	14
hetatarc	հետադարձ	14
hetatimakan	հետադիմական	14
hetaxuzman	հետախուզման	38
hetazotvum	հետազոտվում	23
hetckum	հետձգում	23
hetcntaperakan	հետծնդաբերական	14
hete	հետը	14
hetev	հետեւը	23
hetevank	հետեւանք	38
hetevankner	հետեւանքներ	23
hetevankneri	հետեւանքների	14
hetevapar	հետեւաբար	47
heteve	հետեւը	23
hetevek	հետեւեք	51
hetevel	հետեւել	160
heteveln	հետեւելն	14
hetevelov	հետեւելով	14
hetevi	հետեւի	29
hetevic	հետեւից	162
hetevn	հետեւն	23
hetevoq	հետեւող	14
hetevoqakan	հետեւողական	23
hetevort	հետեւորդ	42
hetevortner	հետեւորդներ	34
hetevortner	հետեւորդները	14
hetevortnere	հետեւորդները	14
hetevortneri	հետեւորդների	14
hetevortneric	հետեւորդներից	29
hetevortnerin	հետեւորդներին	14
hetevortnern	հետեւորդներն	14
hetevortneru	հետեւորդները	14
hetevortnery	հետեւորդները	14
hetevu	հետեւը	23
hetevum	հետեւում	168
hetevy	հետեւը	23
hetevyaln	հետեւյալն	34
hethayac	հետհայաց	14
hethayack	հետհայացք	14
heti	հետի	14
hetin	հետին	23
hetk	հետք	29
hetker	հետքերը	47
hetkere	հետքերը	47
hetkeri	հետքերի	14
hetkeric	հետքերից	29
hetkerov	հետքերով	14
hetkeru	հետքերը	47
hetkery	հետքերը	47
hetn	հետն	14
heto	հետո	206
hets	հետս	14
hetu	հետը	14
hetvirahatakan	հետվիրահատական	14
hety	հետը	14
hewt	հեշտ	188
hewtacel	հեշտացել	23
hewtacnenk	հեշտացնենք	23
hewtacnum	հեշտացնում	38
hewtin	հեշտին	14
hewtoren	հեշտորեն	14
hewtutyamp	հեշտությամբ	164
hezutyun	հեզությունը	14
hezutyune	հեզությունը	14
hezutyunu	հեզությունը	14
hezutyuny	հեզությունը	14
hilsi	հիլսի	14
hilsum	հիլսում	23
hilzum	հիլզում	34
hima	հիմա	212
himan	հիման	61
himar	հիմար	29
himaranum	հիմարանում	23
himariki	հիմարիկի	34
himarutyun	հիմարություն	14
himk	հիմք	14
himk	հիմքը	14
himke	հիմքը	14
himkerum	հիմքերում	14
himki	հիմքի	23
himkn	հիմքն	23
himkov	հիմքով	34
himku	հիմքը	14
himkum	հիմքում	29
himky	հիմքը	14
himnakan	հիմնական	168
himnakanum	հիմնականում	192
himnatir	հիմնադիր	49
himnatir	հիմնադիրը	42
himnatire	հիմնադիրը	42
himnatirn	հիմնադիրն	38
himnatirner	հիմնադիրներ	23
himnatirneri	հիմնադիրների	29
himnatirneric	հիմնադիրներից	23
himnatiru	հիմնադիրը	42
himnatiry	հիմնադիրը	42
himnatram	հիմնադրամը	23
himnatrame	հիմնադրամը	23
himnatrami	հիմնադրամի	44
himnatramu	հիմնադրամը	23
himnatramy	հիմնադրամը	23
himnatrel	հիմնադրել	14
himnatri	հիմնադրի	14
himnatrvel	հիմնադրվել	44
himneci	հիմնեցի	38
himnel	հիմնել	23
himnvac	հիմնված	14
hin	հին	192
hink	հինգ	172
hink	հինգը	49
hinke	հինգը	49
hinkerort	հինգերորդ	29
hinkic	հինգից	47
hinkin	հինգին	49
hinkn	հինգն	14
hinku	հինգը	49
hinky	հինգը	49
hipop	հիպոպ	44
hisus	հիսուս	14
hisusi	հիսուսի	14
hit	հիթ	23
hitromakroq	հիդրոմաքրող	14
hivant	հիվանդ	166
hivant	հիվանդը	55
hivantacel	հիվանդացել	14
hivantanoc	հիվանդանոց	160
hivantanocum	հիվանդանոցում	172
hivantanum	հիվանդանում	29
hivante	հիվանդը	55
hivanti	հիվանդի	29
hivantin	հիվանդին	38
hivantner	հիվանդներ	44
hivantner	հիվանդները	44
hivantnere	հիվանդները	44
hivantneri	հիվանդների	47
hivantneru	հիվանդները	44
hivantnery	հիվանդները	44
hivantu	հիվանդը	55
hivantutyan	հիվանդության	23
hivantutyun	հիվանդություն	38
hivantutyun	հիվանդությունը	14
hivantutyune	հիվանդությունը	14
hivantutyunn	հիվանդությունն	14
hivantutyunner	հիվանդություններ	23
hivantutyunu	հիվանդությունը	14
hivantutyuny	հիվանդությունը	14
hivanty	հիվանդը	55
hiwacnum	հիշացնում	49
hiwarjan	հիշարժան	14
hiweci	հիշեցի	170
hiwecnel	հիշեցնել	34
hiwecnem	հիշեցնեմ	38
hiwecnenk	հիշեցնենք	14
hiwecnum	հիշեցնում	164
hiwecrec	հիշեցրեց	14
hiwek	հիշեք	53
hiwel	հիշել	172
hiwem	հիշեմ	14
hiwenk	հիշենք	29
hiwes	հիշես	14
hiwi	հիշի	162
hiwir	հիշիր	180
hiwoqutyan	հիշողության	23
hiwoqutyun	հիշողություն	14
hiwoqutyun	հիշողությունը	14
hiwoqutyune	հիշողությունը	14
hiwoqutyunn	հիշողությունն	14
hiwoqutyunner	հիշողություններ	166
hiwoqutyunner	հիշողությունները	164
hiwoqutyunnere	հիշողությունները	164
hiwoqutyunneri	հիշողությունների	14
hiwoqutyunneric	հիշողություններից	23
hiwoqutyunnern	հիշողություններն	14
hiwoqutyunneru	հիշողությունները	164
hiwoqutyunnery	հիշողությունները	164
hiwoqutyunu	հիշողությունը	14
hiwoqutyuny	հիշողությունը	14
hiwum	հիշում	198
hiwvoq	հիշվող	14
hl	հլը	62
hle	հլը	62
hlu	հլը	62
hly	հլը	62
hmayk	հմայք	14
hmayum	հմայում	23
hmtutyun	հմտություն	23
hmtutyunnerin	հմտություններին	23
hmtutyunnern	հմտություններն	14
hn	ըհն	23
hnakitutyan	հնագիտության	38
hnaramitneri	հնարամիտների	14
hnaravor	հնարավոր	186
hnaravorin	հնարավորին	14
hnaravorins	հնարավորինս	160
hnaravorutyan	հնարավորության	14
hnaravorutyun	հնարավորություն	176
hnaravorutyun	հնարավորությունը	34
hnaravorutyune	հնարավորությունը	34
hnaravorutyunner	հնարավորություններ	160
hnaravorutyunner	հնարավորությունները	14
hnaravorutyunnere	հնարավորությունները	14
hnaravorutyunnern	հնարավորություններն	29
hnaravorutyunnerov	հնարավորություններով	29
hnaravorutyunneru	հնարավորությունները	14
hnaravorutyunnery	հնարավորությունները	14
hnaravorutyunu	հնարավորությունը	34
hnaravorutyuny	հնարավորությունը	34
hncanaharku	հնձանահարկու	14
hnecvum	հնեցվում	14
hni	հնի	23
hnjecnum	հնչեցնում	34
hnjecrel	հնչեցրել	14
hnjel	հնչել	14
hnjequtyun	հնչեղություն	14
hnji	հնչի	23
hnjoq	հնչող	29
hnjoqutyamp	հնչողությամբ	29
hnjum	հնչում	176
hnjyunayin	հնչյունային	14
hnjyunn	հնչյունն	14
hnjyunov	հնչյունով	14
hntkacavari	հնդկաձավարի	14
ho	հո	47
hok	հոգ	172
hok	հոգը	14
hokalu	հոգալու	14
hokatar	հոգատար	14
hokatarutyan	հոգատարության	29
hokatarutyun	հոգատարություն	38
hokatarutyunn	հոգատարությունն	14
hoke	հոգը	14
hokeharazat	հոգեհարազատ	23
hokeijak	հոգեիճակը	14
hokeijake	հոգեիճակը	14
hokeijaki	հոգեիճակի	23
hokeijaku	հոգեիճակը	14
hokeijaky	հոգեիճակը	14
hokekan	հոգեկան	14
hokepan	հոգեբան	44
hokepanakan	հոգեբանական	34
hokepani	հոգեբանի	61
hokepann	հոգեբանն	14
hokepanneri	հոգեբանների	29
hokepannern	հոգեբաններն	29
hokepanoren	հոգեբանորեն	14
hokepanutyan	հոգեբանության	14
hokepanutyunn	հոգեբանությունն	14
hokepes	հոգեպես	53
hokevijak	հոգեւիճակը	34
hokevijake	հոգեւիճակը	34
hokevijaki	հոգեւիճակի	14
hokevijakn	հոգեւիճակն	14
hokevijaku	հոգեւիճակը	34
hokevijakum	հոգեւիճակում	23
hokevijaky	հոգեւիճակը	34
hokevor	հոգեւոր	38
hokevor	հոգեւորը	23
hokevorakan	հոգեւորական	23
hokevorakani	հոգեւորականի	14
hokevorakanneric	հոգեւորականներից	14
hokevore	հոգեւորը	23
hokevoru	հոգեւորը	23
hokevory	հոգեւորը	23
hoki	հոգի	168
hokin	հոգին	164
hokinerum	հոգիներում	23
hokis	հոգիս	23
hoknac	հոգնած	188
hoknecnum	հոգնեցնում	14
hoknecucij	հոգնեցուցիչ	162
hoknel	հոգնել	162
hoknes	հոգնես	14
hoknum	հոգնում	168
hokov	հոգով	44
hoks	հոգսը	14
hokse	հոգսը	14
hokser	հոգսերը	29
hoksere	հոգսերը	29
hokseru	հոգսերը	29
hoksery	հոգսերը	29
hoksu	հոգսը	14
hoksy	հոգսը	14
hoktemper	հոկտեմբեր	14
hoktemperi	հոկտեմբերի	38
hoktemperin	հոկտեմբերին	23
hoku	հոգու	160
hoku	հոգը	14
hokum	հոգում	14
hokut	հոգուդ	14
hoky	հոգը	14
hol	հոլը	14
hole	հոլը	14
holivutum	հոլիվուդում	23
holivutyan	հոլիվուդյան	42
holu	հոլը	14
holy	հոլը	14
homelneri	հոմելների	44
homi	հոմի	14
honkeri	հոնքերի	29
honkur	հոնքուր	29
honorarneric	հոնորարներից	14
hop	հոպ	34
hopar	հոպար	14
hoq	հող	34
hoqaktorn	հողակտորն	29
hoqeri	հողերի	29
hoqi	հողի	42
hoqn	հողն	14
hor	հոր	57
horakroj	հորաքրոջ	14
horakrojs	հորաքրոջս	14
horakuyr	հորաքույրը	14
horakuyre	հորաքույրը	14
horakuyru	հորաքույրը	14
horakuyry	հորաքույրը	14
horeqpayr	հորեղբայր	170
horeqpors	հորեղբորս	14
horinel	հորինել	14
horizonakanum	հորիզոնականում	23
horkur	հորքուրը	23
horkure	հորքուրը	23
horkuris	հորքուրիս	38
horkurn	հորքուրն	14
horkuru	հորքուրը	23
horkury	հորքուրը	23
hors	հորս	14
hort	հորդ	23
horti	հորդի	14
hortor	հորդոր	14
hortum	հորդում	14
hosanki	հոսանքի	14
hosk	հոսք	14
hoski	հոսքի	14
hospisi	հոսպիսի	14
hospisneri	հոսպիսների	29
hosum	հոսում	14
hot	հոտ	44
hot	հոտը	34
hotacavern	հոդացավերն	29
hote	հոտը	34
hoteri	հոդերի	44
hotn	հոտն	14
hotokner	հոտոկներ	23
hotov	հոտով	38
hotu	հոտը	34
hotvac	հոդված	164
hoty	հոտը	34
hov	հով	14
hovacel	հովացել	14
hovan	հովան	14
hovanavori	հովանավորի	23
hovanavorn	հովանավորն	23
hovanu	հովանու	14
hovhannes	հովհաննեսը	34
hovhannese	հովհաննեսը	34
hovhannesu	հովհաննեսը	34
hovhannesy	հովհաննեսը	34
hovhannisyan	հովհաննիսյան	14
hovhannisyann	հովհաննիսյանն	14
hovik	հովիկ	14
hovti	հովտի	14
hovvutyun	հովվությունը	14
hovvutyune	հովվությունը	14
hovvutyunu	հովվությունը	14
hovvutyuny	հովվությունը	14
hoyakap	հոյակապ	42
hpart	հպարտ	58
hpartacel	հպարտացել	42
hpartanalu	հպարտանալու	14
hpartanum	հպարտանում	47
hpartutyamp	հպարտությամբ	23
hpartutyan	հպարտության	14
hpartutyun	հպարտություն	14
hqi	հղի	29
hqiutyan	հղիության	34
hqiutyunic	հղիությունից	14
hqyazoler	հղիազոլեր	23
hqyazoleri	հղիազոլերի	29
hqyazoric	հղիազորից	29
hraj	հրաչ	23
hrajarakan	հրաժարականը	23
hrajarakane	հրաժարականը	23
hrajarakanu	հրաժարականը	23
hrajarakany	հրաժարականը	23
hrajarvel	հրաժարվել	29
hrajarvum	հրաժարվում	34
hraji	հրաչի	14
hrajin	հրաչին	29
hramanov	հրամանով	14
hramcnum	հրամցնում	14
hranti	հրանտի	14
hraparak	հրապարակ	23
hraparakayin	հրապարակային	14
hraparakel	հրապարակել	29
hraparakman	հրապարակման	23
hraparakn	հրապարակն	14
hraparakum	հրապարակում	53
hraparakum	հրապարակումը	14
hraparakume	հրապարակումը	14
hraparakumner	հրապարակումներ	14
hraparakumneric	հրապարակումներից	14
hraparakumu	հրապարակումը	14
hraparakumy	հրապարակումը	14
hrapux	հրաբուխ	42
hraver	հրավեր	29
hraveri	հրավերի	38
hraverki	հրավերքի	14
hravern	հրավերն	14
hraverner	հրավերները	14
hravernere	հրավերները	14
hraverneru	հրավերները	14
hravernery	հրավերները	14
hraverov	հրավերով	42
hravirec	հրավիրեց	14
hravirel	հրավիրել	38
hraviren	հրավիրեն	14
hravirum	հրավիրում	49
hravirvac	հրավիրված	23
hravirvum	հրավիրվում	14
hrawali	հրաշալի	192
hrawk	հրաշք	164
hrawk	հրաշքը	14
hrawke	հրաշքը	14
hrawkn	հրաշքն	14
hrawkner	հրաշքներ	47
hrawkneri	հրաշքների	14
hrawku	հրաշքը	14
hrawky	հրաշքը	14
hrewtak	հրեշտակը	23
hrewtak	հրեշտակ	14
hrewtake	հրեշտակը	23
hrewtakn	հրեշտակն	14
hrewtaku	հրեշտակը	23
hrewtaky	հրեշտակը	23
hrjakvac	հռչակված	42
hromi	հռոմի	29
hskayakan	հսկայական	34
hskel	հսկել	14
hskoqutyan	հսկողության	38
hskoqutyun	հսկողությունը	23
hskoqutyune	հսկողությունը	23
hskoqutyunu	հսկողությունը	23
hskoqutyuny	հսկողությունը	23
hskum	հսկում	14
hstak	հստակ	176
hu	հը	14
hukan	հուկան	23
hum	հում	14
humk	հումքը	51
humk	հումք	23
humke	հումքը	51
humki	հումքի	51
humkic	հումքից	34
humkov	հումքով	34
humku	հումքը	51
humky	հումքը	51
humor	հումոր	38
humor	հումորը	14
humorayin	հումորային	14
humore	հումորը	14
humori	հումորի	14
humorist	հումորիստ	14
humorn	հումորն	14
humorner	հումորներ	14
humorov	հումորով	42
humoru	հումորը	14
humory	հումորը	14
hunakan	հունական	55
hunastan	հունաստան	42
hunastanum	հունաստանում	14
hunic	հունից	42
hunin	հունին	14
hunis	հունիս	14
hunisin	հունիսին	29
hunov	հունով	166
hunvar	հունվար	29
hunvari	հունվարի	14
huqarkavorein	հուղարկավորեին	14
husam	հուսամ	166
husank	հուսանք	172
husov	հուսով	194
huwahamalir	հուշահամալիրը	23
huwahamalire	հուշահամալիրը	23
huwahamaliru	հուշահամալիրը	23
huwahamaliry	հուշահամալիրը	23
huwarcan	հուշարձանը	23
huwarcane	հուշարձանը	23
huwarcanu	հուշարձանը	23
huwarcany	հուշարձանը	23
huwem	հուշեմ	38
huwum	հուշում	29
huyni	հույնի	44
huys	հույս	182
huys	հույսը	23
huyse	հույսը	23
huysi	հույսի	14
huysov	հույսով	162
huyss	հույսս	44
huysu	հույսը	23
huysy	հույսը	23
huzakan	հուզական	14
huzakanutyan	հուզականության	14
huzel	հուզել	14
huzij	հուզիչ	38
huziw	հուզիշ	23
huzmunk	հուզմունք	14
huzmunk	հուզմունքը	14
huzmunke	հուզմունքը	14
huzmunku	հուզմունքը	14
huzmunky	հուզմունքը	14
huzoq	հուզող	23
huzum	հուզում	14
huzvac	հուզված	14
huzvel	հուզվել	23
huzvelu	հուզվելու	14
huzvum	հուզվում	38
hy	հը	14
hyacac	հիացած	49
hyacel	հիացել	14
hyacnum	հիացնում	23
hyanal	հիանալ	14
hyanali	հիանալի	192
hyanum	հիանում	29
hyaskanj	հիասքանչ	162
hyastapecnelu	հիասթափեցնելու	14
hyastapecrel	հիասթափեցրել	23
hyastaputyun	հիասթափություն	29
hyastaputyunner	հիասթափություններ	14
hyastapveci	հիասթափվեցի	34
hyastapvel	հիասթափվել	23
hyur	հյուրը	44
hyur	հյուր	38
hyuranoc	հյուրանոց	14
hyurasirum	հյուրասիրում	14
hyurasirutyun	հյուրասիրություն	14
hyurasirvek	հյուրասիրվեք	14
hyuratan	հյուրատանը	14
hyuratane	հյուրատանը	14
hyuratanu	հյուրատանը	14
hyuratany	հյուրատանը	14
hyure	հյուրը	44
hyurenkal	հյուրընկալ	55
hyurenkalel	հյուրընկալել	23
hyurenkalelu	հյուրընկալելու	23
hyurenkalvel	հյուրընկալվել	14
hyurenkalvelu	հյուրընկալվելու	14
hyurer	հյուրեր	23
hyurer	հյուրերը	14
hyurere	հյուրերը	14
hyureri	հյուրերի	58
hyurerin	հյուրերին	34
hyureris	հյուրերիս	14
hyureru	հյուրերը	14
hyurery	հյուրերը	14
hyurin	հյուրին	23
hyurn	հյուրն	47
hyurnkal	հյուրընկալ	55
hyurnkalel	հյուրընկալել	23
hyurnkalelu	հյուրընկալելու	23
hyurnkalvel	հյուրընկալվել	14
hyurnkalvelu	հյուրընկալվելու	14
hyuru	հյուրը	44
hyurunkal	հյուրընկալ	55
hyurunkalel	հյուրընկալել	23
hyurunkalelu	հյուրընկալելու	23
hyurunkalvel	հյուրընկալվել	14
hyurunkalvelu	հյուրընկալվելու	14
hyury	հյուրը	44
hyurynkal	հյուրընկալ	55
hyurynkalel	հյուրընկալել	23
hyurynkalelu	հյուրընկալելու	23
hyurynkalvel	հյուրընկալվել	14
hyurynkalvelu	հյուրընկալվելու	14
hyusisayin	հյուսիսային	44
hyut	հյութ	34
hyut	հյութը	14
hyute	հյութը	14
hyuteq	հյութեղ	14
hyutov	հյութով	14
hyutu	հյութը	14
hyuty	հյութը	14
hzor	հզոր	58
i	ի	112
ic	ից	82
iharke	իհարկե	206
ij	իչ	14
ija	իջա	14
ijav	իջավ	14
ijecnum	իջեցնում	38
ijel	իջել	14
ijevani	իջեւանի	29
ijni	իջնի	23
ijnum	իջնում	42
ikakan	իգական	14
iks	իքսը	23
ikse	իքսը	23
iksu	իքսը	23
iksy	իքսը	23
ilham	իլհամ	29
ilona	իլոնա	23
im	իմ	216
im	իմը	57
imaca	իմացա	51
imacac	իմացած	42
imacak	իմացաք	14
imacank	իմացանք	23
imacar	իմացար	34
imacav	իմացավ	29
imacek	իմացեք	23
imacel	իմացել	61
imaci	իմացի	14
imacutyun	իմացությունը	23
imacutyune	իմացությունը	23
imacutyunu	իմացությունը	23
imacutyuny	իմացությունը	23
imana	իմանա	14
imanal	իմանալ	172
imanal	իմանալը	14
imanale	իմանալը	14
imanalis	իմանալիս	23
imanalov	իմանալով	29
imanalu	իմանալը	14
imanalu	իմանալու	14
imanaly	իմանալը	14
imanam	իմանամ	14
imanan	իմանան	29
imanank	իմանանք	23
imanar	իմանար	14
imanas	իմանաս	23
imanayi	իմանայի	29
imanum	իմանում	23
imast	իմաստը	29
imast	իմաստ	23
imaste	իմաստը	29
imastov	իմաստով	64
imastu	իմաստը	29
imastun	իմաստուն	164
imasty	իմաստը	29
ime	իմը	57
imijyayloc	իմիջիայլոց	34
imn	իմն	57
implanti	իմպլանտի	38
implantner	իմպլանտները	29
implantnere	իմպլանտները	29
implantnerov	իմպլանտներով	14
implantneru	իմպլանտները	29
implantnery	իմպլանտները	29
implantum	իմպլանտում	62
implantum	իմպլանտումը	51
implantume	իմպլանտումը	51
implantumi	իմպլանտումի	51
implantumu	իմպլանտումը	51
implantumy	իմպլանտումը	51
implantunkic	իմպլանտունքից	14
improviz	իմպրովիզ	14
improvizner	իմպրովիզներ	14
imu	իմը	57
imy	իմը	57
in	-ին	166
in	ին	166
in	ինը	47
inc	ինձ	214
incanic	ինձանից	55
inci	ինձի	42
incnic	ինձնից	53
ine	ինը	47
infarkt	ինֆարկտը	34
infarkte	ինֆարկտը	34
infarktu	ինֆարկտը	34
infarkty	ինֆարկտը	34
informacya	ինֆորմացիա	49
informacyan	ինֆորմացիան	70
inic	ինից	23
inj	ինչ	224
inj	ինչը	166
injakan	ինչական	14
inje	ինչը	166
injener	ինժեներ	14
injer	ինչեր	49
injeri	ինչերի	14
inji	ինչի	186
injic	ինչից	166
injin	ինչին	59
injkan	ինչքան	180
injkanov	ինչքանով	49
injn	ինչն	184
injor	ինչ-որ	204
injor	ինչոր	14
injov	ինչով	182
injpe	ինչպե	164
injpes	ինչպես	214
injpisi	ինչպիսի	168
injpisik	ինչպիսիք	14
injpisin	ինչպիսին	80
inju	ինչու	186
inju	ինչը	166
injum	ինչում	14
injumn	ինչումն	44
injy	ինչը	166
ink	ինքը	166
ink	ինք	14
inkayi	ինգայի	14
inke	ինքը	166
inkn	ինքն	166
inknajanajum	ինքնաճանաչում	23
inknaknahatakan	ինքնագնահատականը	23
inknaknahatakane	ինքնագնահատականը	23
inknaknahatakani	ինքնագնահատականի	23
inknaknahatakanu	ինքնագնահատականը	23
inknaknahatakany	ինքնագնահատականը	23
inknanpatak	ինքնանպատակ	14
inknapawtpanutyunn	ինքնապաշտպանությունն	14
inknaperapar	ինքնաբերաբար	14
inknaspanutyun	ինքնասպանությունը	29
inknaspanutyune	ինքնասպանությունը	29
inknaspanutyunu	ինքնասպանությունը	29
inknaspanutyuny	ինքնասպանությունը	29
inknatir	ինքնաթիռը	14
inknatire	ինքնաթիռը	14
inknatiru	ինքնաթիռը	14
inknatiry	ինքնաթիռը	14
inknavstah	ինքնավստահ	34
inknavstahutyun	ինքնավստահությունը	23
inknavstahutyun	ինքնավստահություն	14
inknavstahutyune	ինքնավստահությունը	23
inknavstahutyunu	ինքնավստահությունը	23
inknavstahutyuny	ինքնավստահությունը	23
inknaxapeutyun	ինքնախաբեություն	14
inkners	ինքներս	34
inknert	ինքներդ	64
inknin	ինքնին	38
inknuruyn	ինքնուրույն	29
inknutyunn	ինքնությունն	14
inks	ինքս	176
inkt	ինքդ	176
inku	ինքը	166
inky	ինքը	166
innerort	իններորդ	34
instakramyan	ինստագրամյան	42
institut	ինստիտուտ	42
institut	ինստիտուտը	38
institute	ինստիտուտը	38
instituti	ինստիտուտի	29
institutu	ինստիտուտը	38
institutum	ինստիտուտում	29
instituty	ինստիտուտը	38
intekrel	ինտեգրել	23
intekrum	ինտեգրումը	14
intekrume	ինտեգրումը	14
intekrumu	ինտեգրումը	14
intekrumy	ինտեգրումը	14
interic	ինտերից	23
internet	ինտերնետ	29
intervyu	ինտերվյու	14
intervyui	ինտերվյուի	14
intervyuic	ինտերվյուից	38
intim	ինտիմ	38
intivitual	ինդիվիդուալ	29
intravert	ինտրավերտ	23
intuicyan	ինտուիցիան	14
intustryayi	ինդուստրիայի	34
inu	ինը	47
invaziv	ինվազիվ	55
invizilayn	ինվիզիլայն	38
invizilayn	ինվիզիլայնը	23
invizilayne	ինվիզիլայնը	23
invizilaynu	ինվիզիլայնը	23
invizilayny	ինվիզիլայնը	23
inworansi	ինշորանսի	14
iny	ինը	47
ipr	իբր	42
iprev	իբրեւ	53
ir	իր	206
ira	իրա	84
irakan	իրական	172
irakanacnel	իրականացնել	42
irakanacnelu	իրականացնելու	14
irakanacnoq	իրականացնող	14
irakanacnum	իրականացնում	79
irakanacrel	իրականացրել	29
irakanacum	իրականացումը	14
irakanacume	իրականացումը	14
irakanacumu	իրականացումը	14
irakanacumy	իրականացումը	14
irakanacvel	իրականացվել	38
irakanacvelu	իրականացվելու	47
irakanacvi	իրականացվի	29
irakanacvoq	իրականացվող	42
irakanacvum	իրականացվում	55
irakann	իրականն	14
irakanum	իրականում	186
irakanutyan	իրականության	53
irakanutyan	իրականությանը	29
irakanutyane	իրականությանը	29
irakanutyanu	իրականությանը	29
irakanutyany	իրականությանը	29
irakanutyun	իրականությունը	49
irakanutyun	իրականություն	23
irakanutyune	իրականությունը	49
irakanutyunic	իրականությունից	23
irakanutyunn	իրականությունն	14
irakanutyunu	իրականությունը	49
irakanutyunum	իրականությունում	42
irakanutyuny	իրականությունը	49
irakorcel	իրագործել	23
iran	իրան	83
iran	իրանը	14
iranc	իրանց	49
irancic	իրանցից	14
irane	իրանը	14
irani	իրանի	14
iranic	իրանից	47
irank	իրանք	57
irann	իրանն	14
iranov	իրանով	23
iranu	իրանը	14
irany	իրանը	14
irar	իրար	176
iraramerj	իրարամերժ	38
iraric	իրարից	47
iratarcutyun	իրադարձություն	38
iratarcutyunner	իրադարձություններ	14
iratarcutyunner	իրադարձությունները	14
iratarcutyunnere	իրադարձությունները	14
iratarcutyunneri	իրադարձությունների	14
iratarcutyunneru	իրադարձությունները	14
iratarcutyunnery	իրադարձությունները	14
iravapan	իրավաբան	38
iravapanakan	իրավաբանական	14
iravapani	իրավաբանի	44
iravapanner	իրավաբաններ	34
iravapannerin	իրավաբաններին	29
iravapawtpan	իրավապաշտպան	14
iravijak	իրավիճակ	23
iravijak	իրավիճակը	23
iravijake	իրավիճակը	23
iravijaki	իրավիճակի	29
iravijakic	իրավիճակից	23
iravijakner	իրավիճակներ	14
iravijakner	իրավիճակները	14
iravijaknere	իրավիճակները	14
iravijakneri	իրավիճակների	14
iravijakneru	իրավիճակները	14
iravijaknerum	իրավիճակներում	23
iravijaknery	իրավիճակները	14
iravijaku	իրավիճակը	23
iravijakum	իրավիճակում	49
iravijaky	իրավիճակը	23
iravunk	իրավունք	66
iravunk	իրավունքը	42
iravunke	իրավունքը	42
iravunkn	իրավունքն	14
iravunkner	իրավունքներ	38
iravunkner	իրավունքները	29
iravunknere	իրավունքները	29
iravunkneri	իրավունքների	14
iravunkneru	իրավունքները	29
iravunknery	իրավունքները	29
iravunku	իրավունքը	42
iravunky	իրավունքը	42
irayi	իրայի	14
iren	իրեն	176
iren	իրենը	14
irenc	իրենց	194
irenc	իրենցը	29
irence	իրենցը	29
irencic	իրենցից	29
irencn	իրենցն	14
irencov	իրենցով	14
irencu	իրենցը	29
irency	իրենցը	29
irene	իրենը	14
irenic	իրենից	68
irenk	իրենք	172
irenn	իրենն	23
irenov	իրենով	23
irenu	իրենը	14
ireny	իրենը	14
irer	իրերը	23
irer	իրեր	14
irere	իրերը	23
ireru	իրերը	23
irery	իրերը	23
irikun	իրիկուն	29
irina	իրինա	14
irok	իրոք	188
iroqutyan	իրողության	34
is	իս	55
isk	իսկ	218
iskakan	իսկական	182
iskakanic	իսկականից	164
iskanter	իսկանդերը	14
iskantere	իսկանդերը	14
iskanteru	իսկանդերը	14
iskantery	իսկանդերը	14
iskapes	իսկապես	198
iskar	իսկառ	38
ispanakan	իսպանական	34
ispar	իսպառ	29
ispiryanneri	իսպիրյանների	14
israyelakan	իսրայելական	14
israyeln	իսրայելն	14
it	իդ	34
ital	իտալ	74
italya	իտալիա	166
iten	իդեն	42
iten	իդենը	23
itene	իդենը	23
iteni	իդենի	34
itentifikacnen	իդենտիֆիկացնեն	34
itenu	իդենը	23
iteny	իդենը	23
ityalakan	իդեալական	44
ityan	իդեան	23
iv	իվ	14
ivet	իվետ	14
iveta	իվետա	34
ivetayi	իվետայի	14
iwli	իշլի	23
iwxan	իշխան	14
iwxanapoxutyunic	իշխանափոխությունից	14
iwxani	իշխանի	14
iwxanutyan	իշխանության	23
iwxanutyun	իշխանությունը	29
iwxanutyune	իշխանությունը	29
iwxanutyunner	իշխանությունները	14
iwxanutyunnere	իշխանությունները	14
iwxanutyunneri	իշխանությունների	29
iwxanutyunneru	իշխանությունները	14
iwxanutyunnery	իշխանությունները	14
iwxanutyunu	իշխանությունը	29
iwxanutyuny	իշխանությունը	29
izayi	իզայի	29
izur	իզուր	23
jaheji	ճահեճի	14
jahel	ջահել	14
jahelacnum	ջահելացնում	38
jahelner	ջահելներ	14
jahiji	ճահիճի	14
jakatakir	ճակատագիրը	29
jakatakir	ճակատագիր	14
jakatakire	ճակատագիրը	29
jakatakirn	ճակատագիրն	29
jakatakiru	ճակատագիրը	29
jakatakiry	ճակատագիրը	29
jakatakrakan	ճակատագրական	14
jakatakri	ճակատագրի	14
jakatakrin	ճակատագրին	14
jakatamart	ճակատամարտ	34
jakertneri	չակերտների	14
jakuzi	ջակուզի	14
jam	ժամը	182
jam	ժամ	180
jamanac	ժամանած	34
jamanak	ժամանակ	208
jamanak	ժամանակը	186
jamanakacuycin	ժամանակացույցին	34
jamanakahatvac	ժամանակահատված	14
jamanakahatvac	ժամանակահատվածը	14
jamanakahatvace	ժամանակահատվածը	14
jamanakahatvacn	ժամանակահատվածն	14
jamanakahatvacu	ժամանակահատվածը	14
jamanakahatvacum	ժամանակահատվածում	58
jamanakahatvacy	ժամանակահատվածը	14
jamanakakic	ժամանակակից	174
jamanakavor	ժամանակավոր	53
jamanakawrjan	ժամանակաշրջանը	23
jamanakawrjan	ժամանակաշրջան	14
jamanakawrjane	ժամանակաշրջանը	23
jamanakawrjani	ժամանակաշրջանի	14
jamanakawrjann	ժամանակաշրջանն	23
jamanakawrjanu	ժամանակաշրջանը	23
jamanakawrjanum	ժամանակաշրջանում	38
jamanakawrjany	ժամանակաշրջանը	23
jamanakayin	ժամանակային	23
jamanake	ժամանակը	186
jamanaki	ժամանակի	178
jamanakic	ժամանակից	29
jamanakin	ժամանակին	170
jamanakn	ժամանակն	182
jamanakner	ժամանակները	164
jamanakner	ժամանակներ	14
jamanaknere	ժամանակները	164
jamanakneri	ժամանակների	14
jamanaknern	ժամանակներն	29
jamanakneru	ժամանակները	164
jamanaknerum	ժամանակներում	168
jamanaknery	ժամանակները	164
jamanakov	ժամանակով	38
jamanaks	ժամանակս	162
jamanaku	ժամանակը	186
jamanakva	ժամանակվա	23
jamanakvanic	ժամանակվանից	29
jamanaky	ժամանակը	186
jamanc	ժամանցը	58
jamanc	ժամանց	14
jamancayin	ժամանցային	14
jamance	ժամանցը	58
jamanci	ժամանցի	42
jamancin	ժամանցին	14
jamancu	ժամանցը	58
jamancy	ժամանցը	58
jamanum	ժամանում	42
jamatrutyun	ժամադրություն	53
jame	ժամը	182
jamer	ժամերը	29
jamer	ժամեր	14
jamere	ժամերը	29
jameri	ժամերի	38
jamerin	ժամերին	29
jamerov	ժամերով	14
jameru	ժամերը	29
jamery	ժամերը	29
jamic	ժամից	14
jamin	ժամին	164
jampa	ճամփա	14
jampekic	ճամփեքից	23
jamportel	ճամփորդել	160
jamportum	ճամփորդում	14
jamportutyan	ճամփորդության	14
jamportutyunneri	ճամփորդությունների	14
jamu	ժամը	182
jamu	ժամու	14
jamusnacac	չամուսնացած	23
jamva	ժամվա	23
jamy	ժամը	182
jan	ջան	222
jan	ճան	34
janajeci	ճանաչեցի	14
janajecin	ճանաչեցին	23
janajei	ճանաչեի	14
janajel	ճանաչել	44
janajeli	ճանաչելի	42
janajelov	ճանաչելով	14
janajelu	ճանաչելու	23
janajen	ճանաչեն	23
janajman	ճանաչման	34
janajoq	ճանաչող	23
janajoqner	ճանաչողները	14
janajoqnere	ճանաչողները	14
janajoqneru	ճանաչողները	14
janajoqnery	ճանաչողները	14
janajoqutyan	ճանաչողության	14
janajum	ճանաչում	168
janajvac	ճանաչված	29
janajvel	ճանաչվել	23
janajvum	ճանաչվում	14
janaparh	ճանապարհը	172
janaparh	ճանապարհ	164
janaparhe	ճանապարհը	172
janaparhi	ճանապարհի	51
janaparhin	ճանապարհին	172
janaparhn	ճանապարհն	38
janaparhner	ճանապարհներ	23
janaparhortel	ճանապարհորդել	166
janaparhortutyun	ճանապարհորդություն	14
janaparhov	ճանապարհով	69
janaparhu	ճանապարհը	172
janaparhum	ճանապարհում	51
janaparhy	ճանապարհը	172
jancac	չանցած	44
jancnel	չանցնել	14
jancnen	չանցնեն	14
janel	չանել	14
janelov	չանելով	14
janem	չանեմ	29
janen	չանեն	14
janeri	չաների	14
janes	չանես	14
jani	չանի	23
jank	ջանք	168
jannayi	ժաննայի	14
janr	ժանր	38
janr	ժանրը	23
janre	ժանրը	23
janri	ժանրի	14
janric	ժանրից	34
janrn	ժանրն	14
janrs	ժանրս	23
janru	ժանրը	23
janry	ժանրը	23
jantam	ջանդամ	23
jantaxti	ժանտախտի	14
jap	չափ	49
japaniw	չափանիշ	14
japaniwnerin	չափանիշներին	14
japaniwnerov	չափանիշներով	14
japapajinn	չափաբաժինն	29
japapajinnern	չափաբաժիններն	14
japaxum	չափախում	14
japazanc	չափազանց	166
japazanc	չափազանցը	14
japazance	չափազանցը	14
japazancnum	չափազանցնում	23
japazancu	չափազանցը	14
japazancy	չափազանցը	14
japeri	չափերի	34
japi	չափի	47
japic	չափից	168
japin	չափին	23
japonakan	ճապոնական	166
japonya	ճապոնիա	166
japonyan	ճապոնիան	166
japonyayi	ճապոնիայի	162
japonyayum	ճապոնիայում	166
japov	չափով	44
japs	չափս	14
japser	չափսեր	14
jaqanti	ճաղանդի	29
jaqer	ճաղեր	14
jar	չար	23
jaracel	չարացել	23
jarajji	չարաճճի	14
jarankel	ժառանգել	14
jarankneri	ժառանգների	34
jarankutyan	ժառանգության	42
jarankutyun	ժառանգությունը	34
jarankutyun	ժառանգություն	14
jarankutyune	ժառանգությունը	34
jarankutyunu	ժառանգությունը	34
jarankutyuny	ժառանգությունը	34
jaranum	չարանում	14
jarawahum	չարաշահում	14
jarec	չարեց	14
jarecir	չարեցիր	23
jari	չարի	14
jarik	չարիք	29
jarikn	չարիքն	14
jarin	չարին	23
jarjarvel	չարչարվել	14
jarji	չարժի	47
jarmen	ժարմեն	42
jarmen	ժառմեն	14
jarmente	ժարմենդե	23
jarmente	ժառմենդե	14
jarn	ճարն	23
jarp	ճարպը	29
jarpayin	ճարպային	23
jarpayroq	ճարպայրող	14
jarpayrum	ճարպայրում	29
jarpe	ճարպը	29
jarper	ճարպերը	14
jarpere	ճարպերը	14
jarperu	ճարպերը	14
jarpery	ճարպերը	14
jarpu	ճարպը	29
jarpy	ճարպը	29
jart	ջարդ	38
jartarapetakan	ճարտարապետական	34
jartelov	ջարդելով	14
jartum	ջարդում	23
jarum	ճարում	14
jarutyunic	չարությունից	14
jarwatesakner	ճարշատեսակներ	38
jasacnen	չասացնեն	14
jasec	չասեց	14
jaseci	չասեցի	14
jasel	չասել	14
jasem	չասեմ	57
jasenk	չասենք	14
jasi	չասի	29
jatakov	ջատագով	44
jaw	ճաշ	160
jawacankum	ճաշացանկում	14
jawak	ճաշակը	29
jawak	ճաշակ	23
jawake	ճաշակը	29
jawakel	ճաշակել	47
jawaki	ճաշակի	42
jawakin	ճաշակին	42
jawakn	ճաշակն	38
jawakoq	ճաշակող	14
jawakov	ճաշակով	38
jawaku	ճաշակը	29
jawakum	ճաշակում	29
jawaky	ճաշակը	29
jawi	ճաշի	166
jawum	ճաշում	14
jaxrum	ճախրում	14
jaz	ջազ	29
jazayin	ջազային	23
jazi	ջազի	42
jazti	չազդի	44
jcarayi	չծառայի	23
je	չէ	208
jei	չէի	186
jeik	չէիք	42
jein	չէին	162
jeink	չէինք	172
jeir	չէիր	47
jejen	չեչեն	14
jek	չեք	182
jekaperi	չեքափերի	14
jekav	չեկավ	14
jem	չեմ	206
jempion	չեմպիոն	29
jen	չեն	188
jenk	չենք	184
jenknes	չընկնես	14
jentunel	չընդունել	14
jentunveci	չընդունվեցի	23
jeqac	չեղած	14
jeqarkvel	չեղարկվել	38
jeqav	չեղավ	23
jeqk	ճեղքը	23
jeqke	ճեղքը	23
jeqku	ճեղքը	23
jeqky	ճեղքը	23
jer	չէր	186
jer	ջեր	14
jerevacir	չերեւացիր	23
jerm	ջերմ	170
jerma	ջերմա	29
jermacnum	ջերմացնում	14
jermastijan	ջերմաստիճանը	164
jermastijane	ջերմաստիճանը	164
jermastijanu	ջերմաստիճանը	164
jermastijany	ջերմաստիճանը	164
jermayin	ջերմային	14
jermutyamp	ջերմությամբ	23
jermutyan	ջերմության	44
jermutyun	ջերմությունը	162
jermutyun	ջերմություն	160
jermutyune	ջերմությունը	162
jermutyunn	ջերմությունն	14
jermutyunu	ջերմությունը	162
jermutyuny	ջերմությունը	162
jeroc	ջեռոցը	29
jeroc	ջեռոց	14
jeroce	ջեռոցը	29
jeroci	ջեռոցի	23
jerocu	ջեռոցը	29
jerocy	ջեռոցը	29
jes	չես	190
jexyayum	չեխիայում	23
jhamari	չհամարի	14
jhasav	չհասավ	14
jhascrec	չհասցրեց	38
jhascrecir	չհասցրեցիր	23
jhaskaca	չհասկացա	23
jhaskanak	չհասկանաք	14
jhaskanalov	չհասկանալով	23
jhaskanank	չհասկանանք	23
jhasnem	չհասնեմ	23
jhiwi	չհիշի	42
jhnji	չհնչի	29
jhyastapecnelu	չհիասթափեցնելու	23
ji	չի	204
jii	ջիի	14
jim	ջիմ	14
jimanan	չիմանան	14
jimi	ջիմի	23
jinaciner	չինացիները	14
jinacinere	չինացիները	14
jinacineru	չինացիները	14
jinacinery	չինացիները	14
jinastanic	չինաստանից	38
jinkalov	ժինգալով	29
jinkyalov	ժինգյալով	14
jinserov	ջինսերով	14
jir	չիր	14
jiwt	ճիշտ	212
jiwt	ճիշտը	29
jiwte	ճիշտը	29
jiwtn	ճիշտն	170
jiwtu	ճիշտը	29
jiwty	ճիշտը	29
jjnjes	չջնջես	29
jka	չկա	202
jka	չգա	14
jkal	չգալ	23
jkan	չկան	164
jkanknec	չկանգնեց	14
jkar	չկար	164
jkaroqaca	չկարողացա	29
jkaroqacav	չկարողացավ	14
jkaroqanak	չկարողանաք	23
jkaroqanayi	չկարողանայի	23
jkas	չկաս	42
jkayacac	չկայացած	14
jkayin	չկային	14
jkitei	չգիտեի	69
jkitein	չգիտեին	23
jkiteink	չգիտեինք	44
jkitek	չգիտեք	14
jkitem	չգիտեմ	182
jkiten	չգիտեն	53
jkitenk	չգիտենք	59
jkiter	չգիտեր	38
jkites	չգիտես	53
jkiti	չգիտի	38
jkjven	չգժվեն	14
jkna	չգնա	14
jknac	չգնաց	14
jknahatvac	չգնահատված	14
jknaq	չքնաղ	23
jknayi	չգնայի	14
jkorcnel	չկորցնել	14
jkotrven	չկոտրվեն	14
jkrknes	չկրկնես	44
jkrknvoq	չկրկնվող	23
jktnek	չգտնեք	14
jkun	ճկուն	34
jlern	չլերն	23
jlinein	չլինեին	29
jlineir	չլինեիր	29
jlinek	չլինեք	14
jlinel	չլինել	14
jlinelu	չլինելու	23
jlinem	չլինեմ	14
jlinen	չլինեն	55
jliner	չլիներ	55
jlini	չլինի	64
jlkec	չլքեց	23
jmente	ժմենդե	14
jmna	չմնա	42
jmnalu	չմնալու	14
jmoracel	չմոռացել	23
jmoranak	չմոռանաք	23
jmoranank	չմոռանանք	53
jmoranas	չմոռանաս	162
jmtacen	չմտածեն	14
jmtaci	չմտածի	23
jmwakac	չմշակած	42
jnayac	չնայած	172
jnjel	ջնջել	14
jnjum	ջնջում	14
jnjvel	ջնջվել	14
jnkatel	չնկատել	14
jnkates	չնկատես	14
jnkati	չնկատի	47
jnknes	չընկնես	14
jntunel	չընդունել	14
jntunveci	չընդունվեցի	23
jnwec	չնշեց	29
jnwel	ճնշել	29
jnwel	չնշել	14
jnwem	ճնշեմ	23
jnwman	ճնշման	23
jnwum	ճնշում	44
jnwumn	ճնշումն	14
jokat	ջոկատը	14
jokate	ջոկատը	14
jokati	ջոկատի	14
jokatu	ջոկատը	14
jokaty	ջոկատը	14
joktakorcel	չօգտագործել	14
jokum	ջոկում	14
joli	ջոլի	23
jolii	ջոլիի	29
jon	ջոնը	160
jone	ջոնը	160
jonu	ջոնը	160
jony	ջոնը	160
joq	ժող	14
joqov	ժողով	14
joqovi	ժողովի	29
joqovrtakan	ժողովրդական	29
joqovrti	ժողովրդի	49
joqovrtin	ժողովրդին	29
joqovurt	ժողովուրդ	65
joqovurt	ժողովուրդը	47
joqovurte	ժողովուրդը	47
joqovurtn	ժողովուրդն	42
joqovurtu	ժողովուրդը	47
joqovurty	ժողովուրդը	47
jor	չոր	14
joracac	չորացած	14
jorekwapti	չորեքշաբթի	14
joric	չորից	29
jorjin	ջորջին	14
jorrort	չորրորդ	42
jors	չորս	162
jorsic	չորսից	23
jorsin	չորսին	14
jorsn	չորսն	14
jorutyun	չորություն	29
jox	ճոխ	29
joxutyamp	ճոխությամբ	44
joxutyun	ճոխություն	14
jpacenk	չբացենք	23
jpaher	չպահեր	34
jparcracayneci	չբարձրաձայնեցի	23
jparkenk	չպառկենք	29
jpatmes	չպատմես	38
jpawtpanvac	չպաշտպանված	23
jpel	չփել	14
jpetk	չպետք	176
jpit	ժպիտ	34
jpiti	չպիտի	42
jpitn	ժպիտն	34
jpitner	ժպիտներ	47
jpitnerov	ժպիտներով	23
jpitov	ժպիտով	62
jptacoq	ժպտացող	23
jptal	ժպտալ	42
jptalov	ժպտալով	174
jptum	ժպտում	174
jqaynacac	ջղայնացած	14
jqaynacni	ջղայնացնի	23
jqaynacnum	ջղայնացնում	23
jqaynanum	ջղայնանում	23
jqel	ճղել	14
jqetapel	ճղեթափել	29
jrac	ջրած	23
jrayin	ջրային	14
jrazrkman	ջրազրկման	23
jrazrkum	ջրազրկում	29
jreri	ջրերի	29
jrheqeqic	ջրհեղեղից	14
jri	ջրի	166
jrov	ջրով	38
jrum	ջրում	34
jrxawi	ջրխաշի	23
jsevana	չսեւանա	42
jsirel	չսիրել	14
jsirem	չսիրեմ	23
jsires	չսիրես	14
jspasen	չսպասեն	29
jstacvec	չստացվեց	42
jstacvelu	չստացվելու	23
jstacvi	չստացվի	23
jsteqcenk	չստեղծենք	23
jtal	չտալ	14
jtam	չտամ	29
jtan	չտան	14
jtaracelov	չտարածելով	42
jtaran	չտարան	14
jtarnak	չդառնաք	38
jtesav	չտեսավ	14
jtesnel	չտեսնել	29
jtesnen	չտեսնեն	14
jtesnenk	չտեսնենք	34
jtoqnek	չթողնեք	47
jtvec	չտվեց	23
jtveci	չտվեցի	23
jtvecin	չտվեցին	38
jtvecir	չտվեցիր	23
jtvem	չթվեմ	14
julpan	չուլպան	14
julya	ջուլիա	14
junecav	չունեցավ	14
junecoq	չունեցող	23
junei	չունեի	53
junein	չունեին	14
juneir	չունեիր	38
junek	չունեք	47
junem	չունեմ	182
junen	չունեն	65
junena	չունենա	14
junenal	չունենալը	23
junenal	չունենալ	14
junenale	չունենալը	23
junenalu	չունենալը	23
junenalu	չունենալու	14
junenaly	չունենալը	23
junenam	չունենամ	38
junenas	չունենաս	14
junenk	չունենք	62
juner	չուներ	23
junes	չունես	44
juni	չունի	166
junknes	չընկնես	14
juntunel	չընդունել	14
juntunveci	չընդունվեցի	23
jur	ջուր	178
jur	ջուրը	174
juraxanal	չուրախանալ	14
jure	ջուրը	174
jurn	ջուրն	14
juru	ջուրը	174
jury	ջուրը	174
jusi	ջուսի	29
jutak	ջութակը	29
jutake	ջութակը	29
jutaku	ջութակը	29
jutaky	ջութակը	29
juzac	չուզած	14
juzec	չուզեց	14
juzek	չուզեք	34
juzes	չուզես	38
jvajares	չվաճառես	14
jvatnelu	չվատնելու	23
jvayelem	չվայելեմ	14
jvnasecin	չվնասեցին	23
jwkrit	ճշգրիտ	34
jwkrtum	ճշգրտում	23
jwkrtutyamp	ճշգրտությամբ	42
jwmartutyun	ճշմարտությունը	162
jwmartutyun	ճշմարտություն	14
jwmartutyune	ճշմարտությունը	162
jwmartutyunu	ճշմարտությունը	162
jwmartutyuny	ճշմարտությունը	162
jwpvem	չշփվեմ	14
jwpven	չշփվեն	14
jwtel	ճշտել	14
jwtutyamp	ճշտությամբ	23
jxlec	ճխլեց	23
jxmelun	չխմելուն	23
jxoseci	չխոսեցի	14
jxosel	չխոսել	14
jxosenk	չխոսենք	14
jynknes	չընկնես	14
jyntunel	չընդունել	14
jyntunveci	չընդունվեցի	23
jyuq	ճյուղ	23
jyuq	ճյուղը	23
jyuqe	ճյուղը	23
jyuqer	ճյուղերը	14
jyuqere	ճյուղերը	14
jyuqeri	ճյուղերի	34
jyuqern	ճյուղերն	34
jyuqeru	ճյուղերը	14
jyuqery	ճյուղերը	14
jyuqu	ճյուղը	23
jyuqy	ճյուղը	23
jyurii	ժյուրիի	14
jyurineri	ժյուրիների	14
jyutakar	ջյութակար	14
jzka	չզգա	49
jzkam	չզգամ	14
jzmel	ճզմել	14
ka	կա	208
ka	գա	170
kac	կաց	38
kacaner	գացաները	29
kacanere	գացաները	29
kacaneru	գացաները	29
kacanery	գացաները	29
kacaxi	քացախի	14
kacaxov	քացախով	14
kacel	կացել	14
kacutyan	կացության	14
kaei	կաեի	14
kafe	կաֆե	23
kaft	գաֆթը	14
kafte	գաֆթը	14
kaftu	գաֆթը	14
kafty	գաֆթը	14
kahakalel	գահակալել	14
kahana	քահանա	23
kahanan	քահանան	14
kahavorvac	կահավորված	23
kaj	քաջ	34
kajalerum	քաջալերում	23
kajanot	քաջանոթ	34
kajateqyak	քաջատեղյակ	42
kajer	քաջերը	14
kajere	քաջերը	14
kajeru	քաջերը	14
kajery	քաջերը	14
kak	գաք	38
kakan	գագան	14
kakaoyi	կակաոյի	23
kaktus	կակտուս	23
kal	գալ	180
kal	գալը	44
kalanavorel	կալանավորել	14
kale	գալը	44
kalis	գալիս	196
kalov	գալով	74
kalu	գալու	166
kalu	գալը	44
kaluc	գալուց	38
kalust	գալուստ	49
kalusti	քալուստի	14
kaly	գալը	44
kam	կամ	210
kam	գամ	162
kamac	կամաց	72
kamavor	կամավոր	14
kamayi	գամայի	14
kamaz	կամազը	14
kamaze	կամազը	14
kamazu	կամազը	14
kamazy	կամազը	14
kamel	քամել	14
kami	քամի	166
kamijov	քամիչով	23
kamin	քամին	166
kamk	կամք	29
kamk	կամքը	29
kamke	կամքը	29
kamki	կամքի	23
kamkic	կամքից	14
kamkn	կամքն	29
kamkov	կամքով	23
kamku	կամքը	29
kamky	կամքը	29
kampanyayi	կամպանիայի	14
kampanyayic	կամպանիայից	29
kamrjel	կամրջել	14
kamrjner	կամրջները	14
kamrjnere	կամրջները	14
kamrjnerov	կամրջներով	29
kamrjneru	կամրջները	14
kamrjnery	կամրջները	14
kamrjum	կամրջում	14
kamum	քամում	29
kamurj	կամուրջ	14
kamurjner	կամուրջները	29
kamurjnere	կամուրջները	29
kamurjneru	կամուրջները	29
kamurjnery	կամուրջները	29
kan	կան	198
kan	քան	190
kan	գան	47
kanaci	կանացի	51
kanaciutyun	կանացիությունը	14
kanaciutyune	կանացիությունը	14
kanaciutyunu	կանացիությունը	14
kanaciutyuny	կանացիությունը	14
kanaj	կանաչ	38
kanaji	կանաչի	160
kanajin	կանաչին	14
kanak	քանակը	47
kanake	քանակը	47
kanaki	քանակի	29
kanakn	քանակն	23
kanakneri	քանակների	14
kanaku	քանակը	47
kanakutyamp	քանակությամբ	38
kanaky	քանակը	47
kananc	կանանց	78
kanancic	կանանցից	38
kanayk	կանայք	74
kanc	քանց	34
kanc	գանձ	23
kancapah	գանձապահը	14
kancapahe	գանձապահը	14
kancapahu	գանձապահը	14
kancapahy	գանձապահը	14
kancer	գանձերը	23
kancere	գանձերը	23
kanceru	գանձերը	23
kancery	գանձերը	23
kanckacnen	կանցկացնեն	14
kancnenk	կանցնենք	29
kancni	կանցնի	34
kanei	կանեի	14
kanein	կանեին	14
kanel	կանելը	29
kanele	կանելը	29
kanelu	կանելը	29
kanelu	կանելու	23
kanely	կանելը	29
kanem	կանեմ	170
kanenk	կանենք	44
kaner	կաներ	14
kanes	կանես	14
kani	քանի	206
kani	կանի	14
kanis	քանիսը	44
kanis	քանիս	14
kanise	քանիսը	44
kanisi	քանիսի	23
kanisn	քանիսն	23
kanisu	քանիսը	44
kanisy	քանիսը	44
kanjek	կանչեք	23
kanjel	կանչել	23
kanjum	կանչում	57
kank	կանգ	164
kank	գանք	34
kank	կանք	14
kankari	կանգառի	14
kanknac	կանգնած	168
kanknec	կանգնեց	14
kankneci	կանգնեցի	14
kanknecnum	կանգնեցնում	38
kanknek	կանգնեք	14
kanknel	կանգնել	23
kanknel	կանգնելը	14
kanknele	կանգնելը	14
kanknelu	կանգնելը	14
kanknelu	կանգնելու	14
kanknely	կանգնելը	14
kanknem	կանգնեմ	14
kankner	կանգներ	14
kankni	կանգնի	49
kanknum	կանգնում	59
kanon	կանոն	53
kanonavor	կանոնավոր	14
kanonner	կանոնները	34
kanonner	կանոններ	14
kanonnere	կանոնները	34
kanonnerin	կանոններին	14
kanonnern	կանոններն	14
kanonneru	կանոնները	34
kanonnery	կանոնները	34
kanta	գանդա	34
kantak	քանդակ	14
kantakakorc	քանդակագործ	23
kantakneri	քանդակների	23
kantaknern	քանդակներն	14
kantem	քանդեմ	29
kantratarnank	կանդրադառնանք	14
kantum	քանդում	34
kantvac	քանդված	23
kantvum	քանդվում	14
kanulayin	կանուլային	34
kanux	կանուխ	14
kanxarkelman	կանխարգելման	47
kanxavarkac	կանխավարկած	14
kanxavarkac	կանխավարկածը	14
kanxavarkace	կանխավարկածը	14
kanxavarkacu	կանխավարկածը	14
kanxavarkacy	կանխավարկածը	14
kanxavjar	կանխավճար	23
kanxavjarov	կանխավճարով	23
kanxik	կանխիկ	47
kanxorowel	կանխորոշել	14
kanxum	կանխում	14
kanyulan	կանյուլան	29
kanyulyayi	կանյուլյայի	23
kanzi	քանզի	14
kaosic	քաոսից	14
kap	կապ	166
kap	կապը	53
kapahovi	կապահովի	29
kapakcutyamp	կապակցությամբ	49
kapaneri	կապաների	23
kaparijov	կափարիչով	14
kape	կապը	53
kapel	կապել	23
kaper	կապերը	38
kaper	կապեր	14
kapere	կապերը	38
kapernes	կաբեռնես	14
kaperu	կապերը	38
kapery	կապերը	38
kapi	կապի	53
kapikic	կապիկից	29
kapikin	կապիկին	14
kapinet	կաբինետ	29
kapital	կապիտալը	23
kapitale	կապիտալը	23
kapitalu	կապիտալը	23
kapitaly	կապիտալը	23
kapitulyacyayic	կապիտուլյացիայից	14
kapn	կապն	14
kapnvac	կապնված	14
kapo	քաբո	14
kapoti	կապոտի	14
kapov	կապով	14
kaprem	կապրեմ	47
kapren	կապրեն	29
kaprenk	կապրենք	23
kapres	կապրես	23
kapri	կապրի	47
kaptukneri	կապտուկների	14
kapu	կապը	53
kapujin	կապուչին	23
kapujini	կապուչինի	42
kapum	կապում	49
kapuyt	կապույտ	14
kapvac	կապված	188
kapvacutyun	կապվածությունը	14
kapvacutyune	կապվածությունը	14
kapvacutyunu	կապվածությունը	14
kapvacutyuny	կապվածությունը	14
kapvum	կապվում	14
kapy	կապը	53
kaqak	քաղաքը	168
kaqak	քաղաք	166
kaqakaci	քաղաքացի	34
kaqakacin	քաղաքացին	29
kaqakaciner	քաղաքացիներ	14
kaqakacyakan	քաղաքացիական	29
kaqakakan	քաղաքական	162
kaqakakanutyan	քաղաքականության	53
kaqakakanutyun	քաղաքականություն	38
kaqakakanutyun	քաղաքականությունը	14
kaqakakanutyune	քաղաքականությունը	14
kaqakakanutyunu	քաղաքականությունը	14
kaqakakanutyuny	քաղաքականությունը	14
kaqakakirt	քաղաքակիրթ	14
kaqakamayr	քաղաքամայր	14
kaqakapet	քաղաքապետ	38
kaqakapeti	քաղաքապետի	14
kaqakayin	քաղաքային	47
kaqake	քաղաքը	168
kaqaki	քաղաքի	174
kaqakic	քաղաքից	174
kaqakn	քաղաքն	14
kaqakneric	քաղաքներից	14
kaqaknerum	քաղաքներում	23
kaqaku	քաղաքը	168
kaqakum	քաղաքում	172
kaqaky	քաղաքը	168
kaqapar	գաղափար	180
kaqapar	գաղափարը	162
kaqapare	գաղափարը	162
kaqapari	գաղափարի	23
kaqapari	կաղապարի	14
kaqaparn	գաղափարն	14
kaqaparner	գաղափարներ	166
kaqaparneri	կաղապարների	23
kaqaparu	գաղափարը	162
kaqapary	գաղափարը	162
kaqcac	քաղցած	166
kaqci	քաղցի	29
kaqckeq	քաղցկեղ	14
kaqckeq	քաղցկեղը	14
kaqckeqe	քաղցկեղը	14
kaqckeqi	քաղցկեղի	14
kaqckequ	քաղցկեղը	14
kaqckeqy	քաղցկեղը	14
kaqcr	քաղցր	166
kaqcraker	քաղցրակեր	14
kaqcreqenneric	քաղցրեղեններից	14
kaqcri	քաղցրի	29
kaqcrutyan	քաղցրության	14
kaqcrutyunn	քաղցրությունն	14
kaqkeniutyamp	քաղքենիությամբ	29
kaqti	գաղթի	23
kaqtni	գաղտնի	160
kaqtnik	գաղտնիք	172
kaqtnik	գաղտնիքը	166
kaqtnike	գաղտնիքը	166
kaqtnikn	գաղտնիքն	44
kaqtnikner	գաղտնիքները	14
kaqtniknere	գաղտնիքները	14
kaqtnikneru	գաղտնիքները	14
kaqtniknery	գաղտնիքները	14
kaqtniku	գաղտնիքը	166
kaqtniky	գաղտնիքը	166
kaqut	գաղութ	29
kaqut	գաղութը	14
kaqute	գաղութը	14
kaqutu	գաղութը	14
kaquty	գաղութը	14
kar	կար	176
kar	գար	34
kar	քար	29
kar	քարը	23
kara	կարա	51
karacel	կարացել	14
karajarken	կառաջարկեն	14
karajarkven	կառաջարկվեն	23
karak	կարագ	42
karak	կարաք	34
karak	կարագը	23
karake	կարագը	23
karaki	կարագի	23
karaku	կարագը	23
karaky	կարագը	23
karam	կարամ	29
karamizacnum	կարամիզացնում	14
karapetyan	կարապետյանը	14
karapetyane	կարապետյանը	14
karapetyanu	կարապետյանը	14
karapetyany	կարապետյանը	14
karar	կարար	14
karas	կարաս	42
karasi	կարասի	23
karasn	կարասն	14
karasner	կարասներ	14
karasneri	կարասների	14
karavarakan	կառավարական	14
karavarel	կառավարել	14
karavarman	կառավարման	38
karavarum	կառավարում	14
karavarutyan	կառավարության	14
karavarutyun	կառավարությունը	14
karavarutyune	կառավարությունը	14
karavarutyunu	կառավարությունը	14
karavarutyuny	կառավարությունը	14
karcel	կարծել	14
karcelov	կարծելով	14
karcem	կարծեմ	29
karces	կարծես	188
karcik	կարծիքը	164
karcik	կարծիք	42
karcike	կարծիքը	164
karciki	կարծիքի	49
karcikin	կարծիքին	42
karcikn	կարծիքն	59
karcikner	կարծիքները	34
karcikner	կարծիքներ	29
karciknere	կարծիքները	34
karcikneri	կարծիքների	14
karciknern	կարծիքներն	23
karcikneru	կարծիքները	34
karciknery	կարծիքները	34
karcikov	կարծիքով	166
karciku	կարծիքը	164
karciky	կարծիքը	164
karcratip	կարծրատիպը	44
karcratip	կարծրատիպ	34
karcratipe	կարծրատիպը	44
karcratiper	կարծրատիպեր	34
karcratiper	կարծրատիպերը	14
karcratipere	կարծրատիպերը	14
karcratiperu	կարծրատիպերը	14
karcratipery	կարծրատիպերը	14
karcratipu	կարծրատիպը	44
karcratipy	կարծրատիպը	44
karcum	կարծում	196
kare	քարը	23
karejri	գարեջրի	23
karejur	գարեջուրը	29
karejur	գարեջուր	14
karejure	գարեջուրը	29
karejurn	գարեջուրն	14
karejuru	գարեջուրը	29
karejury	գարեջուրը	29
karekcank	կարեկցանքը	23
karekcanke	կարեկցանքը	23
karekcanku	կարեկցանքը	23
karekcanky	կարեկցանքը	23
karel	կարել	14
kareli	կարելի	188
karen	կարեն	200
karen	կարենը	38
karena	կարենա	23
karenan	կարենան	34
karene	կարենը	38
karenu	կարենը	38
kareny	կարենը	38
karer	քարեր	14
karer	քարերը	14
karere	քարերը	14
karerov	քարերով	29
kareru	քարերը	14
karery	քարերը	14
karevor	կարեւոր	202
karevor	կարեւորը	188
karevorakuyn	կարեւորագույն	44
karevore	կարեւորը	188
karevorel	կարեւորել	38
karevorn	կարեւորն	14
karevoru	կարեւորը	188
karevorum	կարեւորում	61
karevorutyun	կարեւորություն	38
karevorutyun	կարեւորությունը	34
karevorutyune	կարեւորությունը	34
karevorutyunn	կարեւորությունն	14
karevorutyunu	կարեւորությունը	34
karevorutyuny	կարեւորությունը	34
karevorvum	կարեւորվում	14
karevory	կարեւորը	188
kari	կարի	34
kari	քարի	14
karic	քարից	14
kariera	կարիերա	55
karieran	կարիերան	47
karieras	կարիերաս	14
karierayi	կարիերայի	23
karierayin	կարիերային	34
karies	կարիես	34
karik	կարիք	180
karik	կարիքը	66
karik	գարիկը	14
karike	կարիքը	66
karike	գարիկը	14
karikic	կարիքից	14
karikn	գարիկն	23
karikn	կարիքն	14
kariku	կարիքը	66
kariku	գարիկը	14
kariky	կարիքը	66
kariky	գարիկը	14
karin	քարին	14
karine	կարինե	23
karinkner	կարինքները	23
karinknere	կարինքները	23
karinkneru	կարինքները	23
karinknery	կարինքները	23
karj	կարճ	174
karjatev	կարճատեւ	14
karjel	կառչել	14
kark	կարգ	23
karkacn	կառկածն	23
karkasn	կարկասն	23
karkavijak	կարգավիճակ	14
karkavijak	կարգավիճակը	14
karkavijake	կարգավիճակը	14
karkavijakov	կարգավիճակով	14
karkavijaku	կարգավիճակը	14
karkavijakum	կարգավիճակում	23
karkavijaky	կարգավիճակը	14
karkaxosov	կարգախոսով	14
karki	կարգի	63
karkin	կարգին	166
karkov	կարգով	23
karmir	կարմիր	170
karmiri	կարմիրի	14
karmirutyun	կարմիրություն	23
karmrutyun	կարմրություն	34
karn	գառն	23
karnan	գարնան	14
karnenk	կառնենք	14
karo	կարո	166
karon	կարոն	14
karoq	կարող	214
karoqaca	կարողացա	166
karoqacak	կարողացաք	14
karoqacan	կարողացան	14
karoqacank	կարողացանք	23
karoqacar	կարողացար	34
karoqacav	կարողացավ	14
karoqacel	կարողացել	78
karoqana	կարողանա	34
karoqanak	կարողանաք	38
karoqanal	կարողանալ	29
karoqanalu	կարողանալու	14
karoqanam	կարողանամ	164
karoqanan	կարողանան	44
karoqanank	կարողանանք	38
karoqanar	կարողանար	14
karoqanas	կարողանաս	23
karoqanayi	կարողանայի	14
karoqanum	կարողանում	182
karoqutyamp	կարողությամբ	14
karot	կարոտ	23
karot	կարոտը	23
karotac	կարոտած	23
karote	կարոտը	23
karotel	կարոտել	42
karotov	կարոտով	34
karotu	կարոտը	23
karotum	կարոտում	160
karoty	կարոտը	23
karoxov	գարոխով	42
karoz	քարոզ	14
karozner	քարոզներ	14
karozneri	քարոզների	23
karpajo	կարպաչո	38
kart	քարտ	44
kart	քարտը	14
karta	կարդա	14
kartacel	կարդացել	160
kartaci	կարդացի	14
kartahayti	կարտահայտի	14
kartal	կարդալ	172
kartalu	կարդալու	14
kartaluc	կարդալուց	14
kartam	կարդամ	14
karte	քարտը	14
karter	քարտեր	47
karteric	քարտերից	34
kartez	քարտեզը	42
karteze	քարտեզը	42
kartezi	քարտեզի	14
kartezn	քարտեզն	14
kartezu	քարտեզը	42
kartezy	քարտեզը	42
karti	քարտի	14
kartic	քարտից	42
kartofil	կարտոֆիլ	38
kartofili	կարտոֆիլի	14
kartu	քարտը	14
kartuk	քարտուկ	23
kartum	կարդում	172
karty	քարտը	14
karu	քարը	23
karu	գարու	14
karucapatoqic	կառուցապատողից	14
karucel	կառուցել	23
karucelu	կառուցելու	14
karucmamp	կառուցմամբ	29
karucoqakan	կառուցողական	14
karucoqn	կառուցողն	14
karucum	կառուցում	14
karucvel	կառուցվել	29
karucvum	կառուցվում	34
karum	կարում	53
karun	գարուն	14
karuycn	կառույցն	14
karuycner	կառույցները	14
karuycnere	կառույցները	14
karuycneru	կառույցները	14
karuycnery	կառույցները	14
karvac	կարված	42
karvum	կարվում	14
kary	քարը	23
kas	կաս	47
kas	գաս	38
kasei	կասեի	34
kasek	կասեք	29
kasem	կասեմ	170
kasen	կասեն	44
kasenk	կասենք	38
kases	կասես	176
kaset	կասետը	23
kasete	կասետը	23
kasetu	կասետը	23
kasety	կասետը	23
kasi	կասի	14
kasink	կասինգ	14
kaskacel	կասկածել	23
kaskaci	կասկածի	23
kaskacn	կասկածն	14
kaskacner	կասկածներ	29
kaskacum	կասկածում	29
kaskati	կասկադի	29
kastinkin	գաստինգին	14
kastinkneri	քաստինգների	14
kasu	կասու	23
kat	կաթ	29
kata	գաթա	29
katacnum	կաթացնում	23
katak	կատակ	29
katakov	կատակով	23
katan	գաթան	34
katar	կատար	14
katarac	կատարած	29
katarek	կատարեք	23
katarel	կատարել	160
katarelapes	կատարելապես	14
katarelov	կատարելով	42
katarelu	կատարելու	44
katareluc	կատարելուց	47
kataren	կատարեն	38
katares	կատարես	14
katari	կատարի	23
katarmamp	կատարմամբ	14
kataroq	կատարող	23
kataroqn	կատարողն	14
katarum	կատարում	69
katarumnerov	կատարումներով	34
katarvac	կատարված	23
katarvec	կատարվեց	34
katarvel	կատարվել	47
katarvelu	կատարվելու	14
katarver	կատարվեր	29
katarvum	կատարվում	164
kataryal	կատարյալ	176
katastrayin	կադաստրային	29
katastrofa	կատաստրոֆա	14
katastrum	կադաստրում	23
katayi	գաթայի	23
katekorik	կատեգորիկ	14
katekoryayum	կատեգորիայում	38
kati	կաթի	23
kati	գաթի	14
katil	կաթիլ	38
katnamterki	կաթնամթերքի	14
katnamterkn	կաթնամթերքն	14
katolik	կաթոլիկ	14
katoqikosi	կաթողիկոսի	14
katoqikosner	կաթողիկոսներ	14
katr	կադր	34
katr	կադրը	14
katre	կադրը	14
katrer	կադրերը	23
katrer	կադրեր	14
katrere	կադրերը	23
katreric	կադրերից	38
katreru	կադրերը	23
katrery	կադրերը	23
katric	կադրից	49
katru	կադրը	14
katrum	կադրում	38
katry	կադրը	14
katsayi	կաթսայի	14
katu	կատու	14
katun	կատուն	14
katvin	կատվին	38
kaunti	քաունթի	29
kav	քավ	14
kavat	գավաթ	23
kavati	գավաթի	14
kaveinwik	կավեինշիկ	29
kaven	կավեն	29
kaven	կավենը	23
kavene	կավենը	23
kavenu	կավենը	23
kaveny	կավենը	23
kavorn	քավորն	29
kavos	քավոս	23
kaw	քաշը	44
kaw	քաշ	34
kawe	քաշը	44
kawel	քաշել	29
kawi	քաշի	58
kawic	քաշից	42
kawkantvac	կաշկանդված	38
kawkwocneri	քաշքշոցների	14
kawov	քաշով	14
kawovi	քաշովի	14
kawu	քաշը	44
kawum	քաշում	29
kawvel	քաշվել	14
kawvi	կաշվի	14
kawvin	կաշվին	14
kawxatem	կաշխատեմ	14
kawxates	կաշխատես	14
kawy	քաշը	44
kax	կախ	14
kaxan	կախան	14
kaxani	կախանի	14
kaxazarter	կախազարդեր	42
kaxel	կախել	14
kaxetinn	կախեթինն	14
kaxum	կախում	14
kaxvac	կախված	170
kaxvacutyan	կախվածության	14
kaxvacutyun	կախվածություն	14
kaxvacutyun	կախվածությունը	14
kaxvacutyune	կախվածությունը	14
kaxvacutyunu	կախվածությունը	14
kaxvacutyuny	կախվածությունը	14
kaxvelu	կախվելու	14
kaxvi	կախվի	14
kaxvum	կախվում	14
kaya	գայա	29
kayacac	կայացած	38
kayacel	կայացել	14
kayacman	կայացման	14
kayacnek	կայացնեք	44
kayacnel	կայացնելը	34
kayacnel	կայացնել	14
kayacnele	կայացնելը	34
kayacnelis	կայացնելիս	23
kayacnelu	կայացնելը	34
kayacnely	կայացնելը	34
kayacnem	կայացնեմ	42
kayacnum	կայացնում	53
kayacrec	կայացրեց	14
kayacrecir	կայացրեցիր	14
kayacrel	կայացրել	49
kayacvel	կայացվել	14
kayan	կայան	42
kayan	կայանը	38
kayan	գայան	14
kayanal	կայանալ	34
kayanalov	կայանալով	14
kayane	կայանը	38
kayani	կայանի	49
kayann	կայանն	14
kayanneri	կայանների	34
kayanu	կայանը	38
kayanum	կայանում	58
kayany	կայանը	38
kayayi	կայայի	38
kayf	կայֆ	23
kayf	կայֆը	14
kayfe	կայֆը	14
kayfu	կայֆը	14
kayfy	կայֆը	14
kayi	գայի	29
kayi	կայի	23
kayik	գայիք	23
kayin	կային	168
kayk	կայք	42
kayk	կայքը	23
kaykayi	քայքայի	34
kaykayvac	քայքայված	23
kayke	կայքը	23
kayker	կայքեր	29
kaykeric	կայքերից	29
kaykerum	կայքերում	23
kayku	կայքը	23
kaykum	կայքում	42
kayky	կայքը	23
kayl	քայլ	170
kayl	քայլը	29
kaylapoxi	քայլափոխի	14
kayle	քայլը	29
kayleci	քայլեցի	14
kaylecink	քայլեցինք	23
kaylel	քայլել	170
kaylel	քայլելը	160
kaylele	քայլելը	160
kaylelov	քայլելով	14
kaylelu	քայլելը	160
kaylely	քայլելը	160
kayler	քայլեր	44
kayler	քայլերը	38
kaylere	քայլերը	38
kaylerin	քայլերին	34
kaylern	քայլերն	14
kaylerov	քայլերով	23
kayleru	քայլերը	38
kaylery	քայլերը	38
kayli	քայլի	14
kaylin	քայլին	29
kaylu	քայլը	29
kaylum	քայլում	170
kayly	քայլը	29
kaytakqij	գայթակղիչ	42
kayun	կայուն	14
kazi	գազի	14
kazino	կազինո	42
kazinon	կազինոն	38
kazinoner	կազինոներ	14
kazinoneri	կազինոների	29
kaziponeri	քազիբոների	38
kazm	կազմ	14
kazmakerpel	կազմակերպել	160
kazmakerpelu	կազմակերպելու	23
kazmakerpman	կազմակերպման	29
kazmakerpoqnern	կազմակերպողներն	14
kazmakerpum	կազմակերպում	34
kazmakerputyan	կազմակերպության	23
kazmakerputyun	կազմակերպությունը	49
kazmakerputyun	կազմակերպություն	23
kazmakerputyune	կազմակերպությունը	49
kazmakerputyunner	կազմակերպություններ	29
kazmakerputyunner	կազմակերպությունները	23
kazmakerputyunnere	կազմակերպությունները	23
kazmakerputyunneru	կազմակերպությունները	23
kazmakerputyunnery	կազմակերպությունները	23
kazmakerputyunu	կազմակերպությունը	49
kazmakerputyuny	կազմակերպությունը	49
kazmakerpvac	կազմակերպված	29
kazmakerpvum	կազմակերպվում	23
kazmec	կազմեց	23
kazmel	կազմել	23
kazmelu	կազմելու	29
kazmum	կազմում	38
kazmum	կազմումը	29
kazmume	կազմումը	29
kazmumu	կազմումը	29
kazmumy	կազմումը	29
kazmvum	կազմվում	14
kcac	գցած	14
kcacaru	գցածառու	38
kcankana	կցանկանա	14
kcankanam	կցանկանամ	44
kcankanas	կցանկանաս	14
kcankanayi	կցանկանայի	176
kcankanayik	կցանկանայիք	23
kcanotanank	կծանոթանանք	38
kcec	կծեց	34
kcec	գցեց	23
kceci	գցեցի	14
kcecin	գցեցին	14
kcel	գցել	44
kcelu	գցելու	47
kcelu	կծելու	34
kcenk	գցենք	29
kcer	գծերը	38
kcer	գծեր	23
kcere	գծերը	38
kceri	գծերի	42
kceru	գծերը	38
kcery	գծերը	38
kci	գծի	23
kckumner	կծկումներ	42
kcoq	գցող	14
kcov	գծով	23
kcucapervi	կցուցաբերվի	44
kcum	կծում	55
kcum	գծում	14
kcum	գցում	14
ke	կե	23
kecvack	կեցվածք	14
kecvackov	կեցվածքով	14
kef	քեֆ	23
kefel	քեֆել	47
kefi	քեֆի	29
ken	կեն	14
kenac	կենաց	29
kenac	կենացը	14
kenace	կենացը	14
kenacu	կենացը	14
kenacy	կենացը	14
kenal	կենալ	14
kencaq	կենցաղ	29
kencaq	կենցաղը	29
kencaqayin	կենցաղային	29
kencaqe	կենցաղը	29
kencaqi	կենցաղի	38
kencaqn	կենցաղն	14
kencaqu	կենցաղը	29
kencaqy	կենցաղը	29
kener	գեները	38
keneracnoq	գեներացնող	23
keneracnum	գեներացնում	38
keneral	գեներալ	47
kenere	գեները	38
keneri	գեների	14
kenern	գեներն	38
kenerov	գեներով	38
keneru	գեները	38
kenery	գեները	38
kenetik	գենետիկ	14
keni	գենի	44
kenkalem	կընկալեմ	14
kenkni	կընկնի	44
kenn	գենն	14
kensakerp	կենսակերպ	14
kentanakan	կենդանական	14
kentanaser	կենդանասեր	14
kentani	կենդանի	164
kentanineri	կենդանիների	14
kentaninerin	կենդանիներին	14
kentanu	կենդանու	23
kentanutyan	կենդանության	14
kentrek	կընտրեք	29
kentres	կընտրես	44
kentron	կենտրոնը	58
kentron	կենտրոն	51
kentronacac	կենտրոնացած	23
kentronacel	կենտրոնացել	23
kentronacnum	կենտրոնացնում	14
kentronakan	կենտրոնական	23
kentronanal	կենտրոնանալ	23
kentronanum	կենտրոնանում	29
kentrone	կենտրոնը	58
kentroni	կենտրոնի	67
kentronin	կենտրոնին	14
kentronn	կենտրոնն	14
kentronner	կենտրոններ	23
kentronneric	կենտրոններից	53
kentronu	կենտրոնը	58
kentronum	կենտրոնում	82
kentrony	կենտրոնը	58
kentrvi	կընտրվի	34
kentunes	կընդունես	38
keq	գեղ	14
keqankarjutyun	գեղանկարչություն	14
keqarvestakan	գեղարվեստական	14
keqc	կեղծ	23
keqcavorutyamp	կեղծավորությամբ	29
keqcum	կեղծում	14
keqecik	գեղեցիկ	186
keqecik	գեղեցիկը	14
keqecike	գեղեցիկը	14
keqecikn	գեղեցիկն	14
keqeciku	գեղեցիկը	14
keqeciky	գեղեցիկը	14
keqeckacnum	գեղեցկացնում	14
keqeckuhuc	գեղեցկուհուց	14
keqeckutyamp	գեղեցկությամբ	29
keqeckutyan	գեղեցկության	53
keqeckutyun	գեղեցկություն	29
keqeckutyun	գեղեցկությունը	23
keqeckutyune	գեղեցկությունը	23
keqeckutyunu	գեղեցկությունը	23
keqeckutyuny	գեղեցկությունը	23
keqev	կեղեւը	14
keqeve	կեղեւը	14
keqevu	կեղեւը	14
keqevy	կեղեւը	14
keqti	կեղտի	23
ker	կեր	14
kerakrum	կերակրում	38
kerakuyn	գերագույն	23
keramikayi	կերամիկայի	38
kerartyunavet	գերարդյունավետ	23
keratasum	գերադասում	23
keratrakan	գերադրական	14
kerazanc	գերազանց	23
kerazancel	գերազանցել	14
kerazanciki	գերազանցիկի	14
kerazancum	գերազանցում	14
kerek	կերեք	51
kerel	կերել	59
kerel	գերել	14
kerhakecac	գերհագեցած	38
keri	քեռի	178
keri	գերի	14
kerin	քեռին	44
kerin	գերին	38
keriwxum	գերիշխում	14
kerkes	կերգես	29
kermaneren	գերմաներեն	14
kermanuhi	գերմանուհի	14
kermanya	գերմանիա	29
kermocional	գերմոցիոնալ	14
kerp	կերպ	170
kerp	կերպը	23
kerpar	կերպարը	70
kerpar	կերպար	67
kerpare	կերպարը	70
kerparel	կերպարել	14
kerpari	կերպարի	55
kerparic	կերպարից	14
kerparin	կերպարին	14
kerparn	կերպարն	38
kerparner	կերպարներ	42
kerparner	կերպարները	23
kerparnere	կերպարները	23
kerparneri	կերպարների	14
kerparneric	կերպարներից	34
kerparnern	կերպարներն	14
kerparneru	կերպարները	23
kerparnery	կերպարները	23
kerparov	կերպարով	14
kerparu	կերպարը	70
kerparum	կերպարում	23
kerpary	կերպարը	70
kerpe	կերպը	23
kerpi	կերպի	14
kerpnakan	գերբնական	14
kerpov	կերպով	72
kerpu	կերպը	23
kerpy	կերպը	23
kertac	կերտած	14
kertel	կերտել	34
kertelu	կերտելու	14
kerterutyunnern	գերտերություններն	14
kertum	կերտում	14
kerutyan	գերության	23
kerutyun	գերությունը	14
kerutyune	գերությունը	14
kerutyunn	գերությունն	42
kerutyunu	գերությունը	14
kerutyuny	գերությունը	14
kes	կես	164
kes	կեսը	23
kese	կեսը	23
keserin	կեսերին	14
kesi	կեսի	14
kesn	կեսն	14
kesneri	կեսների	14
kesorin	կեսօրին	162
kesu	կեսը	23
kesy	կեսը	23
ket	կետ	64
ket	կետը	42
ket	գետ	14
ketapi	գետափի	14
ketatrutyun	կետադրություն	14
kete	կետը	42
keter	կետեր	49
keter	կետերը	14
ketere	կետերը	14
keteric	կետերից	29
ketern	կետերն	14
keteru	կետերը	14
ketery	կետերը	14
keti	կետի	42
keti	գետի	14
ketic	կետից	38
ketin	կետին	42
ketn	կետն	23
ketni	գետնի	14
ketnin	գետնին	49
ketov	կետով	23
ketu	կետը	42
ketum	կետում	34
kety	կետը	42
kev	գեւը	23
keve	գեւը	23
kevi	գեւի	47
kevn	գեւն	14
kevorkn	գեւորգն	14
kevorkyann	գեւորգյանն	14
kevu	գեւը	23
kevy	գեւը	23
kew	քեշ	34
kew	գեշ	14
kew	քեշը	14
kewe	քեշը	14
kewu	քեշը	14
kewy	քեշը	14
keys	քեյս	34
keyser	քեյսեր	14
keysin	քեյսին	14
keyter	գեյթեր	23
keyteri	գեյթերի	23
kez	քեզ	220
kezanic	քեզանից	42
kezi	քեզի	14
keznic	քեզնից	162
keznov	քեզնով	29
kezul	քեզուլ	23
kfur	քֆուր	29
khamozvek	կհամոզվեք	55
khankstanam	կհանգստանամ	162
khantipem	կհանդիպեմ	14
khantipenk	կհանդիպենք	184
khantipi	կհանդիպի	38
khaqti	կհաղթի	14
khascnenk	կհասցնենք	14
khaskana	կհասկանա	23
khaskanak	կհասկանաք	29
khaskanan	կհասկանան	14
khaskanank	կհասկանանք	14
khaskanas	կհասկանաս	23
khaskanayi	կհասկանայի	14
khasnenk	կհասնենք	14
khasni	կհասնի	23
khaytnvi	կհայտնվի	14
khenvi	կհենվի	14
khetaki	կհետաքի	14
khiwecnen	կհիշեցնեն	42
khiwem	կհիշեմ	14
khiwes	կհիշես	14
khnji	կհնչի	14
ki	քի	14
kic	գիծ	42
kic	կից	34
kic	գիծը	23
kic	քից	14
kice	գիծը	23
kicn	գիծն	14
kicu	գիծը	23
kicy	գիծը	23
kif	գիֆ	38
kifcum	գիֆցում	38
kift	գիֆտ	34
kiftci	գիֆտցի	14
kiftcum	գիֆտցում	29
kij	քիչ	214
kilikio	կիլիկիո	14
kilikyayum	կիլիկիայում	14
kilokr	կիլոգր	14
kilometr	կիլոմետր	23
kilometrerov	կիլոմետրերով	14
kimanan	կիմանան	42
kimanank	կիմանանք	14
kimkin	քիմքին	23
kimli	քիմլի	29
kimyakan	քիմիական	14
kin	գինը	164
kin	կինը	164
kin	կին	81
kin	գին	23
kine	գինը	164
kine	կինը	164
kinekolok	գինեկոլոգ	14
kinekolokyakan	գինեկոլոգիական	34
kinekolokyan	գինեկոլոգիան	34
kinekorc	գինեգործ	14
kinekorcakan	գինեգործական	23
kinekorcaran	գինեգործարանը	14
kinekorcarane	գինեգործարանը	14
kinekorcaranner	գինեգործարաններ	14
kinekorcaranu	գինեգործարանը	14
kinekorcarany	գինեգործարանը	14
kinekorcn	գինեգործն	14
kinekorcnerin	գինեգործներին	14
kinekorcutyan	գինեգործության	42
kinekorcutyun	գինեգործությունը	23
kinekorcutyune	գինեգործությունը	23
kinekorcutyunn	գինեգործությունն	14
kinekorcutyunu	գինեգործությունը	23
kinekorcutyuny	գինեգործությունը	23
kiner	գիներ	14
kiner	գիները	14
kinere	գիները	14
kineri	գիների	14
kineru	գիները	14
kinery	գիները	14
kini	գինի	57
kinin	գինին	70
kininer	գինիներ	34
kininer	գինիները	29
kininere	գինիները	29
kinineri	գինիների	42
kininern	գինիներն	14
kininerov	գինիներով	23
kinineru	գինիները	29
kininery	գինիները	29
kinn	կինն	61
kinn	գինն	29
kino	կինո	14
kinon	կինոն	23
kinoner	կինոներ	14
kinosrah	կինոսրահ	23
kinotatron	կինոթատրոնը	14
kinotatrone	կինոթատրոնը	14
kinotatronu	կինոթատրոնը	14
kinotatrony	կինոթատրոնը	14
kinov	գինով	29
kinoyi	կինոյի	29
kins	կինս	29
kinsrah	կինսրահ	14
kinu	գինը	164
kinu	կինը	164
kinu	գինու	67
kinuc	գինուց	23
kiny	գինը	164
kiny	կինը	164
kiorin	գիորին	42
kir	գիր	29
kirakanacni	կիրականացնի	14
kirakanacvi	կիրականացվի	34
kiraki	կիրակի	182
kiranal	գիրանալ	38
kirarel	կիրառել	53
kirareluc	կիրառելուց	14
kirarum	կիրառում	14
kirarutyann	կիրառությանն	29
kirarutyun	կիրառություն	58
kirarvum	կիրառվում	49
kirk	գիրքը	178
kirk	գիրք	176
kirke	գիրքը	178
kirkn	գիրքն	14
kirku	գիրքը	178
kirky	գիրքը	178
kis	քիս	29
kisakaqcr	կիսաքաղցր	14
kisakaruyc	կիսակառույց	14
kisakraket	կիսագրագետ	23
kisat	կիսատ	44
kisel	կիսել	49
kisel	կիսելը	23
kisele	կիսելը	23
kiselu	կիսելը	23
kiselu	կիսելու	23
kisely	կիսելը	23
kisi	կիսի	34
kisoq	կիսող	14
kisov	կիսով	14
kisovjap	կիսովչափ	23
kisum	կիսում	29
kisuri	կիսուրի	23
kisvel	կիսվել	14
kisvum	կիսվում	14
kitakan	գիտական	29
kitakc	գիտակց	14
kitakcapar	գիտակցաբար	23
kitakceci	գիտակցեցի	14
kitakcecir	գիտակցեցիր	23
kitakcel	գիտակցել	29
kitakcelov	գիտակցելով	14
kitakcen	գիտակցեն	14
kitakcenk	գիտակցենք	14
kitakces	գիտակցես	14
kitakci	գիտակցի	14
kitakcman	գիտակցմանը	14
kitakcmane	գիտակցմանը	14
kitakcmanu	գիտակցմանը	14
kitakcmany	գիտակցմանը	14
kitakcum	գիտակցում	75
kitakcum	գիտակցումը	23
kitakcume	գիտակցումը	23
kitakcumu	գիտակցումը	23
kitakcumy	գիտակցումը	23
kitakcutyan	գիտակցությանը	23
kitakcutyane	գիտակցությանը	23
kitakcutyanu	գիտակցությանը	23
kitakcutyany	գիտակցությանը	23
kitakcutyun	գիտակցություն	29
kitakcutyun	գիտակցությունը	23
kitakcutyune	գիտակցությունը	23
kitakcutyunn	գիտակցությունն	14
kitakcutyunu	գիտակցությունը	23
kitakcutyuny	գիտակցությունը	23
kitakcvac	գիտակցված	23
kitakic	գիտակից	14
kitarn	գիթառն	14
kitarov	կիթառով	14
kitawxatoq	գիտաշխատող	14
kitei	գիտեի	49
kiteik	գիտեիք	14
kitein	գիտեին	38
kiteink	գիտեինք	34
kiteir	գիտեիր	14
kitek	գիտեք	168
kitelikneri	գիտելիքների	34
kiteliknerin	գիտելիքներին	14
kitem	գիտեմ	184
kiten	գիտեն	82
kitenk	գիտենք	67
kiter	գիտեր	44
kites	գիտես	190
kiti	գիտի	72
kitroni	կիտրոնի	23
kitutyan	գիտության	23
kiwer	գիշեր	186
kiwer	գիշերը	168
kiwerayin	գիշերային	14
kiwere	գիշերը	168
kiwerner	գիշերները	49
kiwernere	գիշերները	49
kiwerneri	գիշերների	44
kiwernerin	գիշերներին	14
kiwernern	գիշերներն	14
kiwerneru	գիշերները	49
kiwernery	գիշերները	49
kiweru	գիշերը	168
kiwerva	գիշերվա	29
kiwery	գիշերը	168
kiwmiwn	քիշմիշն	14
kizaketum	կիզակետում	14
kjacel	քչացել	14
kjacrel	քչացրել	14
kjanajem	կճանաչեմ	42
kjanum	քչանում	14
kjarenk	կճարենք	23
kjer	քչերը	34
kjere	քչերը	34
kjerin	քչերին	23
kjern	քչերն	14
kjeru	քչերը	34
kjery	քչերը	34
kjutyun	գժություն	14
kjvel	գժվել	29
kjvum	գժվում	34
kk	կգ	23
kka	կգա	174
kkak	կգաք	29
kkam	կգամ	170
kkan	կգան	14
kkanjenk	կկանչենք	29
kkaroqanak	կկարողանաք	51
kkaroqanam	կկարողանամ	162
kkaroqanank	կկարողանանք	14
kkas	կգաս	14
kkayi	կգայի	23
kkazmen	կկազմեն	23
kkentronana	կկենտրոնանա	23
kkirarvi	կկիրառվի	23
kkisvem	կկիսվեմ	14
kkjvei	կգժվեի	23
kkna	կգնա	23
kknahaten	կգնահատեն	38
kknak	կգնաք	14
kknam	կգնամ	172
kknank	կգնանք	166
kknas	կգնաս	14
kknayi	կգնայի	23
kknnarkenk	կքննարկենք	34
kkorci	կգործի	23
kkpnen	կկպնեն	14
kkrem	կգրեմ	160
kkrem	կկրեմ	34
kkren	կգրեն	14
kkrkem	կգրկեմ	38
kktnek	կգտնեք	85
kktnem	կգտնեմ	162
kktnen	կգտնեն	44
kktnenk	կգտնենք	29
kktnes	կգտնես	166
kktni	կգտնի	23
klacem	կլացեմ	34
klap	կլաբը	14
klape	կլաբը	14
klapu	կլաբը	14
klapy	կլաբը	14
klasik	կլասիկ	14
klasov	կլասով	14
klawnikov	կլաշնիկով	42
klcnen	կլցնեն	23
klentel	գլենդել	14
klenteli	գլենդելի	61
klentelu	գլենդելու	23
klentelum	գլենդելում	63
klentelyan	գլենդելյան	14
klinei	կլինեի	14
klinek	կլինեք	44
klinem	կլինեմ	180
klinen	կլինեն	170
klinenk	կլինենք	164
kliner	կլիներ	176
klines	կլինես	160
klini	կլինի	200
klinika	կլինիկա	51
klinikan	կլինիկան	44
klinikaner	կլինիկաները	34
klinikaner	կլինիկաներ	29
klinikanere	կլինիկաները	34
klinikaneri	կլինիկաների	38
klinikaneric	կլինիկաներից	29
klinikanern	կլինիկաներն	34
klinikaneru	կլինիկաները	34
klinikanerum	կլինիկաներում	29
klinikanery	կլինիկաները	34
klinikayi	կլինիկայի	55
klinikayin	կլինիկային	23
klinikayov	կլինիկայով	34
klinikayum	կլինիկայում	61
kliniki	քլինիկի	29
kliniki	կլինիկի	23
klinikoren	կլինիկորեն	14
klip	կլիպը	23
klipe	կլիպը	23
klipt	կլիպդ	44
klipu	կլիպը	23
klipy	կլիպը	23
klopal	գլոբալ	34
klor	կլոր	23
kloracum	կլորացումը	23
kloracume	կլորացումը	23
kloracumu	կլորացումը	23
kloracumy	կլորացումը	23
klucem	կլուծեմ	29
klucen	կլուծեն	14
klux	գլուխ	44
klux	գլուխը	29
kluxe	գլուխը	29
kluxkorcoc	գլուխգործոց	23
kluxkorcocner	գլուխգործոցներ	23
kluxn	գլուխն	14
kluxs	գլուխս	14
kluxu	գլուխը	29
kluxy	գլուխը	29
klx	գլխ	14
klxacav	գլխացավը	29
klxacavank	գլխացավանք	49
klxacave	գլխացավը	29
klxacaver	գլխացավեր	38
klxacaverov	գլխացավերով	53
klxacavu	գլխացավը	29
klxacavy	գլխացավը	29
klxavor	գլխավոր	162
klxi	գլխի	44
klxik	գլխիկը	74
klxik	գլխիկ	29
klxike	գլխիկը	74
klxiki	գլխիկի	58
klxikn	գլխիկն	55
klxikner	գլխիկներ	34
klxikneri	գլխիկների	38
klxiknern	գլխիկներն	14
klxiku	գլխիկը	74
klxiky	գլխիկը	74
klxin	գլխին	23
klxov	գլխով	14
klxum	գլխում	55
klyuten	գլյուտեն	14
kmahaj	քմահաճ	14
kmahajuyk	քմահաճույք	14
kmanramasnek	կմանրամասնեք	29
kmasnakces	կմասնակցես	29
kmatucen	կմատուցեն	14
kmecanam	կմեծանամ	14
kmernem	կմեռնեմ	14
kmna	կմնա	23
kmnas	կմնաս	29
kmoranan	կմոռանան	14
kmpum	գմփում	29
kmtacem	կմտածեմ	162
kmtacen	կմտածեն	23
kna	գնա	178
knac	քնած	160
knac	գնաց	59
knacek	գնացեք	38
knacel	գնացել	176
knaci	գնացի	172
knacin	գնացին	23
knacink	գնացինք	162
knack	գնացքը	166
knacke	գնացքը	166
knacku	գնացքը	166
knacky	գնացքը	166
knacoq	գնացող	14
knacucak	գնացուցակ	14
knacucak	գնացուցակը	14
knacucake	գնացուցակը	14
knacucaku	գնացուցակը	14
knacucaky	գնացուցակը	14
knahatakan	գնահատական	14
knahatakan	գնահատականը	14
knahatakane	գնահատականը	14
knahatakann	գնահատականն	14
knahatakanner	գնահատականներ	14
knahatakanu	գնահատականը	14
knahatakany	գնահատականը	14
knahatel	գնահատել	47
knahateli	գնահատելի	14
knahati	գնահատի	47
knahatoq	գնահատող	14
knahatum	գնահատում	166
knahatvac	գնահատված	14
knahatvel	գնահատվել	34
knahatvum	գնահատվում	14
knaje	գնաժե	38
knajek	գնաժեք	44
knak	գնաք	34
knal	գնալ	194
knal	գնալը	14
knale	գնալը	14
knaln	գնալն	14
knalov	գնալով	53
knalu	գնալու	176
knalu	գնալը	14
knaluc	գնալուց	42
knaly	գնալը	14
knam	գնամ	200
knam	կնամ	38
knan	գնան	14
knank	գնանք	176
knar	գնար	14
knarjek	գնարժեք	38
knas	գնաս	160
knas	գնասը	42
knase	գնասը	42
knasu	գնասը	42
knasy	գնասը	42
knayem	կնայեմ	164
knayi	գնայի	44
knayi	կնայի	14
knayin	գնային	69
knayink	գնայինք	23
knayir	գնայիր	23
kneci	գնեցի	160
knei	քնեի	34
knek	գնեք	23
knek	քնեք	23
knel	գնել	178
knel	քնել	166
knel	գնելը	38
knele	գնելը	38
knelu	գնելը	38
knelu	գնելու	38
knelu	քնելու	14
kneluc	գնելուց	29
knely	գնելը	38
kner	գները	164
knere	գները	164
knerek	կներեք	58
kneres	կներես	23
kneri	գների	57
kneri	կների	23
knerkayacnem	կներկայացնեմ	14
knerkayacnenk	կներկայացնենք	14
knerov	գներով	44
kneru	գները	164
knery	գները	164
kni	քնի	162
kni	գնի	44
knikn	կնիկն	14
knjirner	կնճիռները	66
knjirnere	կնճիռները	66
knjirneri	կնճիռների	59
knjirneric	կնճիռներից	47
knjirneru	կնճիռները	66
knjirnery	կնճիռները	66
knkalem	կընկալեմ	14
knkarahanvi	կնկարահանվի	23
knkem	կնքեմ	14
knkni	կընկնի	44
knnarkel	քննարկել	162
knnarkelu	քննարկելու	23
knnarkeluc	քննարկելուց	23
knnarkenk	քննարկենք	14
knnarkman	քննարկման	23
knnarkum	քննարկում	164
knnarkumn	քննարկումն	14
knnarkumner	քննարկումները	23
knnarkumner	քննարկումներ	14
knnarkumnere	քննարկումները	23
knnarkumneri	քննարկումների	23
knnarkumnerin	քննարկումներին	14
knnarkumnern	քննարկումներն	14
knnarkumneru	քննարկումները	23
knnarkumnery	քննարկումները	23
knnarkvec	քննարկվեց	14
knnarkvoq	քննարկվող	14
knnarkvum	քննարկվում	42
knnatatakan	քննադատական	14
knnatatel	քննադատել	14
knnatati	քննադատի	14
knnatatn	քննադատն	14
knnatatum	քննադատում	23
knnatatutyunner	քննադատությունները	29
knnatatutyunnere	քննադատությունները	29
knnatatutyunneru	քննադատությունները	29
knnatatutyunnery	քննադատությունները	29
knnum	քննում	14
knnutyan	քննության	14
knnutyun	քննություն	14
knnutyun	քննությունը	14
knnutyune	քննությունը	14
knnutyunic	քննությունից	14
knnutyunneri	քննությունների	14
knnutyunu	քննությունը	14
knnutyuny	քննությունը	14
knnvum	քննվում	14
knoj	կնոջ	80
knoj	կնոջը	57
knoje	կնոջը	57
knojs	կնոջս	34
knojt	կնոջդ	14
knoju	կնոջը	57
knojy	կնոջը	57
knortneric	գնորդներից	44
knov	գնով	44
kntrek	կընտրեք	29
kntres	կընտրես	44
kntrvi	կընտրվի	34
kntunes	կընդունես	38
knum	գնում	196
knum	քնում	168
knum	գնումը	53
knume	գնումը	53
knumner	գնումներ	170
knumner	գնումները	23
knumnere	գնումները	23
knumneri	գնումների	164
knumneru	գնումները	23
knumnery	գնումները	23
knumt	գնումդ	38
knumu	գնումը	53
knumy	գնումը	53
knunk	կնունք	23
knunki	կնունքի	42
knvac	գնված	23
knwem	կնշեմ	14
knwes	կնշես	14
ko	քո	216
kofe	կոֆե	14
kofei	կոֆեի	14
koh	գոհ	74
kohacac	գոհացած	42
kohacnel	գոհացնել	14
kohar	գոհար	38
kohar	գոհարը	23
kohare	գոհարը	23
kohari	գոհարի	14
koharin	գոհարին	14
koharn	գոհարն	14
koharu	գոհարը	23
kohary	գոհարը	23
koj	կոչ	23
kojak	կոճակը	14
kojake	կոճակը	14
kojaku	կոճակը	14
kojaky	կոճակը	14
kojel	կոչել	34
kojeri	քոչերի	14
kojmann	կոչմանն	23
kojum	կոչում	14
kojvac	կոչված	14
kojvel	կոչվել	14
kojvum	կոչվում	69
kokik	կոկիկ	14
koknem	կօգնեմ	166
koknen	կօգնեն	65
kokni	կօգնի	170
kokor	գոգորը	14
kokore	գոգորը	14
kokort	կոկորդ	14
kokoru	գոգորը	14
kokory	գոգորը	14
koktakorcvi	կօգտագործվի	38
kokteylner	կոկտեյլները	29
kokteylnere	կոկտեյլները	29
kokteylneru	կոկտեյլները	29
kokteylnery	կոկտեյլները	29
koktvek	կօգտվեք	14
koktvem	կօգտվեմ	23
koktvi	կօգտվի	14
kol	գոլը	38
kol	գոլ	14
kolakeni	կոլագենի	65
kole	գոլը	38
kolej	քոլեջը	34
kolej	քոլեջ	14
koleje	քոլեջը	34
koleju	քոլեջը	34
kolejy	քոլեջը	34
kolekaneri	կոլեգաների	14
kolekanern	կոլեգաներն	14
kolektiv	կոլեկտիվ	14
kolektiv	կոլեկտիվը	14
kolektive	կոլեկտիվը	14
kolektivu	կոլեկտիվը	14
kolektivy	կոլեկտիվը	14
koloyan	կոլոյան	14
kolpayi	կոլբայի	47
kolu	գոլը	38
koly	գոլը	38
koment	քոմենթ	38
komentner	քոմենթներ	23
komentner	քոմենթները	14
komentnere	քոմենթները	14
komentneru	քոմենթները	14
komentnery	քոմենթները	14
komercion	կոմերցիոն	49
komern	կոմերն	14
kometi	կոմեդի	14
komfort	կոմֆորտ	14
komfort	կոմֆորտը	14
komforte	կոմֆորտը	14
komforti	կոմֆորտի	29
komfortu	կոմֆորտը	14
komforty	կոմֆորտը	14
komik	կոմիկ	14
komitas	կոմիտաս	14
kompakt	կոմպակտ	23
kompleks	կոմպլեքս	44
kompleksavorum	կոմպլեքսավորում	29
kompleksavorvac	կոմպլեքսավորված	14
kompleksavorvum	կոմպլեքսավորվում	14
kompleksner	կոմպլեքսներ	29
kompleksneric	կոմպլեքսներից	29
komplekt	կոմպլեկտ	23
kompozicyayi	կոմպոզիցիայի	14
kompozitor	կոմպոզիտոր	14
kompromat	կոմպրոմատ	29
kompromisi	կոմպրոմիսի	23
komunikacvel	կոմունիկացվել	23
komunistakan	կոմունիստական	14
kon	քոնը	23
koncept	կոնցեպտ	14
koncept	կոնցեպտը	14
koncepte	կոնցեպտը	14
koncepti	կոնցեպտի	14
konceptu	կոնցեպտը	14
koncepty	կոնցեպտը	14
kone	գոնե	172
kone	քոնը	23
konfitencyal	կոնֆիդենցիալ	34
konflikt	կոնֆլիկտը	29
konflikt	կոնֆլիկտ	14
konfliktayin	կոնֆլիկտային	23
konflikte	կոնֆլիկտը	29
konflikti	կոնֆլիկտի	34
konfliktner	կոնֆլիկտներ	34
konfliktu	կոնֆլիկտը	29
konflikty	կոնֆլիկտը	29
konkret	կոնկրետ	180
konkurencyan	կոնկուրենցիան	23
konn	քոնն	42
konservatorya	կոնսերվատորիա	14
konsultacya	կոնսուլտացիա	29
konsultacyan	կոնսուլտացիան	38
kontakti	կոնտակտի	34
kontaktner	կոնտակտները	42
kontaktnere	կոնտակտները	42
kontaktneru	կոնտակտները	42
kontaktnery	կոնտակտները	42
kontekst	կոնտեքստը	29
kontekste	կոնտեքստը	29
kontekstu	կոնտեքստը	29
konteksty	կոնտեքստը	29
kontent	կոնտենտ	47
kontent	կոնտենտը	14
kontente	կոնտենտը	14
kontentu	կոնտենտը	14
kontenty	կոնտենտը	14
konu	քոնը	23
konvencional	կոնվենցիոնալ	14
kony	քոնը	23
konyak	կոնյակը	14
konyake	կոնյակը	14
konyaki	կոնյակի	34
konyakov	կոնյակով	14
konyaku	կոնյակը	14
konyaky	կոնյակը	14
koortinatner	կոորդինատները	23
koortinatnere	կոորդինատները	23
koortinatneru	կոորդինատները	23
koortinatnery	կոորդինատները	23
kopek	կոպեկ	42
kopit	կոպիտ	73
koptutyan	կոպտության	14
kopum	կոփում	23
kopvac	կոպված	14
koq	գող	14
koqakicn	կողակիցն	14
koqanum	գողանում	14
koqik	գողիկ	14
koqk	կողքը	55
koqk	կողք	23
koqke	կողքը	55
koqki	կողքի	53
koqkic	կողքից	58
koqkin	կողքին	168
koqkis	կողքիս	34
koqkit	կողքիդ	34
koqkn	կողքն	38
koqkov	կողքով	47
koqks	կողքս	14
koqku	կողքը	55
koqky	կողքը	55
koqm	կողմ	160
koqm	կողմը	57
koqme	կողմը	57
koqmer	կողմերը	29
koqmer	կողմեր	14
koqmere	կողմերը	29
koqmeric	կողմերից	14
koqmern	կողմերն	23
koqmeru	կողմերը	29
koqmery	կողմերը	29
koqmi	կողմի	49
koqmic	կողմից	182
koqmn	կողմն	62
koqmnaki	կողմնակի	34
koqmnakic	կողմնակից	23
koqmnakicn	կողմնակիցն	14
koqmnorowum	կողմնորոշում	34
koqmnorowvel	կողմնորոշվել	14
koqmu	կողմը	57
koqmum	կողմում	44
koqmy	կողմը	57
kor	գոռ	14
kor	գոռը	14
kora	գոռա	29
korac	կորած	47
koracneri	կորածների	38
korc	գործ	180
korc	գործը	180
korcakal	գործակալ	14
korcakalutyun	գործակալությունը	14
korcakalutyune	գործակալությունը	14
korcakalutyunu	գործակալությունը	14
korcakalutyuny	գործակալությունը	14
korcakcum	գործակցում	14
korcanman	կործանման	23
korcanum	կործանում	14
korcanvac	կործանված	23
korcaran	գործարանը	23
korcaran	գործարան	14
korcaranayin	գործարանային	14
korcarane	գործարանը	23
korcaranu	գործարանը	23
korcaranum	գործարանում	29
korcarany	գործարանը	23
korcararneri	գործարարների	14
korcaruytn	գործառույթն	14
korce	գործը	180
korcel	գործել	29
korcelu	գործելու	23
korcenker	գործընկեր	59
korcenker	գործընկերը	34
korcenkere	գործընկերը	34
korcenkern	գործընկերն	23
korcenkerner	գործընկերները	44
korcenkerner	գործընկերներ	23
korcenkernere	գործընկերները	44
korcenkerneri	գործընկերների	14
korcenkerneric	գործընկերներից	29
korcenkernern	գործընկերներն	34
korcenkeroj	գործընկերոջ	38
korcenkeroj	գործընկերոջը	34
korcenkeroje	գործընկերոջը	34
korcenkerojn	գործընկերոջն	23
korcenkers	գործընկերս	29
korcenkeruhun	գործընկերուհուն	23
korcentac	գործընթացը	55
korcentac	գործընթաց	23
korcentace	գործընթացը	55
korcentaci	գործընթացի	14
korcentacin	գործընթացին	34
korcentacn	գործընթացն	29
korcentacnern	գործընթացներն	23
korcentacnerov	գործընթացներով	14
korcer	գործեր	180
korcer	գործերը	176
korcere	գործերը	176
korceri	գործերի	29
korceric	գործերից	14
korcerin	գործերին	160
korcern	գործերն	162
korcerov	գործերով	170
korceru	գործերը	176
korcery	գործերը	176
korci	գործի	172
korcic	գործից	14
korcij	գործիչ	29
korcijner	գործիչներ	14
korcik	գործիք	34
korcik	գործիքը	14
korcikavorum	գործիքավորումը	23
korcikavorume	գործիքավորումը	23
korcikavorumu	գործիքավորումը	23
korcikavorumy	գործիքավորումը	23
korcike	գործիքը	14
korciki	գործիքի	14
korcikn	գործիքն	14
korcikneric	գործիքներից	23
korcikov	գործիքով	29
korciku	գործիքը	14
korciky	գործիքը	14
korcin	գործին	29
korcji	գործչի	14
korcman	գործմանը	42
korcmane	գործմանը	42
korcmanu	գործմանը	42
korcmany	գործմանը	42
korcn	գործն	162
korcnakan	գործնական	162
korcnelu	կորցնելու	42
korcneluc	կորցնելուց	23
korcnem	կորցնեմ	42
korcnes	կորցնես	14
korcni	կորցնի	53
korcnker	գործընկեր	59
korcnker	գործընկերը	34
korcnkere	գործընկերը	34
korcnkern	գործընկերն	23
korcnkerner	գործընկերները	44
korcnkerner	գործընկերներ	23
korcnkernere	գործընկերները	44
korcnkerneri	գործընկերների	14
korcnkerneric	գործընկերներից	29
korcnkernern	գործընկերներն	34
korcnkeroj	գործընկերոջ	38
korcnkeroj	գործընկերոջը	34
korcnkeroje	գործընկերոջը	34
korcnkerojn	գործընկերոջն	23
korcnkers	գործընկերս	29
korcnkeruhun	գործընկերուհուն	23
korcntac	գործընթացը	55
korcntac	գործընթաց	23
korcntace	գործընթացը	55
korcntaci	գործընթացի	14
korcntacin	գործընթացին	34
korcntacn	գործընթացն	29
korcntacnern	գործընթացներն	23
korcntacnerov	գործընթացներով	14
korcnum	կորցնում	160
korcoc	գործոց	14
korcon	գործոն	44
korcon	գործոնը	38
korcone	գործոնը	38
korconn	գործոնն	14
korconneric	գործոններից	23
korconnern	գործոններն	14
korconov	գործոնով	29
korconu	գործոնը	38
korcony	գործոնը	38
korcoq	գործող	63
korcoqutyan	գործողության	14
korcoqutyun	գործողություն	38
korcoqutyun	գործողությունը	34
korcoqutyune	գործողությունը	34
korcoqutyunner	գործողություններ	29
korcoqutyunner	գործողությունները	14
korcoqutyunnere	գործողությունները	14
korcoqutyunneri	գործողությունների	23
korcoqutyunnern	գործողություններն	14
korcoqutyunneru	գործողությունները	14
korcoqutyunnery	գործողությունները	14
korcoqutyunu	գործողությունը	34
korcoqutyuny	գործողությունը	34
korcov	գործով	29
korcreci	կորցրեցի	34
korcrecik	կորցրեցիք	29
korcrecir	կորցրեցիր	14
korcrel	կորցրել	162
korcu	գործը	180
korcum	գործում	166
korcuneutyamp	գործունեությամբ	23
korcuneutyan	գործունեության	49
korcuneutyun	գործունեություն	34
korcuneutyun	գործունեությունը	14
korcuneutyune	գործունեությունը	14
korcuneutyunu	գործունեությունը	14
korcuneutyuny	գործունեությունը	14
korcunker	գործընկեր	59
korcunker	գործընկերը	34
korcunkere	գործընկերը	34
korcunkern	գործընկերն	23
korcunkerner	գործընկերները	44
korcunkerner	գործընկերներ	23
korcunkernere	գործընկերները	44
korcunkerneri	գործընկերների	14
korcunkerneric	գործընկերներից	29
korcunkernern	գործընկերներն	34
korcunkeroj	գործընկերոջ	38
korcunkeroj	գործընկերոջը	34
korcunkeroje	գործընկերոջը	34
korcunkerojn	գործընկերոջն	23
korcunkers	գործընկերս	29
korcunkeruhun	գործընկերուհուն	23
korcuntac	գործընթացը	55
korcuntac	գործընթաց	23
korcuntace	գործընթացը	55
korcuntaci	գործընթացի	14
korcuntacin	գործընթացին	34
korcuntacn	գործընթացն	29
korcuntacnern	գործընթացներն	23
korcuntacnerov	գործընթացներով	14
korcy	գործը	180
korcynker	գործընկեր	59
korcynker	գործընկերը	34
korcynkere	գործընկերը	34
korcynkern	գործընկերն	23
korcynkerner	գործընկերները	44
korcynkerner	գործընկերներ	23
korcynkernere	գործընկերները	44
korcynkerneri	գործընկերների	14
korcynkerneric	գործընկերներից	29
korcynkernern	գործընկերներն	34
korcynkeroj	գործընկերոջ	38
korcynkeroj	գործընկերոջը	34
korcynkeroje	գործընկերոջը	34
korcynkerojn	գործընկերոջն	23
korcynkers	գործընկերս	29
korcynkeruhun	գործընկերուհուն	23
korcyntac	գործընթացը	55
korcyntac	գործընթաց	23
korcyntace	գործընթացը	55
korcyntaci	գործընթացի	14
korcyntacin	գործընթացին	34
korcyntacn	գործընթացն	29
korcyntacnern	գործընթացներն	23
korcyntacnerov	գործընթացներով	14
kore	գոռը	14
korekcyaneri	կոռեկցիաների	38
korekt	կոռեկտ	14
korel	կորել	23
kori	գոռի	14
koriz	կորիզ	14
korizi	կորիզի	14
korizneric	կորիզներից	14
koroz	գոռոզ	14
korsti	կորստի	23
korstic	կորստից	42
kortum	քորդում	14
koru	գոռը	14
korum	կորում	47
korum	գոռում	34
korumpacvac	կոռումպացված	14
korupcyayi	կոռուպցիայի	34
korust	կորուստ	34
korust	կորուստը	23
koruste	կորուստը	23
korusti	կորուստի	42
korustic	կորուստից	14
korustn	կորուստն	14
korustner	կորուստներ	23
korustu	կորուստը	23
korusty	կորուստը	23
kory	գոռը	14
kosmetolok	կոսմետոլոգ	49
kosmetoloki	կոսմետոլոգի	34
kosmetolokyakan	կոսմետոլոգիական	53
kosmetolokyan	կոսմետոլոգիան	38
kosmitalokya	կոսմիտալոգիա	29
kost	քոստը	38
koste	քոստը	38
kostu	քոստը	38
kosty	քոստը	38
kostyum	կոստյում	14
kostyumov	կոստյումով	14
kot	կոդը	23
kot	կոդ	14
kotavorum	կոդավորում	14
kote	կոդը	23
koteksi	կոդեքսի	23
kotin	գոտին	14
kotorac	կոտորած	34
kotorelov	կոտորելով	14
kotov	կոդով	14
kotrec	կոտրեց	14
kotrel	կոտրել	23
kotrelu	կոտրելու	51
kotroq	կոտրող	14
kotrum	կոտրում	34
kotrvac	կոտրված	42
kotrvec	կոտրվեց	14
kotrvoq	կոտրվող	14
kotrvum	կոտրվում	23
kotu	կոդը	23
koty	կոդը	23
kovacel	գովացել	14
kovalu	գովալու	23
kovazt	գովազդ	23
kovazt	գովազդը	23
kovaztatuneri	գովազդատուների	14
kovaztayin	գովազդային	23
kovazte	գովազդը	23
kovaztelu	գովազդելու	14
kovazti	գովազդի	14
kovaztn	գովազդն	14
kovaztner	գովազդներ	23
kovaztner	գովազդները	23
kovaztnere	գովազդները	23
kovaztneri	գովազդների	42
kovaztneru	գովազդները	23
kovaztnery	գովազդները	23
kovaztu	գովազդը	23
kovaztum	գովազդում	23
kovazty	գովազդը	23
kovesti	գովեստի	14
kovit	քովիդ	14
koviti	քովիդի	14
kovum	գովում	38
kowik	կոշիկ	14
kowikner	կոշիկները	14
kowiknere	կոշիկները	14
kowiknern	կոշիկներն	29
kowikneru	կոշիկները	14
kowiknery	կոշիկները	14
kowt	կոշտ	23
koyutyan	գոյության	14
koyutyun	գոյություն	160
kp	քպ	14
kpac	կպած	14
kpacatrek	կբացատրեք	23
kpacvi	կբացվի	34
kpahen	կպահեն	34
kpahpanvi	կպահպանվի	14
kparcracnen	կբարձրացնեն	29
kparzenk	կպարզենք	14
kpasten	կփաստեն	14
kpasti	կփաստի	23
kpatasxani	կպատասխանի	14
kpatjem	կպատժեմ	44
kpatkeracnek	կպատկերացնեք	14
kpatkracnei	կպատկրացնեի	23
kpatmek	կպատմեք	57
kpatmem	կպատմեմ	166
kpatmen	կպատմեն	34
kpatmes	կպատմես	164
kpatmi	կպատմի	42
kpatrastem	կպատրաստեմ	160
kpatrasten	կպատրաստեն	29
kpawtpanes	կպաշտպանես	14
kpcnum	կպցնում	14
kpcrel	կպցրել	14
kpel	կպել	14
kperen	կբերեն	14
kpjunutyun	կպչունությունը	14
kpjunutyune	կպչունությունը	14
kpjunutyunu	կպչունությունը	14
kpjunutyuny	կպչունությունը	14
kpnel	կպնել	14
kpnum	կպնում	34
kporcek	կփորձեք	23
kporcem	կփորձեմ	186
kporcenk	կփորձենք	29
kpoxancen	կփոխանցեն	23
kpoxei	կփոխեի	14
kpoxen	կփոխեն	34
kpoxes	կփոխես	23
kpoxvi	կփոխվի	14
kprni	կբռնի	14
kqzin	կղզին	38
kr	գր	14
krac	գրած	23
krafik	գրաֆիկ	23
krafiki	գրաֆիկի	14
krafl	գրաֆլ	23
krafli	գրաֆլի	34
krak	կրակ	14
krakan	գրական	14
krakanutyan	գրականության	14
krakanutyun	գրականություն	23
krakanutyunn	գրականությունն	23
kraket	գրագետ	14
kraki	կրակի	162
krakocner	կրակոցներ	14
krakoqutyan	գրագողության	14
krakoqutyun	գրագողություն	14
krakum	կրակում	29
kraln	գրալն	23
kralum	գրալում	29
kram	գրամ	42
krancek	գրանցեք	14
krancvac	գրանցված	23
krancvum	գրանցվում	38
kraniwic	գրանիշից	14
krant	գրանդ	29
krantic	գրանտից	23
krantij	գրանդիչը	14
krantije	գրանդիչը	14
krantiju	գրանդիչը	14
krantijy	գրանդիչը	14
kraplum	գրաբլում	23
krarman	գրառման	29
krarum	գրառում	23
krarum	գրառումը	14
krarume	գրառումը	14
krarumner	գրառումներ	23
krarumu	գրառումը	14
krarumy	գրառումը	14
krasenyak	գրասենյակ	42
krasenyak	գրասենյակը	14
krasenyake	գրասենյակը	14
krasenyakner	գրասենյակները	14
krasenyaknere	գրասենյակները	14
krasenyakneri	գրասենյակների	14
krasenyakneru	գրասենյակները	14
krasenyaknery	գրասենյակները	14
krasenyaku	գրասենյակը	14
krasenyakum	գրասենյակում	34
krasenyaky	գրասենյակը	14
krataran	գրադարան	160
kravel	գրավել	14
kravl	գրավլ	58
kravl	գրավլը	47
kravle	գրավլը	47
kravli	գրավլի	38
kravlu	գրավլը	47
kravlum	գրավլում	49
kravly	գրավլը	47
kravum	գրավում	164
kraz	գրազ	14
krckamis	կրծքամիսը	14
krckamise	կրծքամիսը	14
krckamisu	կրծքամիսը	14
krckamisy	կրծքամիսը	14
krec	գրեց	14
kreci	գրեցի	29
krek	գրեք	49
krel	գրել	168
krel	կրել	42
krelov	գրելով	29
krelu	կրելու	29
krelu	գրելու	14
krem	գրեմ	23
krem	կրեմ	14
krep	կրեպ	14
krepi	կրեպի	14
kres	գրես	38
krete	գրեթե	172
kretit	կրեդիտը	14
kretite	կրեդիտը	14
kretitov	կրեդիտով	29
kretitu	կրեդիտը	14
kretity	կրեդիտը	14
kri	կրի	38
kri	գրի	14
krikor	գրիգոր	47
krikor	գրիգորը	14
krikore	գրիգորը	14
krikori	գրիգորի	14
krikorij	գրիգորիչը	23
krikorije	գրիգորիչը	23
krikoriji	գրիգորիչի	14
krikorijin	գրիգորիչին	14
krikorijn	գրիգորիչն	14
krikoriju	գրիգորիչը	23
krikorijy	գրիգորիչը	23
krikoru	գրիգորը	14
krikory	գրիգորը	14
krikoryanin	գրիգորյանին	14
krikoryann	գրիգորյանն	34
krin	գրին	14
kripto	կրիպտո	29
kriptoarjuytneri	կրիպտոարժույթների	14
krist	քրիստը	23
krist	քրիստ	14
kriste	քրիստը	23
kristi	քրիստի	29
kristo	քրիստո	14
kristof	քրիստոֆ	14
kristofl	քրիստոֆլ	42
kristofl	քրիստոֆլը	38
kristofle	քրիստոֆլը	38
kristoflu	քրիստոֆլը	38
kristofly	քրիստոֆլը	38
kristoneutyamp	քրիստոնեությամբ	29
kristoneutyan	քրիստոնեության	14
kristoneutyun	քրիստոնեությունը	29
kristoneutyune	քրիստոնեությունը	29
kristoneutyunic	քրիստոնեությունից	14
kristoneutyunu	քրիստոնեությունը	29
kristoneutyuny	քրիստոնեությունը	29
kristonya	քրիստոնյա	14
kristonyaneri	քրիստոնյաների	14
kristop	քրիստոփ	29
kristos	քրիստոս	23
kristosi	քրիստոսի	29
kristosic	քրիստոսից	29
kristov	քրիստով	63
kristu	քրիստը	23
kristy	քրիստը	23
kriv	կռիվ	53
kriv	կռիվը	47
krive	կռիվը	47
krivn	կռիվն	14
krivner	կռիվներ	29
krivneric	կռիվներից	47
krivu	կռիվը	47
krivy	կռիվը	47
kriwa	գրիշա	14
krjatman	կրճատման	14
krkac	գրկած	14
krkeci	գրկեցի	23
krkei	գրկեի	42
krkel	գրկել	44
krkelu	գրկելու	14
krkem	գրկեմ	14
krker	գրքեր	170
krkeri	գրքերի	23
krkerov	գրքերով	14
krkes	կրկեսը	14
krkese	կրկեսը	14
krkesu	կրկեսը	14
krkesy	կրկեսը	14
krki	գրքի	14
krkin	կրկին	168
krknakezakin	կրկնակըզակին	29
krknaki	կրկնակի	14
krknakuzakin	կրկնակըզակին	29
krknakyzakin	կրկնակըզակին	29
krknakzak	կրկնակզակը	44
krknakzak	կրկնագզակը	42
krknakzake	կրկնակզակը	44
krknakzake	կրկնագզակը	42
krknakzaki	կրկնակզակի	69
krknakzakin	կրկնակզակին	29
krknakzakin	կրկնակըզակին	29
krknakzaku	կրկնակզակը	44
krknakzaku	կրկնագզակը	42
krknakzaky	կրկնակզակը	44
krknakzaky	կրկնագզակը	42
krknapatkvum	կրկնապատկվում	14
krknel	կրկնել	58
krknum	կրկնում	57
krknvem	կրկնվեմ	23
krknvum	կրկնվում	23
krkum	գրկում	164
kroj	քրոջ	14
krojs	քրոջս	23
kronavorneri	կրոնավորների	14
kroq	գրող	14
kroq	գրողը	14
kroq	կրող	14
kroq	կրողը	14
kroqe	գրողը	14
kroqe	կրողը	14
kroqn	կրողն	47
kroqner	գրողները	14
kroqner	կրողներ	14
kroqnere	գրողները	14
kroqneri	գրողների	38
kroqneric	գրողներից	29
kroqneru	գրողները	14
kroqnery	գրողները	14
kroqu	գրողը	14
kroqu	կրողը	14
kroqy	գրողը	14
kroqy	կրողը	14
krtakan	կրթական	23
krtnajan	քրտնաջան	14
krtum	կրթում	14
krtutyamp	կրթությամբ	14
krtutyan	կրթության	47
krtutyun	կրթություն	47
krtutyun	կրթությունը	23
krtutyune	կրթությունը	23
krtutyuns	կրթությունս	14
krtutyunu	կրթությունը	23
krtutyuny	կրթությունը	23
krtvel	կրթվելը	23
krtvel	կրթվել	14
krtvele	կրթվելը	23
krtvelu	կրթվելը	23
krtvely	կրթվելը	23
krtvum	կրթվում	23
krum	գրում	162
krum	կրում	66
krunk	կռունկը	29
krunke	կռունկը	29
krunku	կռունկը	29
krunky	կռունկը	29
krup	գրուպը	14
krupe	գրուպը	14
krupu	գրուպը	14
krupy	գրուպը	14
krutyun	գրությունը	34
krutyune	գրությունը	34
krutyunu	գրությունը	34
krutyuny	գրությունը	34
kruz	քրուզը	29
kruze	քրուզը	29
kruzu	քրուզը	29
kruzy	քրուզը	29
krvac	գրված	42
krvac	կռված	34
krvar	կռվար	23
krvec	գրվեց	14
krvein	գրվեին	14
krvel	գրվել	14
krvel	կռվել	14
krveluc	կռվելուց	34
krvenk	կռվենք	23
krvi	գրվի	14
krvi	կռվի	14
krvic	կռվից	23
krvum	գրվում	38
krvum	կռվում	38
kryakan	քրեական	29
kryativ	կրեատիվ	44
kryayi	կրիայի	14
kryuzi	քրյուզի	38
ksek	քսեք	38
ksiraharveir	կսիրահարվեիր	14
ksiren	կսիրեն	14
ksiri	կսիրի	14
ksksek	կսկսեք	29
ksksenk	կսկսենք	23
ksovorecnen	կսովորեցնեն	29
kspasem	կսպասեմ	162
kstacvi	կստացվի	174
kstanak	կստանաք	44
ksteqcek	կստեղծեք	29
ksuk	քսուկ	14
kt	գտ	14
kta	գտա	166
kta	կտա	164
ktak	կտաք	49
ktak	գտաք	44
ktak	կտակը	23
ktak	կտակ	14
ktake	կտակը	23
ktaki	կտակի	34
ktaku	կտակը	23
ktaky	կտակը	23
ktal	գդալ	44
ktali	գդալի	14
ktam	կտամ	166
ktan	գտան	14
ktani	կտանի	14
ktank	կտանք	38
ktank	գտանք	23
ktar	գտար	23
ktar	կտար	14
ktaracen	կտարածեն	23
ktarcnen	կդարձնեն	29
ktarna	կդառնա	23
ktarnak	կդառնաք	23
ktas	կտաս	14
ktayi	կտայի	14
ktayin	կտային	14
ktek	գտեք	14
ktel	գտել	166
kteqapoxen	կտեղափոխեն	42
kteqapoxi	կտեղափոխի	23
ktesneink	կտեսնեինք	23
ktesnek	կտեսնեք	49
ktesnen	կտեսնեն	14
ktesnenk	կտեսնենք	44
ktesnes	կտեսնես	23
ktesni	կտեսնի	29
ktesnvenk	կտեսնվենք	168
ktevi	կտեւի	34
kti	քթի	14
ktimavoren	կդիմավորեն	14
ktitenk	կդիտենք	14
ktnein	գտնեին	14
ktnel	գտնել	186
ktnel	գտնելը	160
ktnele	գտնելը	160
ktnelu	գտնելը	160
ktnelu	գտնելու	57
ktnely	գտնելը	160
ktnem	գտնեմ	162
ktnen	գտնեն	14
ktnenk	գտնենք	23
ktnes	գտնես	14
ktni	գտնի	38
ktnum	գտնում	176
ktnvec	գտնվեց	23
ktnvel	գտնվել	14
ktnvelu	գտնվելու	14
ktnvi	գտնվի	38
ktnvoq	գտնվող	67
ktnvum	գտնվում	166
ktoqem	կթողեմ	34
ktoqnem	կթողնեմ	34
ktor	կտոր	23
ktorn	կտորն	29
ktorner	կտորները	14
ktornere	կտորները	14
ktorneru	կտորները	14
ktornery	կտորները	14
ktrakanapes	կտրականապես	23
ktratac	կտրատած	14
ktratel	կտրատել	23
ktratum	կտրատում	23
ktrel	կտրել	42
ktrelu	կտրելու	14
ktrtac	կտրտած	29
ktrtum	կտրտում	14
ktruk	կտրուկ	42
ktrum	կտրում	14
ktrvac	կտրված	29
ktrvack	կտրվածք	38
ktrvacknerov	կտրվածքներով	23
ktrvel	կտրվել	38
ktrvelu	կտրվելու	14
ktrvum	կտրվում	47
ktujem	կտուժեմ	38
ktva	կթվա	14
kuce	գուցե	186
kuj	կուճ	14
kukes	կուկես	14
kul	կուլ	38
kulisneri	կուլիսների	14
kulisneric	կուլիսներից	29
kulturayi	կուլտուրայի	14
kumar	գումար	166
kumar	գումարը	162
kumarac	գումարած	23
kumare	գումարը	162
kumari	գումարի	23
kumarn	գումարն	14
kumarner	գումարները	34
kumarner	գումարներ	29
kumarnere	գումարները	34
kumarneri	գումարների	14
kumarneru	գումարները	34
kumarnery	գումարները	34
kumaru	գումարը	162
kumarvel	գումարվել	38
kumarvum	գումարվում	14
kumary	գումարը	162
kun	քունը	164
kunavor	գունավոր	14
kunavorum	գունավորում	23
kunavorvum	գունավորվում	14
kunayin	գունային	14
kune	քունը	164
kunena	կունենա	38
kunenank	կունենանք	14
kuneq	գունեղ	14
kunjutov	քունջութով	14
kunkalem	կընկալեմ	14
kunkayin	քունքային	23
kunkni	կընկնի	44
kunt	քունդ	23
kuntrek	կընտրեք	29
kuntres	կընտրես	44
kuntrvi	կընտրվի	34
kuntunes	կընդունես	38
kunu	քունը	164
kuny	քունը	164
kuqarkem	կուղարկեմ	164
kur	քուր	23
kur	կուր	14
kuraxacnen	կուրախացնեն	34
kurck	կուրծք	14
kurik	քուրիկ	14
kurken	գուրգեն	14
kurken	գուրգենը	14
kurkene	գուրգենը	14
kurkeni	գուրգենի	14
kurkenn	գուրգենն	14
kurkenu	գուրգենը	14
kurkeny	գուրգենը	14
kurs	կուրսը	47
kurs	կուրս	38
kurse	կուրսը	47
kursi	կուրսի	49
kursov	կուրսով	44
kursu	կուրսը	47
kursum	կուրսում	14
kursy	կուրսը	47
kurutyan	կուրության	14
kusakcakan	կուսակցական	14
kusakcutyan	կուսակցության	23
kusakcutyun	կուսակցություն	14
kusakonutyun	կուսակոնությունը	14
kusakonutyune	կուսակոնությունը	14
kusakonutyunu	կուսակոնությունը	14
kusakonutyuny	կուսակոնությունը	14
kusanac	կուսանած	14
kusutyan	կուսության	14
kutakman	կուտակման	14
kutakumner	կուտակումներ	23
kutakvac	կուտակված	29
kutakvelu	կուտակվելու	14
kutakvum	կուտակվում	14
kuwt	կուշտ	47
kuyk	գույք	81
kuyk	գույքը	47
kuyke	գույքը	47
kuyki	գույքի	53
kuyku	գույքը	47
kuyky	գույքը	47
kuyn	գույնը	58
kuyn	գույն	14
kuyne	գույնը	58
kuyner	գույներ	29
kuyner	գույները	29
kuynere	գույները	29
kuyneri	գույների	34
kuynern	գույներն	14
kuynerov	գույներով	34
kuyneru	գույները	29
kuynery	գույները	29
kuyni	գույնի	42
kuynn	գույնն	14
kuynu	գույնը	58
kuyny	գույնը	58
kuyr	քույր	44
kuyr	կույր	14
kuyr	քույրը	14
kuyre	քույրը	14
kuyrik	քույրիկը	38
kuyrik	քույրիկ	14
kuyrike	քույրիկը	38
kuyriki	քույրիկի	23
kuyrikin	քույրիկին	14
kuyrikis	քույրիկիս	14
kuyrikit	քույրիկիդ	23
kuyrikn	քույրիկն	34
kuyrikner	քույրիկներ	14
kuyriks	քույրիկս	29
kuyriku	քույրիկը	38
kuyriky	քույրիկը	38
kuyrn	քույրն	34
kuyrs	քույրս	164
kuyru	քույրը	14
kuyry	քույրը	14
kuyt	կույտ	14
kuzei	կուզեի	164
kuzeir	կուզեիր	14
kuzem	կուզեմ	66
kuzena	կուզենա	14
kuzenam	կուզենամ	42
kuzenayi	կուզենայի	174
kuzenayink	կուզենայինք	42
kuzes	կուզես	29
kvajarvi	կվաճառվի	44
kvalifay	քվալիֆայ	14
kveratarcni	կվերադարձնի	14
kvjari	կվճարի	23
kvyarkel	քվեարկել	14
kvyarkum	քվեարկում	23
kvyarkutyan	քվեարկության	14
kwarunakem	կշարունակեմ	14
kwi	քշի	14
kwum	քշում	29
kxmem	կխմեմ	29
kxntrei	կխնդրեի	23
kxntrem	կխնդրեմ	14
kxosem	կխոսեմ	14
kxosen	կխոսեն	38
kxosenk	կխոսենք	172
kxosi	կխոսի	14
kyank	կյանքը	186
kyank	կյանք	168
kyanke	կյանքը	186
kyanki	կյանքի	180
kyankic	կյանքից	47
kyankin	կյանքին	34
kyankis	կյանքիս	44
kyankit	կյանքիդ	14
kyankn	կյանքն	164
kyankov	կյանքով	29
kyanks	կյանքս	23
kyankt	կյանքդ	14
kyanku	կյանքը	186
kyanku	կյանքու	14
kyankum	կյանքում	170
kyanky	կյանքը	186
kyapap	քյաբաբը	14
kyapape	քյաբաբը	14
kyapapi	քյաբաբի	14
kyapapneri	քյաբաբների	29
kyapapu	քյաբաբը	14
kyapapy	քյաբաբը	14
kynkalem	կընկալեմ	14
kynkni	կընկնի	44
kyntrek	կընտրեք	29
kyntres	կընտրես	44
kyntrvi	կընտրվի	34
kyntunes	կընդունես	38
kyu	քյու	14
kyuftan	քյուֆթան	14
kyumri	գյումրի	34
kyumrii	գյումրիի	14
kyumriic	գյումրիից	29
kyumrin	գյումրին	14
kyumrium	գյումրիում	14
kyumrva	գյումրվա	29
kyuq	գյուղ	166
kyuq	գյուղը	14
kyuqak	գյուղակ	14
kyuqakan	գյուղական	14
kyuqe	գյուղը	14
kyuqer	գյուղեր	14
kyuqi	գյուղի	23
kyuqic	գյուղից	38
kyuqn	գյուղն	14
kyuqu	գյուղը	14
kyuqum	գյուղում	166
kyuqy	գյուղը	14
kzankem	կզանգեմ	172
kziponer	գզիբոներ	14
kzrucenk	կզրուցենք	160
lac	լաց	55
lacec	լացեց	14
lacel	լացել	14
lacelov	լացելով	49
lacelu	լացելու	38
lackan	լացկան	38
lacum	լացում	55
lahmajo	լահմաջո	51
lahmajon	լահմաջոն	59
lahmajov	լահմաջով	38
lahmajoyi	լահմաջոյի	61
lahmajoyum	լահմաջոյում	29
lahmajum	լահմաջում	42
lahvajo	լահվաջո	14
lanj	լանչը	14
lanjapacvacki	լանջաբացվածքի	23
lanje	լանչը	14
lanju	լանչը	14
lanjy	լանչը	14
laporatorya	լաբորատորիա	23
laporatoryaner	լաբորատորիաներ	23
laporatoryanerum	լաբորատորիաներում	14
larvac	լարված	172
larvacutyan	լարվածության	14
larvacutyun	լարվածությունը	29
larvacutyun	լարվածություն	14
larvacutyune	լարվածությունը	29
larvacutyunu	լարվածությունը	29
larvacutyuny	լարվածությունը	29
larvum	լարվում	14
latin	լատին	14
latinaamerikyan	լատինաամերիկյան	47
latinakan	լատինական	29
launj	լաունջ	29
lav	լավ	230
lav	լավը	168
lava	լավա	14
lavacnel	լավացնել	38
lavacnum	լավացնում	42
lavakuyn	լավագույն	178
lavakuyn	լավագույնը	162
lavakuyne	լավագույնը	162
lavakuynn	լավագույնն	164
lavakuynneric	լավագույններից	14
lavakuyns	լավագույնս	23
lavakuynu	լավագույնը	162
lavakuyny	լավագույնը	162
lavanum	լավանում	14
lavatesutyunn	լավատեսությունն	34
lave	լավը	168
lavi	լավի	23
lavic	լավից	14
lavn	լավն	176
lavov	լավով	38
lavu	լավը	168
lavy	լավը	168
layfrumi	լայֆռումի	23
layfstayl	լայֆսթայլ	29
laymi	լայմի	14
layn	լայն	81
laynacac	լայնացած	34
layner	լայներ	42
layposek	լայփոսեք	44
layvrum	լայվրում	38
layzer	լայզեր	23
layzeri	լայզերի	42
layzerov	լայզերով	23
lazeri	լազերի	29
lcnel	լցնել	44
lcnelu	լցնելու	14
lcneluc	լցնելուց	14
lcnem	լցնեմ	29
lcnum	լցնում	49
lcrel	լցրել	23
lcru	լցրու	14
lcvac	լցված	51
lcvec	լցվեց	29
lcvel	լցվել	14
lcvum	լցվում	34
lecun	լեցուն	38
lekent	լեգենդ	29
lekentar	լեգենդար	51
lekentner	լեգենդներ	23
lekitim	լեգիտիմ	23
leksikonov	լեքսիկոնով	23
lep	լեփ	29
lep	լեպ	14
leplecun	լեփլեցուն	44
lepran	լեբրան	14
leprant	լեբրանդ	29
leprant	լեբրանդը	14
leprante	լեբրանդը	14
leprantu	լեբրանդը	14
lepranty	լեբրանդը	14
ler	լեռը	29
leran	լեռան	23
lere	լեռը	29
lernaknacutyun	լեռնագնացությունը	14
lernaknacutyune	լեռնագնացությունը	14
lernaknacutyunu	լեռնագնացությունը	14
lernaknacutyuny	լեռնագնացությունը	14
lernayin	լեռնային	23
lernerum	լեռներում	29
leru	լեռը	29
lery	լեռը	29
leveli	լեւելի	14
levon	լեւոն	14
levon	լեւոնը	14
levone	լեւոնը	14
levoni	լեւոնի	49
levonin	լեւոնին	44
levonn	լեւոնն	14
levonu	լեւոնը	14
levony	լեւոնը	14
levonyanin	լեւոնյանին	29
levonyann	լեւոնյանն	14
lezer	լեզեր	38
lezu	լեզու	34
lezun	լեզուն	61
lezuner	լեզուները	23
lezunere	լեզուները	23
lezuneri	լեզուների	42
lezunern	լեզուներն	38
lezunerov	լեզուներով	29
lezuneru	լեզուները	23
lezunery	լեզուները	23
lezvi	լեզվի	53
lezvov	լեզվով	38
li	լի	180
licenzavorvac	լիցենզավորված	23
licenzyan	լիցենզիան	38
lici	լիցի	14
licker	լիցքերը	38
licker	լիցքեր	23
lickere	լիցքերը	38
lickerov	լիցքերով	42
lickeru	լիցքերը	38
lickery	լիցքերը	38
lifti	լիֆթի	14
lifti	լիֆտի	14
liftink	լիֆտինգ	47
liftink	լիֆթինգ	23
lij	լիճը	34
lije	լիճը	34
lijn	լիճն	14
lijpi	լիժբի	14
liju	լիճը	34
lijy	լիճը	34
lik	լիքը	162
like	լիքը	162
likn	լիքն	34
liku	լիքը	162
liky	լիքը	162
likyor	լիկյոր	23
lilit	լիլիթը	47
lilit	լիլիթ	34
lilite	լիլիթը	47
liliti	լիլիթի	14
lilitin	լիլիթին	14
lilitu	լիլիթը	47
lility	լիլիթը	47
lilon	լիլոն	14
limfotinaj	լիմֆոդինաժ	14
linei	լինեի	62
linein	լինեին	14
linek	լինեք	160
linel	լինել	194
linel	լինելը	166
linele	լինելը	166
lineln	լինելն	38
linelov	լինելով	66
linelu	լինելու	182
linelu	լինելը	166
lineluc	լինելուց	49
linelun	լինելուն	14
linely	լինելը	166
linem	լինեմ	168
linen	լինեն	176
linenk	լինենք	160
liner	լիներ	166
lines	լինես	170
lini	լինի	200
linum	լինում	196
lio	լիո	14
liovin	լիովին	168
lipolitikner	լիպոլիտիկներ	29
liposakcya	լիպոսակցիա	23
ljipot	լճիպոտ	34
lkel	լքել	53
lken	լքեն	14
lki	լքի	51
lkum	լքում	58
llecun	լլեցուն	38
loferm	լոֆերմը	14
loferme	լոֆերմը	14
lofermi	լոֆերմի	14
lofermu	լոֆերմը	14
lofermum	լոֆերմում	34
lofermy	լոֆերմը	14
loformum	լոֆորմում	23
lokistik	լոգիստիկ	14
lokotipov	լոգոտիպով	42
lolik	լոլիկ	14
lolik	լոլիկը	14
lolike	լոլիկը	14
lolikn	լոլիկն	14
loliku	լոլիկը	14
loliky	լոլիկը	14
lon	լոն	44
lonton	լոնդոն	14
loqal	լողալ	160
loqavazan	լողավազան	23
loqum	լողում	14
los	լոս	80
lpstelov	լպստելով	42
lracnel	լրացնել	14
lracnelu	լրացնելու	38
lracner	լրացներ	23
lracnum	լրացնում	14
lrakroq	լրագրող	162
lrakroqi	լրագրողի	14
lrakroqner	լրագրողներ	29
lrakroqneri	լրագրողների	23
lrana	լրանա	23
lrel	լռել	23
lrel	լռելը	14
lrele	լռելը	14
lrelu	լռելը	14
lrely	լռելը	14
lriv	լրիվ	168
lrjoren	լրջորեն	14
lrjutyamp	լրջությամբ	34
lrum	լռում	38
lrutyan	լռության	14
lrutyun	լռությունը	29
lrutyun	լռություն	23
lrutyune	լռությունը	29
lrutyunu	լռությունը	29
lrutyuny	լռությունը	29
lrvac	լռված	14
lrvel	լռվել	14
lsaran	լսարան	23
lsaran	լսարանը	14
lsarane	լսարանը	14
lsarani	լսարանի	38
lsaranin	լսարանին	29
lsarann	լսարանն	14
lsaranu	լսարանը	14
lsarany	լսարանը	14
lsec	լսեց	14
lseci	լսեցի	166
lsecir	լսեցիր	14
lsel	լսել	192
lseli	լսելի	14
lseln	լսելն	47
lselov	լսելով	14
lselu	լսելու	14
lseluc	լսելուց	14
lsem	լսեմ	47
lsenk	լսենք	23
lses	լսես	38
lsi	լսի	44
lsir	լսիր	14
lsum	լսում	176
lsumneri	լսումների	23
lsvac	լսված	49
lsvoq	լսվող	14
lsvum	լսվում	23
lucel	լուծել	164
lucel	լուծելը	44
lucele	լուծելը	44
lucelu	լուծելը	44
lucelu	լուծելու	14
luceluc	լուծելուց	42
lucely	լուծելը	44
lucman	լուծման	42
lucum	լուծում	164
lucum	լուծումը	34
lucume	լուծումը	34
lucumner	լուծումներ	164
lucumner	լուծումները	14
lucumnere	լուծումները	14
lucumneri	լուծումների	29
lucumnerov	լուծումներով	23
lucumneru	լուծումները	14
lucumnery	լուծումները	14
lucumu	լուծումը	34
lucumy	լուծումը	34
lucvac	լուծված	34
lucvec	լուծվեց	38
lucvum	լուծվում	29
lukeri	լուքերի	23
lur	լուր	170
lur	լուրը	38
lur	լուռ	14
lure	լուրը	38
lurer	լուրեր	168
lurj	լուրջ	182
luru	լուրը	38
lury	լուրը	38
lusahoki	լուսահոգի	14
lusankarn	լուսանկարն	14
lusankarner	լուսանկարներ	29
lusankarner	լուսանկարները	29
lusankarnere	լուսանկարները	29
lusankarneru	լուսանկարները	29
lusankarnery	լուսանկարները	29
lusankarum	լուսանկարում	14
lusapanel	լուսաբանել	29
lusatem	լուսադեմ	29
lusavor	լուսավոր	23
lusavorji	լուսավորչի	14
lusayin	լուսային	23
lusi	լուսի	14
lusin	լուսին	51
lusinen	լուսինեն	34
luson	լուսոն	14
luys	լույսը	164
luys	լույս	162
luyse	լույսը	164
luyser	լույսերը	23
luysere	լույսերը	23
luysern	լույսերն	23
luyseru	լույսերը	23
luysery	լույսերը	23
luysi	լույսի	14
luysn	լույսն	14
luysu	լույսը	164
luysy	լույսը	164
lvacel	լվացել	14
lvaci	լվացի	44
lvanal	լվանալ	14
lvanalu	լվանալու	14
lvanank	լվանանք	23
lvanum	լվանում	14
lyan	լեան	23
lyan	լիան	14
lyanna	լիաննա	14
lyannan	լիաննան	29
lyannayi	լիաննայի	47
lyarjek	լիարժեք	168
macnapuri	մածնապուրի	14
macuk	մածուկ	23
macun	մածուն	14
macuni	մածունի	14
macunn	մածունն	14
maestro	մաեստրո	14
mafyayi	մաֆիայի	14
mah	մահ	14
mah	մահը	14
mahacac	մահացած	14
mahacav	մահացավ	42
mahacel	մահացել	49
mahacu	մահացու	14
mahana	մահանա	29
mahanal	մահանալ	14
mahanaluc	մահանալուց	14
mahanan	մահանան	14
mahanum	մահանում	42
mahapartneri	մահապարտների	14
mahaporc	մահափորձ	34
mahe	մահը	14
mahen	մահեն	29
mahic	մահից	34
mahn	մահն	14
mahr	մահր	14
mahu	մահը	14
mahvan	մահվան	23
mahvanic	մահվանից	14
mahy	մահը	14
major	մաժոր	14
makartak	մակարդակ	14
makartaki	մակարդակի	29
makartakic	մակարդակից	23
makartakov	մակարդակով	29
makaryan	մակարյանը	29
makaryane	մակարյանը	29
makaryanu	մակարյանը	29
makaryany	մակարյանը	29
makeresayin	մակերեսային	14
makerevuytic	մակերեւույթից	14
makistraturan	մագիստրատուրան	14
makrac	մաքրած	14
makrel	մաքրել	14
makrelov	մաքրելով	14
makrelu	մաքրելու	29
makrem	մաքրեմ	14
makrman	մաքրման	23
makrum	մաքրում	42
makrum	մաքրումը	14
makrume	մաքրումը	14
makrumu	մաքրումը	14
makrumy	մաքրումը	14
makrutyun	մաքրությունը	34
makrutyun	մաքրություն	23
makrutyune	մաքրությունը	34
makrutyunu	մաքրությունը	34
makrutyuny	մաքրությունը	34
makrvac	մաքրված	14
makrvi	մաքրվի	14
makrvum	մաքրվում	14
maksimal	մաքսիմալ	47
maksimali	մաքսիմալի	14
maksimalist	մաքսիմալիստ	14
maksimum	մաքսիմում	14
maksimum	մաքսիմումը	14
maksimume	մաքսիմումը	14
maksimumu	մաքսիմումը	14
maksimumy	մաքսիմումը	14
makur	մաքուր	178
malaya	մալաիա	38
malipuyum	մալիբույում	14
malxasi	մալխասի	14
mam	մամ	188
mama	մամա	68
mamalya	մամալյա	14
maman	մաման	85
mamaner	մամաներ	14
mamas	մամաս	69
mamayi	մամայի	72
mamayic	մամայից	34
mamayin	մամային	61
mamayis	մամայիս	61
mams	մամս	14
mamul	մամուլը	14
mamule	մամուլը	14
mamuli	մամուլի	29
mamulu	մամուլը	14
mamulum	մամուլում	14
mamuly	մամուլը	14
man	ման	42
manatan	մանատան	29
manavant	մանավանդ	170
mankakan	մանկական	47
mankapartez	մանկապարտեզ	14
mankapartezic	մանկապարտեզից	14
mankatan	մանկատան	14
mankavarj	մանկավարժ	14
mankavarjakan	մանկավարժական	14
mankuc	մանկուց	38
mankutyan	մանկության	174
mankutyun	մանկությունը	166
mankutyun	մանկություն	29
mankutyune	մանկությունը	166
mankutyunic	մանկությունից	160
mankutyunn	մանկությունն	23
mankutyunu	մանկությունը	166
mankutyuny	մանկությունը	166
manr	մանր	51
manraci	մանրացի	23
manracnum	մանրացնում	14
manrakrkit	մանրակրկիտ	47
manramasn	մանրամասն	176
manramasner	մանրամասները	162
manramasner	մանրամասներ	44
manramasnere	մանրամասները	162
manramasneri	մանրամասների	23
manramasnerin	մանրամասներին	14
manramasneru	մանրամասները	162
manramasnery	մանրամասները	162
manranam	մանրանամ	23
manruk	մանրուկ	29
manrukner	մանրուքները	14
manruknere	մանրուքները	14
manrukneri	մանրուկների	14
manrukneri	մանրուքների	14
manrukneru	մանրուքները	14
manruknery	մանրուքները	14
manuk	մանուկ	14
maqatanos	մաղադանոս	23
maqtankner	մաղթանքներ	34
maqtel	մաղթել	14
maqtum	մաղթում	192
maqvel	մաղվել	23
mar	մար	14
mari	մարի	14
marin	մարին	14
marina	մարինա	14
marinacnum	մարինացնում	14
marjin	մարջին	29
mark	մարկ	14
markarein	մարգարեին	23
markarit	մարգարիտ	14
markarita	մարգարիտա	14
markaritner	մարգարիտները	29
markaritnere	մարգարիտները	29
markaritneri	մարգարիտների	29
markaritnerov	մարգարիտներով	44
markaritneru	մարգարիտները	29
markaritnery	մարգարիտները	29
markaryan	մարգարյանը	14
markaryane	մարգարյանը	14
markaryanin	մարգարյանին	14
markaryanu	մարգարյանը	14
markaryany	մարգարյանը	14
marmant	մարմանդ	23
marmaweni	մարմաշենի	14
marmin	մարմինը	160
marmin	մարմին	29
marmine	մարմինը	160
marminn	մարմինն	34
marminu	մարմինը	160
marminy	մարմինը	160
marmnacum	մարմնացում	14
marmnakan	մարմնական	29
marmnavorac	մարմնավորած	29
marmnavorum	մարմնավորում	14
marmni	մարմնի	72
marmnin	մարմնին	29
marsel	մարսել	14
marsi	մարսի	14
marsoqakan	մարսողական	23
marsum	մարսում	14
mart	մարդ	186
mart	մարդը	178
mart	մարտ	14
marta	մարտա	14
martahraver	մարտահրավեր	42
martahraverner	մարտահրավերներ	14
martakan	մարտական	14
martakerutyun	մարդակերություն	14
martan	մարդան	23
martawat	մարդաշատ	14
martayi	մարտայի	23
marte	մարդը	178
marti	մարտի	42
martik	մարդիկ	194
martin	մարտինը	14
martine	մարտինը	14
martinu	մարտինը	14
martiny	մարտինը	14
martkanc	մարդկանց	190
martkancic	մարդկանցից	47
martkancn	մարդկանցն	29
martkancov	մարդկանցով	14
martkayin	մարդկային	172
martkocner	մարտկոցներ	34
martn	մարդն	65
martu	մարդը	178
martu	մարդու	178
martuc	մարդուց	49
martun	մարդուն	168
marty	մարդը	178
marum	մարում	38
marutyan	մարությանը	14
marutyane	մարությանը	14
marutyanu	մարությանը	14
marutyany	մարությանը	14
marya	մարիա	14
maryam	մարիամը	160
maryam	մարիամ	53
maryame	մարիամը	160
maryami	մարիամի	42
maryamik	մարիամիկը	38
maryamike	մարիամիկը	38
maryamiku	մարիամիկը	38
maryamiky	մարիամիկը	38
maryamin	մարիամին	23
maryamn	մարիամն	14
maryamu	մարիամը	160
maryamy	մարիամը	160
maryan	մարիան	14
maryanal	մարիանալը	14
maryanale	մարիանալը	14
maryanalu	մարիանալը	14
maryanaly	մարիանալը	14
marz	մարզ	23
marzahamerkayin	մարզահամերգային	14
marzasrah	մարզասրահ	170
marzi	մարզի	14
marzik	մարզիկ	23
marzji	մարզչի	14
marzman	մարզման	14
marzum	մարզում	23
marzvum	մարզվում	23
mas	մասը	176
mas	մաս	44
masamp	մասամբ	44
masaneri	մասաների	23
masayi	մասայի	14
mase	մասը	176
maser	մասեր	42
maser	մասերը	38
masere	մասերը	38
maseru	մասերը	38
masery	մասերը	38
masi	մասի	29
masin	մասին	212
masn	մասն	170
masnajyuq	մասնաճյուղ	34
masnajyuq	մասնաճյուղը	29
masnajyuqe	մասնաճյուղը	29
masnajyuqer	մասնաճյուղեր	23
masnajyuqer	մասնաճյուղերը	23
masnajyuqere	մասնաճյուղերը	23
masnajyuqeru	մասնաճյուղերը	23
masnajyuqerum	մասնաճյուղերում	23
masnajyuqery	մասնաճյուղերը	23
masnajyuqi	մասնաճյուղի	34
masnajyuqu	մասնաճյուղը	29
masnajyuqum	մասնաճյուղում	38
masnajyuqy	մասնաճյուղը	29
masnakcek	մասնակցեք	44
masnakcel	մասնակցել	53
masnakcelov	մասնակցելով	29
masnakcelu	մասնակցելու	23
masnakcem	մասնակցեմ	14
masnakci	մասնակցի	14
masnakcum	մասնակցում	14
masnakcutyamp	մասնակցությամբ	44
masnakcutyun	մասնակցությունը	14
masnakcutyune	մասնակցությունը	14
masnakcutyunu	մասնակցությունը	14
masnakcutyuny	մասնակցությունը	14
masnaket	մասնագետ	38
masnaket	մասնագետը	38
masnakete	մասնագետը	38
masnaketi	մասնագետի	38
masnaketn	մասնագետն	42
masnaketner	մասնագետներ	74
masnaketner	մասնագետները	59
masnaketnere	մասնագետները	59
masnaketneri	մասնագետների	62
masnaketnerin	մասնագետներին	34
masnaketnern	մասնագետներն	58
masnaketneru	մասնագետները	59
masnaketnery	մասնագետները	59
masnaketu	մասնագետը	38
masnakety	մասնագետը	38
masnaki	մասնակի	14
masnakic	մասնակից	14
masnakicner	մասնակիցներ	14
masnakicneri	մասնակիցների	14
masnakicnerin	մասնակիցներին	14
masnakitacvac	մասնագիտացված	14
masnakitakan	մասնագիտական	42
masnakitutyamp	մասնագիտությամբ	34
masnakitutyan	մասնագիտության	164
masnakitutyan	մասնագիտությանը	14
masnakitutyane	մասնագիտությանը	14
masnakitutyanu	մասնագիտությանը	14
masnakitutyany	մասնագիտությանը	14
masnakitutyun	մասնագիտություն	49
masnakitutyun	մասնագիտությունը	38
masnakitutyune	մասնագիտությունը	38
masnakitutyunic	մասնագիտությունից	14
masnakitutyunn	մասնագիտությունն	29
masnakitutyunneri	մասնագիտությունների	14
masnakitutyunt	մասնագիտությունդ	23
masnakitutyunu	մասնագիտությունը	38
masnakitutyuny	մասնագիտությունը	38
masnavorapes	մասնավորապես	47
masnik	մասնիկ	44
masniki	մասնիկի	38
masnikin	մասնիկին	38
masnikn	մասնիկն	23
masov	մասով	23
masovka	մասովկա	14
massayakan	մասսայական	29
master	մաստեր	14
masterklas	մաստերկլաս	34
masu	մասը	176
masum	մասում	44
masunkner	մասունքները	14
masunknere	մասունքները	14
masunkneru	մասունքները	14
masunknery	մասունքները	14
maswtapi	մասշտաբի	14
masy	մասը	176
matani	մատանի	29
mataniner	մատանիները	23
mataninere	մատանիները	23
matanineri	մատանիների	14
matanineru	մատանիները	23
mataninery	մատանիները	23
matayinner	մատայիններ	29
matenatarani	մատենադարանի	14
mateos	մաթեոս	14
materi	մատերի	23
materyali	մատերիալի	14
matic	մատից	14
matjeli	մատչելի	74
matnahartarman	մատնահարդարման	38
matnakawic	մատնաքաշից	34
matnanwel	մատնանշել	29
matov	մատով	23
matucel	մատուցել	51
matucelu	մատուցելու	14
matuceluc	մատուցելուց	14
matucmamp	մատուցմամբ	29
matucman	մատուցման	14
matucoq	մատուցող	14
matucoqi	մատուցողի	34
matucum	մատուցում	47
matucvi	մատուցվի	29
matucvum	մատուցվում	55
maw	մաշը	47
maw	մաշ	14
mawa	մաշա	47
mawan	մաշան	14
mawe	մաշը	47
mawi	մաշի	23
mawin	մաշին	42
mawk	մաշկը	86
mawk	մաշկ	38
mawkapanutyan	մաշկաբանությանը	14
mawkapanutyane	մաշկաբանությանը	14
mawkapanutyanu	մաշկաբանությանը	14
mawkapanutyany	մաշկաբանությանը	14
mawkayin	մաշկային	23
mawke	մաշկը	86
mawki	մաշկի	96
mawkic	մաշկից	23
mawkin	մաշկին	23
mawkit	մաշկիդ	34
mawks	մաշկս	14
mawku	մաշկը	86
mawkum	մաշկում	49
mawky	մաշկը	86
mawn	մաշն	14
mawtoc	մաշտոցը	23
mawtoce	մաշտոցը	23
mawtoci	մաշտոցի	14
mawtocu	մաշտոցը	23
mawtocy	մաշտոցը	23
mawtocyan	մաշտոցյան	14
mawu	մաշը	47
mawvel	մաշվել	14
mawy	մաշը	47
mayami	մայամի	23
mayic	մայից	29
mayis	մայիս	14
mayisi	մայիսի	57
maykl	մայքլ	51
mayr	մայր	67
mayr	մայրը	42
mayrakan	մայրական	29
mayranalu	մայրանալու	38
mayranum	մայրանում	14
mayre	մայրը	42
mayrer	մայրերը	23
mayrer	մայրեր	14
mayrere	մայրերը	23
mayreri	մայրերի	29
mayrerin	մայրերին	29
mayreru	մայրերը	23
mayrery	մայրերը	23
mayrik	մայրիկ	160
mayrik	մայրիկը	62
mayrike	մայրիկը	62
mayriki	մայրիկի	69
mayrikin	մայրիկին	14
mayrikinn	մայրիկինն	14
mayrikis	մայրիկիս	44
mayrikit	մայրիկիդ	23
mayrikn	մայրիկն	53
mayrikneri	մայրիկների	38
mayriks	մայրիկս	14
mayriku	մայրիկը	62
mayriky	մայրիկը	62
mayrn	մայրն	14
mayrs	մայրս	166
mayru	մայրը	42
mayry	մայրը	42
mazanotayin	մազանոթային	38
mazapurc	մազապուրծ	14
mazataputyan	մազաթափության	38
mazeri	մազերի	23
mazerics	մազերիցս	23
mazeris	մազերիս	23
mazerov	մազերով	23
mec	մեծ	200
mecacac	մեծացած	42
mecacank	մեծացանք	14
mecacav	մեծացավ	14
mecacax	մեծածախ	42
mecacel	մեծացել	160
mecacnel	մեծացնել	14
mecacnum	մեծացնում	14
mecacrel	մեծացրել	23
mecacvel	մեծացվել	23
mecahasakneri	մեծահասակների	44
mecakuyn	մեծագույն	23
mecamasamp	մեծամասամբ	14
mecamasnutyun	մեծամասնությունը	14
mecamasnutyune	մեծամասնությունը	14
mecamasnutyunu	մեծամասնությունը	14
mecamasnutyuny	մեծամասնությունը	14
mecamit	մեծամիտ	14
mecana	մեծանա	49
mecanalu	մեծանալու	34
mecanum	մեծանում	63
mecavar	մեծավար	34
mecer	մեծերը	42
mecere	մեծերը	42
meceri	մեծերի	29
meceru	մեծերը	42
mecery	մեծերը	42
meci	մեծի	29
mecitan	մեծիտան	14
mecn	մեծն	38
mecutyamp	մեծությամբ	23
mecutyan	մեծության	14
mecutyun	մեծություն	14
mecutyunner	մեծությունները	23
mecutyunnere	մեծությունները	23
mecutyunneru	մեծությունները	23
mecutyunnery	մեծությունները	23
mehi	մեհի	23
mehr	մեհր	14
mej	մեջ	204
mej	մեջը	57
meje	մեջը	57
mejic	մեջից	38
mejk	մեջքը	23
mejk	մեջք	14
mejke	մեջքը	23
mejki	մեջքի	23
mejkin	մեջքին	47
mejkn	մեջքն	42
mejks	մեջքս	14
mejkt	մեջքդ	14
mejku	մեջքը	23
mejky	մեջքը	23
mejn	մեջն	14
mejner	մեջները	42
mejnere	մեջները	42
mejneru	մեջները	42
mejnery	մեջները	42
mejperum	մեջբերում	23
mejs	մեջս	14
mejteqn	մեջտեղն	14
mejtequm	մեջտեղում	14
meju	մեջը	57
mejy	մեջը	57
mek	մեկ	194
mek	մեկը	188
meka	մեկա	14
mekafonic	մեգաֆոնից	14
mekamya	մեկամյա	42
mekankamya	մեկանգամյա	29
meke	մեկը	188
mekena	մեքենա	172
mekenan	մեքենան	176
mekenaner	մեքենաները	34
mekenanere	մեքենաները	34
mekenaneri	մեքենաների	42
mekenaneru	մեքենաները	34
mekenanery	մեքենաները	34
mekenayi	մեքենայի	62
mekenayic	մեքենայից	14
mekenayov	մեքենայով	14
meki	մեկի	164
mekic	մեկից	49
mekin	մեկին	164
mekis	մեկիս	42
mekmek	մեկ-մեկ	160
mekn	մեկն	170
meknapanel	մեկնաբանել	44
meknapanutyan	մեկնաբանությանը	29
meknapanutyane	մեկնաբանությանը	29
meknapanutyanu	մեկնաբանությանը	29
meknapanutyany	մեկնաբանությանը	29
meknapanutyun	մեկնաբանություն	29
meknapanutyun	մեկնաբանությունը	14
meknapanutyune	մեկնաբանությունը	14
meknapanutyunner	մեկնաբանությունները	29
meknapanutyunner	մեկնաբանություններ	14
meknapanutyunnere	մեկնաբանությունները	29
meknapanutyunneri	մեկնաբանությունների	23
meknapanutyunneric	մեկնաբանություններից	14
meknapanutyunneru	մեկնաբանությունները	29
meknapanutyunnerum	մեկնաբանություններում	14
meknapanutyunnery	մեկնաբանությունները	29
meknapanutyunu	մեկնաբանությունը	14
meknapanutyuny	մեկնաբանությունը	14
meknarkum	մեկնարկում	38
mekneci	մեկնեցի	34
meknecir	մեկնեցիր	23
meknel	մեկնել	44
mekner	մեկներ	29
meknum	մեկնում	42
mekov	մեկով	14
meks	մեկս	59
mekt	մեկդ	47
mekteq	մեկտեղ	51
meku	մեկը	188
meku	մեկու	23
mekukes	մեկուկես	14
mekum	մեկում	44
mekusacel	մեկուսացել	14
meky	մեկը	188
melanin	մելանինը	29
melanine	մելանինը	29
melanini	մելանինի	23
melaninu	մելանինը	29
melaniny	մելանինը	29
melanya	մելանիա	34
men	մեն	14
menahamerk	մենահամերգ	14
menahamerki	մենահամերգի	14
menahamerkic	մենահամերգից	34
menahamerkn	մենահամերգն	14
menahamerkov	մենահամերգով	14
menak	մենակ	168
menakov	մենակով	29
menakutyan	մենակության	14
menakutyun	մենակությունը	23
menakutyune	մենակությունը	23
menakutyunu	մենակությունը	23
menakutyuny	մենակությունը	23
menaxosum	մենախոսում	14
menaxosutyan	մենախոսության	14
menaxosutyunn	մենախոսությունն	14
menejer	մենեջերը	44
menejere	մենեջերը	44
menejeri	մենեջերի	14
menejerneri	մենեջերների	14
menejeru	մենեջերը	44
menejery	մենեջերը	44
menejmenti	մենեջմենտի	14
menerkijneri	մեներգիչների	23
menk	մենք	210
menuayi	մենուայի	14
menutyan	մենության	23
menyu	մենյու	34
menyui	մենյուի	38
menyun	մենյուն	58
menyuov	մենյուով	34
menyuum	մենյուում	23
meqatrank	մեղադրանք	14
meqatrankneri	մեղադրանքների	29
meqatrel	մեղադրել	47
meqatrelu	մեղադրելու	14
meqatrum	մեղադրում	57
meqavor	մեղավոր	68
meqavorutyan	մեղավորության	14
meqk	մեղք	51
meqk	մեղքը	14
meqke	մեղքը	14
meqkeri	մեղքերի	23
meqki	մեղքի	23
meqkn	մեղքն	14
meqks	մեղքս	34
meqku	մեղքը	14
meqky	մեղքը	14
meqm	մեղմ	42
meqmacel	մեղմացել	49
meqmelu	մեղմելու	29
meqr	մեղր	44
meqr	մեղրը	42
meqrayin	մեղրային	23
meqre	մեղրը	42
meqrov	մեղրով	42
meqru	մեղրը	42
meqry	մեղրը	42
meqti	մեղտի	38
mequneri	մեղուների	23
mer	մեր	214
mer	մերը	14
merac	մեռած	44
merav	մեռավ	29
mere	մերը	14
mereloc	մեռելոց	44
meri	մեռի	23
merjeci	մերժեցի	14
merjel	մերժել	14
merjum	մերժում	29
merk	մերկ	38
merkapar	մերկապար	23
mern	մերն	44
mernel	մեռնել	34
mernelu	մեռնելու	23
mernem	մեռնեմ	14
mernum	մեռնում	23
meronc	մերոնց	14
meronk	մերոնք	14
mers	մերս	14
mersi	մերսի	34
mersmamp	մերսմամբ	29
mersman	մերսման	23
mersum	մերսում	23
meru	մերը	14
mery	մերը	14
mesej	մեսեջ	14
mesin	մեսին	14
mesrop	մեսրոպ	23
metalakir	մեդալակիր	23
metali	մեդալի	42
metik	մեդիքը	14
metike	մեդիքը	14
metiku	մեդիքը	14
metiky	մեդիքը	14
metot	մեթոդ	69
metot	մեթոդը	44
metote	մեթոդը	44
metotika	մեթոդիկա	23
metotner	մեթոդները	38
metotner	մեթոդներ	14
metotnere	մեթոդները	38
metotnerov	մեթոդներով	29
metotneru	մեթոդները	38
metotnery	մեթոդները	38
metotov	մեթոդով	58
metotu	մեթոդը	44
metoty	մեթոդը	44
metr	մետր	38
metranoc	մետրանոց	38
metro	մետրո	14
metya	մեդիա	14
metyakerparneric	մեդիակերպարներից	23
metyan	մեդիան	14
metyayi	մեդիայի	42
mexanika	մեխանիկա	14
mexanikoren	մեխանիկորեն	23
mexanizm	մեխանիզմ	14
mez	մեզ	192
mezanic	մեզանից	14
mezanum	մեզանում	23
meznic	մեզնից	38
mher	մհերը	38
mhere	մհերը	38
mheri	մհերի	23
mhern	մհերն	23
mheru	մհերը	38
mhery	մհերը	38
mi	մի	230
mievnuyn	միեւնույն	170
mievnuynn	միեւնույնն	55
mif	միֆ	38
mijamtutyamp	միջամտությամբ	34
mijamtutyan	միջամտության	29
mijamtutyun	միջամտություն	29
mijamtutyunic	միջամտությունից	29
mijamtutyunner	միջամտություններ	47
mijamtutyunner	միջամտությունները	23
mijamtutyunnere	միջամտությունները	23
mijamtutyunneri	միջամտությունների	34
mijamtutyunneru	միջամտությունները	23
mijamtutyunnery	միջամտությունները	23
mijatep	միջադեպ	14
mijatepi	միջադեպի	38
mijatepn	միջադեպն	23
mijavayr	միջավայր	53
mijavayr	միջավայրը	34
mijavayre	միջավայրը	34
mijavayreric	միջավայրերից	23
mijavayri	միջավայրի	23
mijavayric	միջավայրից	38
mijavayrin	միջավայրին	23
mijavayrn	միջավայրն	14
mijavayrov	միջավայրով	44
mijavayru	միջավայրը	34
mijavayrum	միջավայրում	59
mijavayry	միջավայրը	34
mijazkayin	միջազգային	162
mijev	միջեւ	166
mijic	միջից	29
mijin	միջին	58
mijin	միջինը	34
mijine	միջինը	34
mijinu	միջինը	34
mijiny	միջինը	34
mijnakark	միջնակարգ	14
mijnatarum	միջնադարում	14
mijnortavjar	միջնորդավճար	29
mijoc	միջոց	61
mijocarman	միջոցառման	44
mijocarum	միջոցառում	23
mijocarumn	միջոցառումն	34
mijocarumner	միջոցառումները	47
mijocarumner	միջոցառումներ	44
mijocarumnere	միջոցառումները	47
mijocarumneri	միջոցառումների	38
mijocarumnerin	միջոցառումներին	44
mijocarumneru	միջոցառումները	47
mijocarumnery	միջոցառումները	47
mijocn	միջոցն	23
mijocner	միջոցներ	55
mijocner	միջոցները	14
mijocnere	միջոցները	14
mijocneri	միջոցների	14
mijocneric	միջոցներից	29
mijocnern	միջոցներն	14
mijocneru	միջոցները	14
mijocnery	միջոցները	14
mijocov	միջոցով	164
mijov	միջով	166
mikeljeloyi	միքելջելոյի	14
mikracion	միգրացիոն	23
mikren	միգրենը	70
mikrene	միգրենը	70
mikreni	միգրենի	38
mikrenic	միգրենից	14
mikrenu	միգրենը	70
mikreny	միգրենը	70
mikroelementner	միկրոէլեմենտներ	29
miks	միքս	14
mikuce	միգուցե	198
milion	միլիոն	14
milionanoc	միլիոնանոց	23
milionavor	միլիոնավոր	14
milioni	միլիոնի	14
milionic	միլիոնից	14
milionner	միլիոններ	14
milionneri	միլիոնների	42
milyart	միլիարդ	23
milyartavor	միլիարդավոր	14
mimikakan	միմիկական	38
mimyanc	միմյանց	162
mimyayn	միմիայն	42
mineralner	միներալներ	14
mini	մինի	23
minimali	մինիմալի	14
minimum	մինիմում	23
minj	մինչ	202
minjev	մինչեւ	194
minjter	մինչդեռ	47
minstrim	մինսթրիմ	14
minus	մինուս	29
minusner	մինուսները	23
minusnere	մինուսները	23
minusneri	մինուսների	23
minusnerov	մինուսներով	14
minusneru	մինուսները	23
minusnery	մինուսները	23
mirk	միրգ	162
mirkn	միրգն	14
mis	միս	168
mis	միսը	168
mise	միսը	168
mist	միստ	23
mistr	միստր	42
mistriks	միստրիքս	14
misu	միսը	168
misy	միսը	168
mite	միթե	162
mitk	միտք	182
mitk	միտքը	160
mitke	միտքը	160
mitkn	միտքն	14
mitks	միտքս	14
mitku	միտքը	160
mitky	միտքը	160
mitum	միտում	23
mitumn	միտումն	23
miutyan	միության	42
miutyun	միություն	34
miwel	միշելը	23
miwele	միշելը	23
miweli	միշելի	14
miwelu	միշելը	23
miwely	միշելը	23
miwt	միշտ	218
mkan	մկան	23
mkanaxmper	մկանախմբերը	14
mkanaxmpere	մկանախմբերը	14
mkanaxmperu	մկանախմբերը	14
mkanaxmpery	մկանախմբերը	14
mkanayin	մկանային	51
mkanner	մկանները	58
mkannere	մկանները	58
mkanneru	մկանները	58
mkannery	մկանները	58
mkon	մկոն	42
mkoyi	մկոյի	23
mkoyin	մկոյին	29
mlkramic	մլգրամից	23
mna	մնա	178
mnac	մնաց	29
mnacac	մնացած	72
mnacac	մնացածը	14
mnacace	մնացածը	14
mnacaci	մնացածի	14
mnacacic	մնացածից	14
mnacacin	մնացածին	14
mnacacu	մնացածը	14
mnacacy	մնացածը	14
mnacakanyan	մնացականյան	29
mnacakanyani	մնացականյանի	14
mnacakanyanin	մնացականյանին	29
mnacakanyann	մնացականյանն	38
mnacek	մնացեք	160
mnacel	մնացել	164
mnaci	մնացի	14
mnacin	մնացին	14
mnacink	մնացինք	14
mnacir	մնացիր	14
mnak	մնաք	47
mnal	մնալ	174
mnal	մնալը	29
mnale	մնալը	29
mnalu	մնալու	42
mnalu	մնալը	29
mnaluc	մնալուց	14
mnaly	մնալը	29
mnam	մնամ	14
mnank	մնանք	14
mnar	մնար	14
mnas	մնաս	170
mnayi	մնայի	14
mnayun	մնայուն	29
mnov	մնով	23
mnum	մնում	180
mokutyun	մոգություն	44
molor	մոլոր	23
moloraki	մոլորակի	14
molorutyan	մոլորության	14
molum	մոլում	23
mom	մոմ	14
momer	մոմեր	14
momi	մոմի	34
monika	մոնիկա	14
monjoyan	մոնջոյանը	14
monjoyane	մոնջոյանը	14
monjoyanu	մոնջոյանը	14
monjoyany	մոնջոյանը	14
montaj	մոնտաժ	14
monte	մոնթե	14
monten	մոնթեն	14
mor	մոր	59
moracek	մոռացեք	14
moracel	մոռացել	164
moracir	մոռացիր	174
moracnel	մոռացնել	14
moracvel	մոռացվել	42
moracvum	մոռացվում	14
morana	մոռանա	160
moranal	մոռանալ	23
moranalov	մոռանալով	14
moranalu	մոռանալու	14
moranas	մոռանաս	14
moranum	մոռանում	174
morison	մորիսոնը	14
morisone	մորիսոնը	14
morisonu	մորիսոնը	14
morisony	մորիսոնը	14
mors	մորս	34
moskva	մոսկվա	14
moskvayi	մոսկվայի	14
moskvayum	մոսկվայում	34
mosoyi	մոսոյի	14
mosoyin	մոսոյին	14
mot	մոտ	202
mota	մոդա	14
motaka	մոտակա	162
motakaykum	մոտակայքում	14
motavor	մոտավոր	14
motavorapes	մոտավորապես	164
moteca	մոտեցա	29
motecav	մոտեցավ	14
motecek	մոտեցեք	29
motecel	մոտեցել	14
motecmamp	մոտեցմամբ	34
motecman	մոտեցման	23
motecum	մոտեցում	174
motecum	մոտեցումը	160
motecume	մոտեցումը	160
motecumic	մոտեցումից	14
motecumn	մոտեցումն	29
motecumner	մոտեցումներ	14
motecumu	մոտեցումը	160
motecumy	մոտեցումը	160
motel	մոդելը	34
motele	մոդելը	34
moteli	մոդելի	14
moteln	մոդելն	14
motelu	մոդելը	34
motely	մոդելը	34
moten	մոտեն	29
motena	մոտենա	29
motenal	մոտենալ	29
motenum	մոտենում	174
motern	մոդեռն	29
motic	մոտից	14
motik	մոտիկ	29
motikacav	մոտիկացավ	14
motikakuyn	մոտիկագույն	34
motikic	մոտիկից	29
motivacrel	մոտիվացրել	23
motivacvum	մոտիվացվում	14
motivacya	մոտիվացիա	23
motivacyan	մոտիվացիան	14
motivnerov	մոտիվներով	34
movses	մովսես	14
moxrotikneri	մոխրոտիկների	23
mpelik	ըմպելիք	23
mperikner	ըմբերիքներ	23
mpost	ըմբոստ	14
mqelu	մղելու	23
mqum	մղում	38
mrayl	մռայլ	160
mrcakcum	մրցակցում	14
mrcakcutyan	մրցակցության	14
mrcakcutyun	մրցակցությունը	29
mrcakcutyun	մրցակցություն	14
mrcakcutyune	մրցակցությունը	29
mrcakcutyunu	մրցակցությունը	29
mrcakcutyuny	մրցակցությունը	29
mrcakic	մրցակից	14
mrcanak	մրցանակը	47
mrcanak	մրցանակ	23
mrcanakakir	մրցանակակիր	23
mrcanakapawxutyan	մրցանակաբաշխության	14
mrcanakapawxutyan	մրցանակաբաշխությանը	14
mrcanakapawxutyane	մրցանակաբաշխությանը	14
mrcanakapawxutyanu	մրցանակաբաշխությանը	14
mrcanakapawxutyany	մրցանակաբաշխությանը	14
mrcanakapawxutyun	մրցանակաբաշխություն	23
mrcanakapawxutyun	մրցանակաբաշխությունը	14
mrcanakapawxutyune	մրցանակաբաշխությունը	14
mrcanakapawxutyunneri	մրցանակաբաշխությունների	14
mrcanakapawxutyunu	մրցանակաբաշխությունը	14
mrcanakapawxutyuny	մրցանակաբաշխությունը	14
mrcanake	մրցանակը	47
mrcanaki	մրցանակի	14
mrcanakner	մրցանակներ	14
mrcanaknern	մրցանակներն	14
mrcanaku	մրցանակը	47
mrcanaky	մրցանակը	47
mrcavazki	մրցավազքի	14
mrcnum	մրցնում	14
mrcumneri	մրցումների	23
mrcumnerin	մրցումներին	14
mrcunak	մրցունակ	42
mrcuyt	մրցույթ	38
mrcuyti	մրցույթի	23
mrcuytic	մրցույթից	14
mrcuytin	մրցույթին	23
mrcuytn	մրցույթն	14
mrkayin	մրգային	14
mrker	մրգեր	162
mrker	մրգերը	34
mrker	մրքերը	29
mrkere	մրգերը	34
mrkere	մրքերը	29
mrkeri	մրգերի	38
mrkeru	մրգերը	34
mrkeru	մրքերը	29
mrkery	մրգերը	34
mrkery	մրքերը	29
mrstey	մրսդեյ	42
msayin	մսային	47
mseqeni	մսեղենի	14
msi	մսի	164
msic	մսից	44
msin	մսին	23
msov	մսով	29
mta	մտա	14
mtaceci	մտածեցի	170
mtacecink	մտածեցինք	23
mtacein	մտածեին	38
mtacek	մտածեք	14
mtacel	մտածել	188
mtacelakerp	մտածելակերպ	14
mtacelakerpi	մտածելակերպի	14
mtacelakerpn	մտածելակերպն	14
mtacelov	մտածելով	29
mtacelu	մտածելու	174
mtaceluc	մտածելուց	23
mtacem	մտածեմ	160
mtacen	մտածեն	14
mtaces	մտածես	29
mtaci	մտածի	38
mtacir	մտածիր	162
mtacman	մթացման	38
mtacoqutyan	մտածողության	14
mtacoqutyun	մտածողություն	29
mtacum	մտածում	208
mtacvac	մտածված	44
mtahok	մտահոգ	23
mtank	մտանք	14
mtav	մտավ	44
mtavaxutyun	մտավախություն	29
mtavaxutyunner	մտավախություններ	14
mtavor	մտավոր	23
mtcreci	մտցրեցի	29
mtel	մտել	58
mter	մտեր	14
mterayin	մթերային	29
mterim	մտերիմ	51
mterim	մթերիմ	14
mterimner	մտերիմներ	23
mterimneri	մտերիմների	47
mterimneric	մտերիմներից	14
mterkner	մթերքները	14
mterknere	մթերքները	14
mterkneru	մթերքները	14
mterknery	մթերքները	14
mtermik	մտերմիկ	14
mtker	մտքեր	166
mtker	մտքերը	164
mtkere	մտքերը	164
mtkeri	մտքերի	23
mtkern	մտքերն	14
mtkers	մտքերս	166
mtkeru	մտքերը	164
mtkerum	մտքերում	44
mtkery	մտքերը	164
mtki	մտքի	66
mtkic	մտքից	14
mtkin	մտքին	29
mtkis	մտքիս	14
mtkov	մտքով	38
mtkovs	մտքովս	14
mtkum	մտքում	23
mtnei	մտնեի	14
mtnel	մտնել	59
mtnel	մտնելը	14
mtnele	մտնելը	14
mtneln	մտնելն	14
mtnelu	մտնելը	14
mtnelu	մտնելու	14
mtnely	մտնելը	14
mtnem	մտնեմ	14
mtner	մտներ	14
mtnes	մտնես	23
mtni	մտնի	38
mtnolort	մթնոլորտը	160
mtnolort	մթնոլորտ	53
mtnolorte	մթնոլորտը	160
mtnolorti	մթնոլորտի	14
mtnolortn	մթնոլորտն	14
mtnolortov	մթնոլորտով	14
mtnolortu	մթնոլորտը	160
mtnolortum	մթնոլորտում	23
mtnolorty	մթնոլորտը	160
mtnum	մտնում	160
mtorumneri	մտորումների	14
mtovi	մտովի	51
mtutyan	մթության	23
muk	մուգ	23
mukujyani	մուկուչյանի	14
munr	մունր	23
muraziin	մուրազիին	14
musulmanneri	մուսուլմանների	14
mut	մութ	162
mutk	մուտք	23
mutki	մուտքի	14
mutkn	մուտքն	14
mwakac	մշակած	44
mwakel	մշակել	29
mwakem	մշակեմ	14
mwakman	մշակման	23
mwakum	մշակում	34
mwakumn	մշակումն	14
mwakutayin	մշակութային	23
mwakuyt	մշակույթ	29
mwakuyt	մշակույթը	29
mwakuyte	մշակույթը	29
mwakuyti	մշակույթի	44
mwakuytic	մշակույթից	14
mwakuytn	մշակույթն	23
mwakuytu	մշակույթը	29
mwakuytum	մշակույթում	23
mwakuyty	մշակույթը	29
mwakvac	մշակված	23
mwakvum	մշակվում	14
mwtakan	մշտական	66
mwtapes	մշտապես	72
mxitarank	մխիթարանք	14
myacank	միացանք	29
myacav	միացավ	23
myacek	միացեք	14
myacel	միացել	23
myacnoq	միացնող	23
myacnum	միացնում	14
myacrel	միացրել	34
myaculvac	միաձուլված	44
myacyal	միացյալ	86
myajam	միաժամ	23
myajamanak	միաժամանակ	168
myak	միակ	162
myak	միակը	38
myake	միակը	38
myakn	միակն	59
myakoqmani	միակողմանի	14
myaku	միակը	38
myaky	միակը	38
myamit	միամիտ	29
myamtutyun	միամտություն	14
myanak	միանաք	23
myanalu	միանալու	44
myankamayn	միանգամայն	160
myankamic	միանգամից	178
myanum	միանում	29
myanwanak	միանշանակ	172
myapanutyan	միաբանության	14
myasin	միասին	188
myasin	միասինը	29
myasine	միասինը	29
myasinu	միասինը	29
myasiny	միասինը	29
myavor	միավոր	23
myavorum	միավորում	14
myayn	միայն	198
myaynak	միայնակ	166
myaynakutyun	միայնակությունը	23
myaynakutyune	միայնակությունը	23
myaynakutyunu	միայնակությունը	23
myaynakutyuny	միայնակությունը	23
myus	մյուս	180
myus	մյուսը	49
myuse	մյուսը	49
myusi	մյուսի	42
myusin	մյուսին	69
myusn	մյուսն	38
myusner	մյուսները	14
myusnere	մյուսները	14
myusneri	մյուսների	23
myusneric	մյուսներից	42
myusneru	մյուսները	14
myusnery	մյուսները	14
myusu	մյուսը	49
myusy	մյուսը	49
n	ն	34
na	նա	210
naev	նաեւ	194
nahankner	նահանգներ	47
nahankner	նահանգները	23
nahanknere	նահանգները	23
nahankneri	նահանգների	55
nahankneric	նահանգներից	29
nahankneru	նահանգները	23
nahanknerum	նահանգներում	80
nahanknery	նահանգները	23
nahum	նահում	23
nair	նաիր	23
nal	նալ	38
namak	նամակը	162
namak	նամակ	29
namake	նամակը	162
namakner	նամակներ	51
namaku	նամակը	162
namaky	նամակը	162
namanavant	նամանավանդ	14
nana	նանա	14
nani	նանի	44
napoleon	նապոլեոն	29
naproskekn	նաբրոսկեկն	14
nar	նար	14
narayi	նարայի	14
narei	նարեի	14
narein	նարեին	23
narek	նարեկ	198
narek	նարեկը	34
nareke	նարեկը	34
nareki	նարեկի	14
narekn	նարեկն	23
nareku	նարեկը	34
nareky	նարեկը	34
naren	նարեն	42
narine	նարինե	14
narinen	նարինեն	29
narinj	նարինջը	14
narinje	նարինջը	14
narinju	նարինջը	14
narinjy	նարինջը	14
narkotiki	նարկոտիկի	23
narkoz	նարկոզ	34
narkozi	նարկոզի	34
narnjakuyn	նարնջագույն	23
narnji	նարնջի	14
narti	նարդի	29
nato	նատօ	14
nav	նավը	162
nav	նավ	23
navaknacutyun	նավագնացություն	23
navaknacutyun	նավագնացությունը	23
navaknacutyune	նավագնացությունը	23
navaknacutyunu	նավագնացությունը	23
navaknacutyuny	նավագնացությունը	23
navayin	նավային	23
navayin	նավայինը	14
navayine	նավայինը	14
navayinu	նավայինը	14
navayiny	նավայինը	14
nave	նավը	162
naveri	նավերի	23
naveric	նավերից	29
navi	նավի	29
navu	նավը	162
navum	նավում	14
navy	նավը	162
nax	նախ	166
naxaharani	նախահարանի	34
naxajawi	նախաճաշի	51
naxakah	նախագահ	29
naxakah	նախագահը	14
naxakahe	նախագահը	14
naxakahi	նախագահի	23
naxakahu	նախագահը	14
naxakahy	նախագահը	14
naxakcer	նախագծերը	42
naxakcer	նախագծեր	14
naxakcere	նախագծերը	42
naxakceri	նախագծերի	14
naxakceru	նախագծերը	42
naxakcerum	նախագծերում	29
naxakcery	նախագծերը	42
naxakci	նախագծի	168
naxakcin	նախագծին	14
naxakcum	նախագծում	49
naxakic	նախագիծ	170
naxakic	նախագիծը	160
naxakice	նախագիծը	160
naxakicn	նախագիծն	23
naxakicu	նախագիծը	160
naxakicy	նախագիծը	160
naxancel	նախանձել	34
naxancelov	նախանձելով	14
naxanci	նախանձի	14
naxancic	նախանձից	14
naxancum	նախանձում	23
naxapatmutyun	նախապատմություն	23
naxapes	նախապես	162
naxarar	նախարարը	29
naxarar	նախարար	14
naxarare	նախարարը	29
naxarari	նախարարի	14
naxararn	նախարարն	14
naxararu	նախարարը	29
naxararutyun	նախարարությունը	14
naxararutyune	նախարարությունը	14
naxararutyunu	նախարարությունը	14
naxararutyuny	նախարարությունը	14
naxarary	նախարարը	29
naxatasutyun	նախադասությունը	23
naxatasutyune	նախադասությունը	23
naxatasutyuns	նախադասությունս	23
naxatasutyunu	նախադասությունը	23
naxatasutyuny	նախադասությունը	23
naxatesum	նախատեսում	47
naxatesvac	նախատեսված	62
naxentrac	նախընտրած	49
naxentrel	նախընտրել	23
naxentreli	նախընտրելի	55
naxentrum	նախընտրում	180
naxijevan	նախիջեւան	23
naxkan	նախքան	172
naxkin	նախկին	69
naxkinneri	նախկինների	14
naxkinum	նախկինում	162
naxnakan	նախնական	29
naxntrac	նախընտրած	49
naxntrel	նախընտրել	23
naxntreli	նախընտրելի	55
naxntrum	նախընտրում	180
naxorok	նախօրոք	14
naxort	նախորդ	42
naxuntrac	նախընտրած	49
naxuntrel	նախընտրել	23
naxuntreli	նախընտրելի	55
naxuntrum	նախընտրում	180
naxutest	նախուտեստ	14
naxutestner	նախուտեստներ	23
naxutestneri	նախուտեստների	23
naxyntrac	նախընտրած	49
naxyntrel	նախընտրել	23
naxyntreli	նախընտրելի	55
naxyntrum	նախընտրում	180
nayac	նայած	14
nayec	նայեց	23
nayeci	նայեցի	160
nayecin	նայեցին	23
nayecink	նայեցինք	29
nayek	նայեք	164
nayel	նայել	184
nayel	նայելը	38
nayele	նայելը	38
nayelov	նայելով	44
nayelu	նայելը	38
nayelu	նայելու	23
nayeluc	նայելուց	14
nayely	նայելը	38
nayem	նայեմ	164
nayen	նայեն	29
nayenk	նայենք	44
nayes	նայես	55
nayi	նայի	51
nayir	նայիր	168
nayoq	նայող	47
nayum	նայում	186
naz	նազ	14
naz	նազը	14
naze	նազը	14
nazen	նազեն	14
nazin	նազին	14
nazni	նազնի	14
nazu	նազը	14
nazy	նազը	14
nekativ	նեգատիվը	14
nekative	նեգատիվը	14
nekativu	նեգատիվը	14
nekativy	նեգատիվը	14
neklesner	նեկլեսներ	23
nektar	նեկտար	14
nel	նել	23
nenc	նենց	72
neq	նեղ	14
neqacac	նեղացած	23
neqacek	նեղացեք	23
neqacel	նեղացել	23
neqacnum	նեղացնում	14
neqacrel	նեղացրել	47
neqana	նեղանա	38
neqanal	նեղանալ	14
neqanum	նեղանում	23
neqecnelu	նեղեցնելու	23
neqlik	նեղլիկ	23
nequtyan	նեղության	23
nequtyun	նեղություն	14
neqvac	նեղված	42
neqvel	նեղվել	51
neqvum	նեղվում	66
ner	ները	29
ner	ներ	14
nerac	ներած	23
nerarel	ներառել	14
nerarkman	ներարկման	44
nerarkum	ներարկում	58
nerarkumner	ներարկումներ	38
nerarkumner	ներարկումները	29
nerarkumnere	ներարկումները	29
nerarkumneri	ներարկումների	14
nerarkumneru	ներարկումները	29
nerarkumnery	ներարկումները	29
nerarum	ներառում	62
nerarvac	ներառված	34
nerarvum	ներառվում	14
nerawxarh	ներաշխարհը	38
nerawxarhe	ներաշխարհը	38
nerawxarhu	ներաշխարհը	38
nerawxarhy	ներաշխարհը	38
nere	ները	29
nerecek	ներեցեք	162
nerel	ներել	23
nereli	ներելի	14
neren	ներեն	23
neri	ների	23
nerin	ներին	14
nerka	ներկա	164
nerkan	ներկան	23
nerkayacel	ներկայացել	14
nerkayacman	ներկայացման	34
nerkayacn	ներկայացն	14
nerkayacnel	ներկայացնել	49
nerkayacnelov	ներկայացնելով	14
nerkayacnelu	ներկայացնելու	47
nerkayacnem	ներկայացնեմ	34
nerkayacnenk	ներկայացնենք	23
nerkayacner	ներկայացներ	23
nerkayacnes	ներկայացնես	14
nerkayacni	ներկայացնի	29
nerkayacnoq	ներկայացնող	29
nerkayacnum	ներկայացնում	79
nerkayacrec	ներկայացրեց	14
nerkayacrecin	ներկայացրեցին	34
nerkayacrel	ներկայացրել	44
nerkayacucij	ներկայացուցիչ	23
nerkayacucij	ներկայացուցիչը	23
nerkayacucije	ներկայացուցիչը	23
nerkayacucijn	ներկայացուցիչն	29
nerkayacucijneri	ներկայացուցիչների	14
nerkayacucijnern	ներկայացուցիչներն	14
nerkayacuciju	ներկայացուցիչը	23
nerkayacucijy	ներկայացուցիչը	23
nerkayacucjic	ներկայացուցչից	38
nerkayacum	ներկայացում	23
nerkayacum	ներկայացումը	23
nerkayacume	ներկայացումը	23
nerkayacumic	ներկայացումից	14
nerkayacumn	ներկայացումն	14
nerkayacumner	ներկայացումները	34
nerkayacumner	ներկայացումներ	14
nerkayacumnere	ներկայացումները	34
nerkayacumneru	ներկայացումները	34
nerkayacumnerum	ներկայացումներում	14
nerkayacumnery	ներկայացումները	34
nerkayacumu	ներկայացումը	23
nerkayacumy	ներկայացումը	23
nerkayacvac	ներկայացված	61
nerkayacvoq	ներկայացվող	23
nerkayacvum	ներկայացվում	23
nerkayanal	ներկայանալ	14
nerkayanali	ներկայանալի	29
nerkayanum	ներկայանում	57
nerkayis	ներկայիս	14
nerkayutyamp	ներկայությամբ	23
nerkayutyun	ներկայությունը	14
nerkayutyune	ներկայությունը	14
nerkayutyunn	ներկայությունն	14
nerkayutyunu	ներկայությունը	14
nerkayutyuny	ներկայությունը	14
nerkel	ներկել	14
nerkev	ներքեւ	14
nerkev	ներքեւը	14
nerkeve	ներքեւը	14
nerkevi	ներքեւի	14
nerkevu	ներքեւը	14
nerkevy	ներքեւը	14
nerkin	ներքին	61
nerkna	ներգնա	14
nerko	ներքո	58
nerkravel	ներգրավել	34
nerkravvac	ներգրավված	29
nerkravvum	ներգրավվում	38
nerkrum	ներկրումը	44
nerkrume	ներկրումը	44
nerkrumu	ներկրումը	44
nerkrumy	ներկրումը	44
nerkrvum	ներկրվում	14
nerkum	ներկում	14
nerkumner	ներկումները	23
nerkumnere	ներկումները	23
nerkumneru	ներկումները	23
nerkumnery	ներկումները	23
nerkust	ներքուստ	14
nermucvum	ներմուծվում	29
neroqutyun	ներողություն	160
ners	ներս	64
ners	ներսը	14
nerse	ներսը	14
nersi	ներսի	14
nersic	ներսից	29
nersu	ներսը	14
nersum	ներսում	53
nersy	ներսը	14
nertapancum	ներթափանցում	29
nertapancum	ներթափանցումը	14
nertapancume	ներթափանցումը	14
nertapancumu	ներթափանցումը	14
nertapancumy	ներթափանցումը	14
nertawnak	ներդաշնակ	14
nertawnakutyan	ներդաշնակության	14
nertawnakutyun	ներդաշնակություն	14
nertnel	ներդնել	14
nertnum	ներդնում	29
nertr	ներդր	23
nertrel	ներդրել	14
nertrman	ներդրման	38
nertroqneri	ներդրողների	14
nertrum	ներդրում	58
nertrum	ներդրումը	38
nertrume	ներդրումը	38
nertrumn	ներդրումն	23
nertrumner	ներդրումներ	14
nertrumu	ներդրումը	38
nertrumy	ներդրումը	38
nertrvel	ներդրվել	14
neru	ները	29
nerum	ներում	14
nervayin	ներվային	29
nervaynacnoq	ներվայնացնող	14
nervaynacnum	ներվայնացնում	14
nervaynanam	ներվայնանամ	14
nervaynanum	ներվայնանում	29
nervi	ներվի	14
nery	ները	29
netum	նետում	23
nihar	նիհար	14
niharecnel	նիհարեցնել	42
niharecnoq	նիհարեցնող	23
niharecum	նիհարեցում	44
niharecum	նիհարեցումը	38
niharecume	նիհարեցումը	38
niharecumic	նիհարեցումից	14
niharecumu	նիհարեցումը	38
niharecumy	նիհարեցումը	38
niharel	նիհարել	55
niharelu	նիհարելու	23
nihareluc	նիհարելուց	34
niharem	նիհարեմ	14
niharenk	նիհարենք	29
niharum	նիհարում	14
niki	նիկի	14
nikol	նիկոլը	38
nikol	նիկոլ	23
nikole	նիկոլը	38
nikolin	նիկոլին	23
nikolu	նիկոլը	38
nikoly	նիկոլը	38
nina	նինա	14
niwlikuftayic	նիշլիքուֆտայից	14
nj	նչ	182
njari	նժարի	23
njarin	նժարին	14
nkac	ընկած	44
nkalel	ընկալել	42
nkalen	ընկալեն	14
nkalmamp	ընկալմամբ	29
nkalman	ընկալման	14
nkalum	ընկալում	57
nkalum	ընկալումը	44
nkalume	ընկալումը	44
nkalumn	ընկալումն	14
nkalvum	ընկալվում	38
nkar	նկարը	162
nkar	նկար	160
nkarac	նկարած	29
nkarahanel	նկարահանել	14
nkarahanelu	նկարահանելու	14
nkarahanman	նկարահանման	42
nkarahanoq	նկարահանող	14
nkarahanum	նկարահանում	47
nkarahanum	նկարահանումը	34
nkarahanume	նկարահանումը	34
nkarahanumic	նկարահանումից	14
nkarahanumn	նկարահանումն	14
nkarahanumner	նկարահանումներ	14
nkarahanumner	նկարահանումները	14
nkarahanumnere	նկարահանումները	14
nkarahanumneri	նկարահանումների	14
nkarahanumneric	նկարահանումներից	14
nkarahanumnern	նկարահանումներն	14
nkarahanumneru	նկարահանումները	14
nkarahanumnery	նկարահանումները	14
nkarahanumu	նկարահանումը	34
nkarahanumy	նկարահանումը	34
nkarahanvel	նկարահանվել	38
nkarahanvel	նկարահանվելը	29
nkarahanvele	նկարահանվելը	29
nkarahanvelu	նկարահանվելը	29
nkarahanvely	նկարահանվելը	29
nkarahanvum	նկարահանվում	14
nkarakrum	նկարագրում	29
nkarakrutyan	նկարագրության	23
nkarakrvum	նկարագրվում	14
nkare	նկարը	162
nkareci	նկարեցի	14
nkarel	նկարել	168
nkarelu	նկարելու	14
nkares	նկարես	14
nkari	նկարի	44
nkarij	նկարիչ	34
nkarin	նկարին	14
nkarjuhi	նկարչուհի	14
nkarner	նկարներ	160
nkarner	նկարները	29
nkarnere	նկարները	29
nkarneri	նկարների	14
nkarneru	նկարները	29
nkarnery	նկարները	29
nkaru	նկարը	162
nkarum	նկարում	164
nkarvec	նկարվեց	23
nkarvel	նկարվել	29
nkarvi	նկարվի	29
nkarvum	նկարվում	14
nkary	նկարը	162
nkat	նկատ	23
nkatac	նկատած	14
nkateci	նկատեցի	14
nkatecik	նկատեցիք	23
nkatecir	նկատեցիր	14
nkatel	նկատել	168
nkateli	նկատելի	47
nkatenk	նկատենք	14
nkati	նկատի	164
nkatmamp	նկատմամբ	162
nkatoqutyun	նկատողություն	23
nkatum	նկատում	70
nkatvum	նկատվում	14
nkav	ընկավ	160
nkel	ընկել	57
nker	ընկեր	160
nker	ընկերը	29
nkeracel	ընկերացել	57
nkerakan	ընկերական	44
nkeranal	ընկերանալ	14
nkere	ընկերը	29
nkern	ընկերն	65
nkerner	ընկերներ	164
nkerner	ընկերները	42
nkernere	ընկերները	42
nkerneri	ընկերների	168
nkerneric	ընկերներից	14
nkernerics	ընկերներիցս	42
nkernerin	ընկերներին	23
nkerneris	ընկերներիս	180
nkernerit	ընկերներիդ	14
nkernern	ընկերներն	34
nkernerov	ընկերներով	172
nkerners	ընկերներս	34
nkeroj	ընկերոջ	34
nkerojs	ընկերոջս	14
nkers	ընկերս	14
nkeruhi	ընկերուհի	29
nkeruhin	ընկերուհին	14
nkeruhiner	ընկերուհիները	23
nkeruhiner	ընկերուհիներ	14
nkeruhinere	ընկերուհիները	23
nkeruhineri	ընկերուհիների	14
nkeruhu	ընկերուհու	14
nkeruhus	ընկերուհուս	14
nkerutyan	ընկերության	55
nkerutyan	ընկերությանը	14
nkerutyane	ընկերությանը	14
nkerutyun	ընկերությունը	164
nkerutyun	ընկերություն	70
nkerutyune	ընկերությունը	164
nkerutyunn	ընկերությունն	14
nkerutyunner	ընկերություններ	14
nkerutyunner	ընկերությունները	14
nkerutyunnere	ընկերությունները	14
nkerutyunneri	ընկերությունների	44
nkerutyunum	ընկերությունում	14
nkjvac	ընկճված	23
nkjveci	ընկճվեցի	14
nknel	ընկնել	44
nknelov	ընկնելով	23
nknum	ընկնում	44
nkuqum	նկուղում	14
nkuyz	ընկույզ	23
nkuyz	ընկույզը	14
nkuyze	ընկույզը	14
nkuyzov	ընկույզով	23
nman	նման	194
nmanacnel	նմանացնել	14
nmanakum	նմանակում	14
nmanatip	նմանատիպ	160
nmanecnum	նմանեցնում	14
nmanorinak	նմանօրինակ	29
nmanutyan	նմանության	14
nmanutyun	նմանություն	14
nmanvel	նմանվել	14
nmanves	նմանվես	34
nmanvum	նմանվում	14
nmuwi	նմուշի	14
noa	նոա	14
nopelyan	նոբելյան	29
nor	նոր	218
nor	նորը	23
noracev	նորաձեւ	44
noracevutyan	նորաձեւության	38
noracevutyun	նորաձեւությունը	14
noracevutyune	նորաձեւությունը	14
noracevutyunu	նորաձեւությունը	14
noracevutyuny	նորաձեւությունը	14
norakuyn	նորագույն	14
noranor	նորանոր	14
norapac	նորաբաց	34
norararakan	նորարարական	34
nore	նորը	23
nori	նորի	14
noric	նորից	188
normal	նորմալ	188
norn	նորն	23
norovi	նորովի	23
noru	նորը	23
norutyan	նորության	42
norutyun	նորություն	184
norutyunn	նորությունն	34
norutyunner	նորություններ	186
norutyunner	նորությունները	14
norutyunnere	նորությունները	14
norutyunneri	նորությունների	14
norutyunneru	նորությունները	14
norutyunnery	նորությունները	14
noruytner	նորույթներ	42
nory	նորը	23
nostalkya	նոստալգիա	14
not	նոթը	14
notaner	նոտաներ	14
notarakan	նոտարական	14
note	նոթը	14
noter	նոթերը	53
notere	նոթերը	53
noteri	նոթերի	53
noteru	նոթերը	53
notery	նոթերը	53
notu	նոթը	14
noty	նոթը	14
noy	նոյը	29
noye	նոյը	29
noyemper	նոյեմբեր	14
noyemperi	նոյեմբերի	29
noyu	նոյը	29
noyy	նոյը	29
npast	նպաստ	14
npastavor	նպաստավոր	14
npastec	նպաստեց	23
npastel	նպաստել	14
npastum	նպաստում	34
npatak	նպատակ	162
npatak	նպատակը	34
npatakaharmar	նպատակահարմար	14
npatakatrvac	նպատակադրված	14
npatakauqqvac	նպատակաուղղված	14
npatake	նպատակը	34
npataki	նպատակի	23
npatakin	նպատակին	14
npatakn	նպատակն	49
npatakner	նպատակներ	14
npatakner	նպատակները	14
npataknere	նպատակները	14
npatakneri	նպատակների	14
npatakneru	նպատակները	14
npataknery	նպատակները	14
npatakov	նպատակով	23
npataku	նպատակը	34
npataky	նպատակը	34
npens	նպենս	23
nps	նպս	14
nra	նրա	202
nran	նրան	200
nran	նռան	14
nranc	նրանց	188
nrancic	նրանցից	29
nranic	նրանից	168
nrank	նրանք	190
nranov	նրանով	42
nranum	նրանում	53
nrpaham	նրբահամ	14
nsemacnum	նսեմացնում	14
nstac	նստած	160
nstacnum	նստացնում	14
nsteci	նստեցի	14
nstel	նստել	170
nstelateqov	նստելատեղով	14
nstelu	նստելու	14
nstem	նստեմ	14
nsten	նստեն	29
nstenk	նստենք	162
nsti	նստի	14
nstum	նստում	164
nstvack	նստվածք	23
nt	ընդ	65
ntack	ընթացքը	42
ntack	ընթացք	38
ntacke	ընթացքը	42
ntacki	ընթացքի	34
ntackin	ընթացքին	14
ntackn	ընթացքն	23
ntackum	ընթացքում	182
ntamen	ընդամենը	168
ntamene	ընդամենը	168
ntanekan	ընտանեկան	174
ntanik	ընտանիքը	168
ntanik	ընտանիք	162
ntanike	ընտանիքը	168
ntaniki	ընտանիքի	176
ntanikic	ընտանիքից	14
ntanikin	ընտանիքին	160
ntanikis	ընտանիքիս	168
ntanikit	ընտանիքիդ	14
ntanikn	ընտանիքն	38
ntanikner	ընտանիքները	23
ntanikner	ընտանիքներ	14
ntaniknere	ընտանիքները	23
ntanikneri	ընտանիքների	23
ntaniknerin	ընտանիքներին	14
ntaniknern	ընտանիքներն	14
ntaniknerum	ընտանիքներում	23
ntanikov	ընտանիքով	172
ntaniks	ընտանիքս	38
ntanikt	ընտանիքդ	14
ntanikum	ընտանիքում	162
ntanum	ընթանում	164
ntarcak	ընդարձակ	29
ntcerum	ընդձեռում	14
nteq	ընդեղ	14
ntercum	ընթերցում	14
nthakarak	ընդհակառակը	14
nthakarake	ընդհակառակը	14
nthanrapes	ընդհանրապես	164
nthanur	ընդհանուր	172
nthatum	ընդհատում	14
nthup	ընդհուպ	14
ntimutyan	ընդիմության	23
ntir	ընտիր	38
ntkcel	ընդգծել	57
ntkcelu	ընդգծելու	23
ntkcum	ընդգծում	53
ntkcvac	ընդգծված	14
ntkcvum	ընդգծվում	23
ntkrkum	ընդգրկում	29
ntkrkun	ընդգրկուն	23
ntkrkvac	ընդգրկված	23
ntkrkvel	ընդգրկվել	23
ntlaynel	ընդլայնել	23
ntlaynvac	ընդլայնված	14
ntlaynvel	ընդլայնվել	29
ntlaynvelov	ընդլայնվելով	23
ntlaynvelu	ընդլայնվելու	29
ntmijenk	ընդմիջենք	14
ntmijumic	ընդմիջումից	14
ntmijumneri	ընդմիջումների	14
ntrac	ընտրած	42
ntrani	ընտրանի	29
ntranin	ընտրանին	57
ntrec	ընտրեց	34
ntreci	ընտրեցի	49
ntrecin	ընտրեցին	14
ntrecir	ընտրեցիր	14
ntrei	ընտրեի	29
ntrel	ընտրել	170
ntreln	ընտրելն	14
ntrelu	ընտրելու	47
ntrem	ընտրեմ	160
ntren	ընտրեն	47
ntrik	ընտրիքը	23
ntrike	ընտրիքը	23
ntrikin	ընթրիքին	23
ntrum	ընտրում	74
ntrutyan	ընտրության	34
ntrutyun	ընտրություն	174
ntrutyun	ընտրությունը	55
ntrutyune	ընտրությունը	55
ntrutyunn	ընտրությունն	42
ntrutyunneric	ընտրություններից	14
ntrvac	ընտրված	29
ntrvel	ընտրվել	42
ntrvum	ընտրվում	14
nttimatir	ընդդիմադիր	14
nttimutyun	ընդդիմություն	14
ntuneci	ընդունեցի	14
ntunecin	ընդունեցին	14
ntunecir	ընդունեցիր	29
ntunel	ընդունել	61
ntuneli	ընդունելի	14
ntunelov	ընդունելով	29
ntunelu	ընդունելու	14
ntuneluc	ընդունելուց	14
ntunelutyan	ընդունելության	14
ntunem	ընդունեմ	14
ntunen	ընդունեն	14
ntunenk	ընդունենք	29
ntunes	ընդունես	14
ntuni	ընդունի	34
ntunman	ընդունման	14
ntunum	ընդունում	73
ntunvac	ընդունված	42
ntunveci	ընդունվեցի	29
ntunvei	ընդունվեի	38
ntunvel	ընդունվել	38
ntunvelu	ընդունվելու	14
ntunvem	ընդունվեմ	34
ntunver	ընդունվեր	14
ntunvum	ընդունվում	23
nu	նու	42
num	նում	23
nune	նունե	14
nur	նուռ	23
nuri	նուռի	14
nurp	նուրբ	160
nuyn	նույն	180
nuyn	նույնը	164
nuynakanacnum	նույնականացնում	23
nuyne	նույնը	164
nuynisk	նույնիսկ	188
nuynkan	նույնքան	38
nuynn	նույնն	174
nuynpes	նույնպես	178
nuynu	նույնը	164
nuyny	նույնը	164
nvajel	նվաճել	14
nvajem	նվաճեմ	38
nvajumner	նվաճումները	29
nvajumnere	նվաճումները	29
nvajumneru	նվաճումները	29
nvajumnery	նվաճումները	29
nvakacnum	նվագացնում	14
nvakaxmpi	նվագախմբի	14
nvakel	նվագել	38
nvaki	նվագի	14
nvakum	նվագում	29
nvazakuyn	նվազագույն	14
nvazecnum	նվազեցնում	23
nvazum	նվազում	14
nver	նվեր	78
nver	նվերը	23
nvere	նվերը	23
nveri	նվերի	14
nveric	նվերից	14
nvern	նվերն	23
nverner	նվերներ	23
nverner	նվերները	14
nvernere	նվերները	14
nverneri	նվերների	34
nverneru	նվերները	14
nvernery	նվերները	14
nveru	նվերը	23
nvery	նվերը	23
nvirakan	նվիրական	14
nvirec	նվիրեց	29
nvireci	նվիրեցի	23
nvirel	նվիրել	51
nvirum	նվիրում	58
nvirvac	նվիրված	42
nvirvel	նվիրվել	14
nvirvum	նվիրվում	14
nviryalneri	նվիրյալների	14
nwac	նշած	23
nwacoq	նշաձող	14
nwan	նշան	23
nwanakel	նշանակել	34
nwanakum	նշանակում	172
nwanakutyun	նշանակություն	42
nwanakutyun	նշանակությունը	14
nwanakutyune	նշանակությունը	14
nwanakutyunu	նշանակությունը	14
nwanakutyuny	նշանակությունը	14
nwanatrec	նշանադրեց	14
nwanatrutyan	նշանադրության	14
nwanner	նշաններ	14
nwanven	նշանվեն	42
nwec	նշեց	23
nweci	նշեցի	38
nwecik	նշեցիք	34
nwecir	նշեցիր	59
nwek	նշեք	29
nwel	նշել	89
nwelov	նշելով	23
nwelu	նշելու	34
nwem	նշեմ	61
nwen	նշեն	29
nwenk	նշենք	61
nwum	նշում	65
nwuyl	նշույլ	14
nwuyl	նշույլը	14
nwuyle	նշույլը	14
nwuylu	նշույլը	14
nwuyly	նշույլը	14
nwvac	նշված	62
nyart	նյարդը	14
nyartapan	նյարդաբան	62
nyartapanakan	նյարդաբանական	47
nyartapani	նյարդաբանի	53
nyartayin	նյարդային	14
nyartaynacnum	նյարդայնացնում	23
nyartaynanum	նյարդայնանում	29
nyarte	նյարդը	14
nyarter	նյարդեր	49
nyartu	նյարդը	14
nyarty	նյարդը	14
nyu	նյու	29
nyuans	նյուանս	42
nyuansner	նյուանսներ	14
nyuansner	նյուանսները	14
nyuansnere	նյուանսները	14
nyuansneru	նյուանսները	14
nyuansnery	նյուանսները	14
nyujeli	նյուժելի	38
nyut	նյութ	51
nyut	նյութը	14
nyutakan	նյութական	14
nyute	նյութը	14
nyuteqenacac	նյութեղենացած	38
nyuter	նյութեր	162
nyuter	նյութերը	49
nyutere	նյութերը	49
nyuteri	նյութերի	23
nyuterov	նյութերով	23
nyuteru	նյութերը	49
nyutery	նյութերը	49
nyutu	նյութը	14
nyuty	նյութը	14
o	օ	58
o	ո	23
ocanelik	օծանելիք	29
oci	օձի	58
ofisum	օֆիսում	23
oh	օհ	178
oj	ոչ	206
oj	ոճը	47
oj	ոչը	29
ojari	օճառի	14
ojayin	ոճային	14
oje	ոճը	47
oje	ոչը	29
ojeri	ոճերի	23
oji	ոճի	38
ojinj	ոչինչ	188
ojnjic	ոչնչից	14
ojnjum	ոչնչում	29
ojov	ոճով	23
oju	ոճը	47
oju	ոչը	29
ojxarek	ոչխարեք	29
ojy	ոճը	47
ojy	ոչը	29
ok	ոք	176
ok	ոգ	29
okelic	ոգելից	23
okevorum	ոգեւորում	23
okevorutyamp	ոգեւորությամբ	38
okevorutyun	ոգեւորությունը	14
okevorutyune	ոգեւորությունը	14
okevorutyunu	ոգեւորությունը	14
okevorutyuny	ոգեւորությունը	14
okevorvac	ոգեւորված	29
okevorvel	ոգեւորվել	14
okevorvum	ոգեւորվում	14
okewnjoq	ոգեշնչող	162
okewnjum	ոգեշնչում	170
okewnjvac	ոգեշնչված	14
okey	օքեյ	51
oki	ոքի	29
oki	ոգի	14
okin	ոգին	14
oknac	օգնած	14
oknec	օգնեց	38
oknek	օգնեք	29
oknel	օգնել	182
oknelov	օգնելով	14
oknelu	օգնելու	42
oknem	օգնեմ	29
oknen	օգնեն	29
oknenk	օգնենք	14
oknes	օգնես	14
okni	օգնի	14
oknoq	օգնող	23
oknum	օգնում	182
oknutyamp	օգնությամբ	44
oknutyan	օգնության	168
oknutyun	օգնություն	34
oknutyun	օգնությունը	14
oknutyune	օգնությունը	14
oknutyunic	օգնությունից	34
oknutyunn	օգնությունն	14
oknutyunu	օգնությունը	14
oknutyuny	օգնությունը	14
okostos	օգոստոս	14
oksi	օքսի	14
oksitanum	օքսիդանում	14
oktakar	օգտակար	186
oktakorcek	օգտագործեք	42
oktakorcel	օգտագործել	174
oktakorcelov	օգտագործելով	14
oktakorcelu	օգտագործելու	29
oktakorceluc	օգտագործելուց	14
oktakorces	օգտագործես	34
oktakorcman	օգտագործման	44
oktakorcum	օգտագործում	174
oktakorcvum	օգտագործվում	49
oktvel	օգտվել	75
oktvelov	օգտվելով	14
oktvelu	օգտվելու	23
oktvum	օգտվում	29
okut	օգուտ	34
olikarxner	օլիգարխներ	29
olimpyakan	օլիմպիական	14
olort	ոլորտ	58
olort	ոլորտը	29
olorte	ոլորտը	29
olorti	ոլորտի	34
olortic	ոլորտից	14
olortn	ոլորտն	14
olortnerum	ոլորտներում	14
olortu	ոլորտը	29
olortum	ոլորտում	176
olorty	ոլորտը	29
olt	օլդ	14
olyayi	օլյայի	14
omanc	ոմանց	23
omank	ոմանք	44
omorfyayum	օմորֆիայում	47
onc	ոնց	210
onkur	ոնքուր	38
onlayn	օնլայն	164
operacyayi	օպերացիայի	23
operativ	օպերատիվ	38
operator	օպերատոր	14
operayi	օպերայի	14
optimalacnum	օպտիմալացնում	14
opyekt	օբյեկտ	14
opyektiv	օբյեկտիվ	14
oqak	օղակ	23
oqj	ողջ	166
oqjakurvum	ողջագուրվում	29
oqjuneli	ողջունելի	14
oqjunum	ողջունում	34
oqjuyn	ողջույն	180
oqperkutyan	ողբերգության	29
or	որ	226
or	օր	212
or	օրը	198
or	որը	192
orak	որակը	172
orak	որակ	51
orakakan	որակական	14
orakan	օրական	164
orakark	օրակարգը	14
orakarke	օրակարգը	14
orakarku	օրակարգը	14
orakarky	օրակարգը	14
orakavorumnerov	որակավորումներով	14
orake	որակը	172
oraki	որակի	164
orakn	որակն	38
orakov	որակով	55
oraku	որակը	172
orakum	որակում	29
oraky	որակը	172
orakyal	որակյալ	170
ore	օրը	198
ore	որը	192
orekan	օրեկանը	14
orekane	օրեկանը	14
orekanu	օրեկանը	14
orekany	օրեկանը	14
orenk	օրենքը	29
orenk	օրենք	14
orenke	օրենքը	29
orenki	օրենքի	34
orenkner	օրենքներ	44
orenku	օրենքը	29
orenky	օրենքը	29
orer	օրերը	172
orer	օրեր	170
orere	օրերը	172
oreri	օրերի	160
oreric	օրերից	23
orerin	օրերին	188
orern	օրերն	14
orerort	որերորդ	14
oreru	օրերը	172
orerum	օրերում	14
orery	օրերը	172
orev	որեւ	14
oreve	որեւէ	174
orevice	որեւիցե	14
orhnecek	օրհնեցեք	29
orhnel	օրհնել	23
orhnutyun	օրհնություն	14
orhnyal	օրհնյալ	49
ori	որի	174
ori	օրի	59
oric	որից	69
oric	օրից	38
orikinal	օրիգինալ	29
orin	որին	59
orinak	օրինակ	192
orinak	օրինակը	29
orinakan	օրինական	38
orinake	օրինակը	29
orinakeli	օրինակելի	23
orinaki	օրինակի	53
orinakin	օրինակին	34
orinakn	օրինակն	38
orinakner	օրինակներ	34
orinakneric	օրինակներից	23
orinakov	օրինակով	51
orinaku	օրինակը	29
orinaky	օրինակը	29
oritipoyum	որիդիպոյում	14
orka	որքա	170
orkan	որքան	184
orkanik	օրգանիկ	14
orkaniks	օրգանիքսը	29
orkaniks	օրգանիքս	23
orkanikse	օրգանիքսը	29
orkaniksi	օրգանիքսի	49
orkaniksic	օրգանիքսից	14
orkaniksu	օրգանիքսը	29
orkaniksy	օրգանիքսը	29
orkanizm	օրգանիզմը	23
orkanizme	օրգանիզմը	23
orkanizmi	օրգանիզմի	14
orkanizmic	օրգանիզմից	38
orkanizmin	օրգանիզմին	29
orkanizmnerin	օրգանիզմներին	14
orkanizmu	օրգանիզմը	23
orkanizmy	օրգանիզմը	23
orkanner	օրգանները	23
orkannere	օրգանները	23
orkanneri	օրգանների	14
orkanneru	օրգանները	23
orkannery	օրգանները	23
orkanov	որքանով	69
orn	որն	184
orn	օրն	164
orok	օրոք	42
orok	որոք	14
oronc	որոնց	77
oroncic	որոնցից	29
oroncov	որոնցով	23
oronk	որոնք	188
orov	օրով	172
orov	որով	75
orovhet	որովհետ	14
orovhetev	որովհետեւ	166
orow	որոշ	184
orowaki	որոշակի	80
orowakioren	որոշակիորեն	23
orowec	որոշեց	42
oroweci	որոշեցի	42
orowecik	որոշեցիք	23
orowecin	որոշեցին	29
orowecink	որոշեցինք	38
orowecir	որոշեցիր	38
orowein	որոշեին	14
orowek	որոշեք	44
orowel	որոշել	178
orowem	որոշեմ	23
orowenk	որոշենք	14
orowi	որոշի	14
orowmamp	որոշմամբ	14
orowman	որոշման	53
orowman	որոշմանը	23
orowmane	որոշմանը	23
orowmanu	որոշմանը	23
orowmany	որոշմանը	23
orowner	որոշները	14
orownere	որոշները	14
orowneru	որոշները	14
orownery	որոշները	14
orowum	որոշում	166
orowum	որոշումը	53
orowume	որոշումը	53
orowumn	որոշումն	38
orowumner	որոշումները	14
orowumnere	որոշումները	14
orowumneri	որոշումների	47
orowumneru	որոշումները	14
orowumnery	որոշումները	14
orowums	որոշումս	38
orowumu	որոշումը	53
orowumy	որոշումը	53
orowvum	որոշվում	23
orp	որբ	34
orpes	որպես	186
orpeszi	որպեսզի	186
ors	օրս	168
ort	օրդ	172
ortekrel	որդեգրել	14
orteq	որտեղ	192
orteqic	որտեղից	172
ortev	որտեւ	14
orti	որդի	29
ortin	որդին	42
ortineri	որդիների	14
ortis	որդիս	182
ortit	որդիդ	23
ortu	որդու	23
oru	օրը	198
oru	որը	192
orum	որում	70
orum	օրում	42
orva	օրվա	182
orvan	օրվան	29
orvanic	օրվանից	53
ory	օրը	198
ory	որը	192
oskar	օսկար	34
oskar	օսկարը	29
oskare	օսկարը	29
oskari	օսկարի	29
oskaru	օսկարը	29
oskary	օսկարը	29
oske	ոսկե	53
oskeevazi	ոսկեեւազի	14
oskehat	ոսկեհատ	23
oskehat	ոսկեհատը	14
oskehate	ոսկեհատը	14
oskehatu	ոսկեհատը	14
oskehaty	ոսկեհատը	14
oskeqen	ոսկեղեն	14
oskerij	ոսկերիչ	29
oskerjakan	ոսկերչական	29
oski	ոսկի	38
oskin	ոսկին	34
oskor	ոսկորը	58
oskor	ոսկոր	23
oskore	ոսկորը	58
oskoru	ոսկորը	58
oskory	ոսկորը	58
oskov	ոսկով	23
oskrer	ոսկրեր	44
oskrer	օսկրեր	42
osku	ոսկու	42
oskya	ոսկյա	53
osp	ոսպը	14
ospe	ոսպը	14
ospu	ոսպը	14
ospy	ոսպը	14
ostikanutyun	ոստիկանությունը	164
ostikanutyun	ոստիկանություն	23
ostikanutyune	ոստիկանությունը	164
ostikanutyunu	ոստիկանությունը	164
ostikanutyuny	ոստիկանությունը	164
ot	օդ	174
ot	օդը	170
otanavakayan	օդանավակայան	14
otanavakayanic	օդանավակայանից	14
otar	օտար	44
otarerkrya	օտարերկրյա	14
otarner	օտարները	23
otarnere	օտարները	23
otarneru	օտարները	23
otarnery	օտարները	23
otarutyan	օտարության	14
otayin	օդային	14
ote	օդը	170
oti	օդի	49
oti	ոտի	42
otis	ոտիս	42
otk	ոտք	44
otker	ոտքեր	14
otkeri	ոտքերի	51
otki	ոտքի	166
otkov	ոտքով	23
otnahartarman	ոտնահարդարման	14
otnatateri	ոտնաթաթերի	38
otu	օդը	170
otum	օդում	23
oty	օդը	170
ov	ով	188
oval	օվալը	42
ovalacev	օվալաձեւ	14
ovale	օվալը	42
ovalu	օվալը	42
ovaly	օվալը	42
ovinion	օվինիոն	14
ovke	ովքե	14
ovker	ովքեր	172
ovkyanos	օվկիանոսը	14
ovkyanose	օվկիանոսը	14
ovkyanosic	օվկիանոսից	23
ovkyanosu	օվկիանոսը	14
ovkyanosy	օվկիանոսը	14
owarak	օշարակ	14
owaraki	օշարակի	14
ozempikn	օզեմպիկն	42
ozni	ոզնի	38
p	բ	29
pa	բա	164
pa	պա	38
pac	բաց	176
pac	բացը	14
pacahayteci	բացահայտեցի	14
pacahaytecink	բացահայտեցինք	14
pacahaytel	բացահայտել	162
pacahaytelov	բացահայտելով	14
pacahaytelu	բացահայտելու	29
pacahaytum	բացահայտում	23
pacahaytvum	բացահայտվում	14
pacakayum	բացակայում	34
pacakayutyun	բացակայությունը	38
pacakayutyun	բացակայություն	14
pacakayutyune	բացակայությունը	38
pacakayutyunu	բացակայությունը	38
pacakayutyuny	բացակայությունը	38
pacarapes	բացառապես	51
pacarcak	բացարձակ	58
pacarik	բացառիկ	53
pacarum	բացառում	29
pacarutyun	բացառություն	23
pacarutyunner	բացառություններ	14
pacarvum	բացառվում	44
pacasakan	բացասական	58
pacasakan	բացասականը	14
pacasakane	բացասականը	14
pacasakanu	բացասականը	14
pacasakany	բացասականը	14
pacatreci	բացատրեցի	14
pacatrel	բացատրել	42
pacatreluc	բացատրելուց	14
pacatrem	բացատրեմ	38
pacatrum	բացատրում	44
pacatrutyun	բացատրություն	14
pace	բացը	14
pacecik	բացեցիք	14
pacel	բացել	162
pacelu	բացելու	29
pacem	բացեմ	38
pacenk	բացենք	14
pacer	բացերը	14
pacere	բացերը	14
paceri	բացերի	23
paceru	բացերը	14
pacery	բացերը	14
paci	բացի	176
pacient	պացիենտը	59
pacient	պացիենտ	47
paciente	պացիենտը	59
pacienti	պացիենտի	38
pacientin	պացիենտին	14
pacientneri	պացիենտների	29
pacientnerin	պացիենտներին	29
pacientu	պացիենտը	59
pacienty	պացիենտը	59
pacotya	բացօթյա	44
pacotya	բացօդյա	14
pactoqumn	բացթողումն	14
pacu	բացը	14
pacum	բացում	63
pacvac	բացված	29
pacvec	բացվեց	23
pacvel	բացվել	34
pacvelu	բացվելու	14
pacvum	բացվում	38
pacy	բացը	14
pah	պահ	172
pah	պահը	76
pahac	պահած	42
pahaconer	պահածոները	29
pahaconere	պահածոները	29
pahaconeru	պահածոները	29
pahaconery	պահածոները	29
pahacoqneri	պահածողների	23
pahanj	պահանջը	14
pahanjark	պահանջարկ	29
pahanjarkov	պահանջարկով	29
pahanjater	պահանջատեր	23
pahanje	պահանջը	14
pahanjel	պահանջել	34
pahanjelu	պահանջելու	29
pahanji	պահանջի	14
pahanjkot	պահանջկոտ	29
pahanjkotutyun	պահանջկոտությունը	14
pahanjkotutyune	պահանջկոտությունը	14
pahanjkotutyunu	պահանջկոտությունը	14
pahanjkotutyuny	պահանջկոտությունը	14
pahanjmunk	պահանջմունք	42
pahanjner	պահանջներ	14
pahanjneric	պահանջներից	14
pahanjnerin	պահանջներին	14
pahanjoq	պահանջող	14
pahanju	պահանջը	14
pahanjum	պահանջում	176
pahanjvac	պահանջված	29
pahanjvec	պահանջվեց	14
pahanjvum	պահանջվում	47
pahanjy	պահանջը	14
pahapan	պահապան	14
pahe	պահը	76
pahec	պահեց	42
pahecoqutyan	պահեցողության	14
pahek	պահեք	14
pahel	պահել	168
pahel	պահելը	14
pahele	պահելը	14
paheln	պահելն	23
pahelu	պահելու	29
pahelu	պահելը	14
pahely	պահելը	14
pahem	պահեմ	14
pahenk	պահենք	14
paher	պահեր	61
paher	պահերը	14
pahere	պահերը	14
paheri	պահերի	29
paheric	պահերից	14
paherin	պահերին	14
paheru	պահերը	14
pahery	պահերը	14
pahest	պահեստը	23
paheste	պահեստը	23
pahestneric	պահեստներից	34
pahestu	պահեստը	23
pahesty	պահեստը	23
pahi	պահի	160
pahic	պահից	57
pahin	պահին	170
pahir	պահիր	168
pahk	պահք	14
pahk	պահքը	14
pahke	պահքը	14
pahkic	պահքից	14
pahku	պահքը	14
pahky	պահքը	14
pahn	պահն	53
pahoc	պահոց	14
pahocn	պահոցն	23
pahoq	պահող	29
pahov	պահով	14
pahpanel	պահպանել	162
pahpanelov	պահպանելով	23
pahpanelu	պահպանելու	14
pahpanum	պահպանում	29
pahpanvac	պահպանված	14
pahpanvel	պահպանվել	23
pahpanvi	պահպանվի	29
pahpanvum	պահպանվում	61
pahu	պահը	76
pahum	պահում	168
pahvack	պահվածքը	23
pahvacke	պահվածքը	23
pahvacku	պահվածքը	23
pahvacky	պահվածքը	23
pahvoq	պահվող	14
pahvum	պահվում	23
pahy	պահը	76
pajak	բաժակ	176
pajaki	բաժակի	29
pajakn	բաժակն	14
pajakner	բաժակներ	14
pajakov	բաժակով	14
pajakt	բաժակդ	38
pajanel	բաժանել	14
pajanman	բաժանման	29
pajanmunk	բաժանմունքը	29
pajanmunke	բաժանմունքը	29
pajanmunku	բաժանմունքը	29
pajanmunky	բաժանմունքը	29
pajanort	բաժանորդը	38
pajanortakrvek	բաժանորդագրվեք	44
pajanortakrveki	բաժանորդագրվեքի	38
pajanortakrvel	բաժանորդագրվել	34
pajanorte	բաժանորդը	38
pajanortu	բաժանորդը	38
pajanorty	բաժանորդը	38
pajanum	բաժանում	23
pajanum	բաժանումը	14
pajanume	բաժանումը	14
pajanumic	բաժանումից	38
pajanumn	բաժանումն	23
pajanumu	բաժանումը	14
pajanumy	բաժանումը	14
pajanutyunic	բաժանությունից	14
pajanutyunner	բաժանությունները	14
pajanutyunnere	բաժանությունները	14
pajanutyunneru	բաժանությունները	14
pajanutyunnery	բաժանությունները	14
pajanvac	բաժանված	34
pajanvel	բաժանվել	14
pajanvel	բաժանվելը	14
pajanvele	բաժանվելը	14
pajanvelu	բաժանվելը	14
pajanvelu	բաժանվելու	14
pajanveluc	բաժանվելուց	14
pajanvely	բաժանվելը	14
pajanvenk	բաժանվենք	29
pajanvum	բաժանվում	44
pajin	բաժին	53
pajin	բաժինը	38
pajine	բաժինը	38
pajinu	բաժինը	38
pajiny	բաժինը	38
pajneter	բաժնետերը	29
pajnetere	բաժնետերը	29
pajnetereri	բաժնետերերի	23
pajneteru	բաժնետերը	29
pajnetery	բաժնետերը	29
pajnum	բաժնում	53
pajum	պաչում	23
pak	փակ	69
pakac	փակած	23
pakakcer	փակագծերը	14
pakakcere	փակագծերը	14
pakakceru	փակագծերը	14
pakakcery	փակագծերը	14
pakas	պակաս	47
pakas	պակասը	47
pakase	պակասը	47
pakasel	պակասել	14
pakasi	պակասի	14
pakasic	պակասից	29
pakasu	պակասը	47
pakasum	պակասում	162
pakasy	պակասը	47
pakatrutyan	պակադրության	34
pakeci	փակեցի	29
pakecin	փակեցին	14
pakel	փակել	14
pakelov	փակելով	29
pakelu	փակելու	34
pakenk	փակենք	23
paket	բագետ	14
paki	բաքի	44
paki	բակի	23
pakic	բակից	14
paku	բաքու	14
pakum	բակում	170
pakum	փակում	47
pakuqu	փակուղու	14
pakvac	փակված	29
pakvec	փակվեց	14
pakvel	փակվել	44
pakvi	բաքվի	38
pakvum	բաքվում	14
pakvum	փակվում	14
pala	բալա	14
palans	բալանս	14
palans	բալանսը	14
palansavorumn	բալանսավորումն	29
palanse	բալանսը	14
palansi	բալանսի	14
palansn	բալանսն	14
palansu	բալանսը	14
palansy	բալանսը	14
palat	պալատ	14
palat	պալատը	14
palate	պալատը	14
palatu	պալատը	14
palaty	պալատը	14
palermo	պալերմո	14
pales	բալես	160
palet	բալետ	47
palik	բալիկ	14
paliki	բալիկի	14
palikneri	բալիկների	14
palzamik	բալզամիկ	23
pampuwt	փամփուշտ	29
pan	բան	212
pan	բանը	85
panacevn	բանաձեւն	14
panak	բանակ	14
panak	բանակը	14
panakanutyunner	բանականությունները	14
panakanutyunnere	բանականությունները	14
panakanutyunneru	բանականությունները	14
panakanutyunnery	բանականությունները	14
panakayin	բանակային	14
panake	բանակը	14
panakic	բանակից	14
panaku	բանակը	14
panakum	բանակում	14
panaky	բանակը	14
panali	բանալի	14
panalin	բանալին	14
panalinerov	բանալիներով	14
panasteqc	բանաստեղծ	14
panasteqcutyun	բանաստեղծություն	14
panasteqcutyun	բանաստեղծությունը	14
panasteqcutyune	բանաստեղծությունը	14
panasteqcutyunner	բանաստեղծություններ	14
panasteqcutyunnern	բանաստեղծություններն	14
panasteqcutyunu	բանաստեղծությունը	14
panasteqcutyuny	բանաստեղծությունը	14
panavej	բանավեճ	14
panavor	բանավոր	14
pancali	պանծալի	23
pane	բանը	85
panelneri	պանելների	38
paner	բաներ	194
paner	բաները	49
panere	բաները	49
paneri	բաների	168
paneric	բաներից	14
panerin	բաներին	14
panern	բաներն	23
panerov	բաներով	23
paneru	բաները	49
panerum	բաներում	14
panery	բաները	49
pani	բանի	168
panic	բանից	23
panir	պանիր	59
panir	պանիրը	14
panire	պանիրը	14
panirn	պանիրն	14
paniru	պանիրը	14
paniry	պանիրը	14
panjar	բանջարը	14
panjare	բանջարը	14
panjareqen	բանջարեղեն	174
panjareqen	բանջարեղենը	14
panjareqene	բանջարեղենը	14
panjareqeni	բանջարեղենի	162
panjareqenn	բանջարեղենն	44
panjareqenner	բանջարեղենները	29
panjareqenner	բանջարեղեններ	23
panjareqennere	բանջարեղենները	29
panjareqenneru	բանջարեղենները	29
panjareqennery	բանջարեղենները	29
panjareqenov	բանջարեղենով	162
panjareqenu	բանջարեղենը	14
panjareqeny	բանջարեղենը	14
panjaru	բանջարը	14
panjary	բանջարը	14
pankayin	բանկային	23
pankum	բանկում	14
pann	բանն	82
panov	բանով	162
panrov	պանրով	14
pantarjukn	բանդարչուկն	14
pantarkyal	բանտարկյալ	14
pantemyayi	պանդեմիայի	14
pantemyayic	պանդեմիայից	23
pantum	բանտում	14
panu	բանը	85
panvoric	բանվորից	14
pany	բանը	85
pap	պապ	184
pap	պապը	42
papa	պապա	176
papakan	պապական	14
papan	պապան	72
papaner	պապաները	23
papanere	պապաները	23
papaneru	պապաները	23
papanery	պապաները	23
papas	պապաս	59
papasum	պապասում	14
papatel	պապատել	14
papaxum	բաբախում	14
papayi	պապայի	78
papayic	պապայից	23
papayin	պապային	42
papayis	պապայիս	49
papazyani	պապազյանի	14
pape	պապը	42
paper	պապերը	14
papere	պապերը	14
paperic	պապերից	14
paperu	պապերը	14
papery	պապերը	14
papi	պապի	44
papik	պապիկը	23
papike	պապիկը	23
papiki	պապիկի	44
papikic	պապիկից	14
papikneri	պապիկների	14
papikneric	պապիկներից	23
papiku	պապիկը	23
papiky	պապիկը	23
papin	պապին	14
papis	պապիս	23
papjka	պապչկա	14
papkum	փափկում	14
papu	պապը	42
papuk	փափուկ	34
papy	պապը	42
paqatratoms	բաղադրատոմս	172
paqatratoms	բաղադրատոմսը	166
paqatratomse	բաղադրատոմսը	166
paqatratomser	բաղադրատոմսեր	168
paqatratomser	բաղադրատոմսերը	14
paqatratomsere	բաղադրատոմսերը	14
paqatratomseru	բաղադրատոմսերը	14
paqatratomsery	բաղադրատոմսերը	14
paqatratomsi	բաղադրատոմսի	29
paqatratomsov	բաղադրատոմսով	29
paqatratomsu	բաղադրատոմսը	166
paqatratomsy	բաղադրատոմսը	166
paqatrijner	բաղադրիչներ	29
paqatrijnern	բաղադրիչներն	14
paqkacac	բաղկացած	14
paqramyani	բաղրամյանի	14
par	բառը	66
par	բառ	44
par	պար	14
par	պարը	14
paracnel	պարացնելը	29
paracnele	պարացնելը	29
paracnelov	պարացնելով	29
paracnelu	պարացնելը	29
paracnely	պարացնելը	29
paracnum	պարացնում	38
paraheq	փառահեղ	14
parahraparakum	պարահրապարակում	34
parajanovi	փարաջանովի	14
parak	բարակ	44
parakaner	պարագաները	42
parakanere	պարագաները	42
parakanerov	պարագաներով	42
parakaneru	պարագաները	42
parakanery	պարագաները	42
parakayin	պարագային	53
parakayum	պարագայում	83
paraktum	պառակտում	23
paranocayin	պարանոցային	14
paranoci	պարանոցի	49
parapel	պարապել	14
parapum	պարապում	14
paraton	փառատոն	14
parawutic	պարաշուտից	14
paraxump	պարախումբը	42
paraxumpe	պարախումբը	42
paraxumpu	պարախումբը	42
paraxumpy	պարախումբը	42
parayin	պարային	44
parcenum	պարծենում	14
parci	բարձի	14
parcin	բարձին	14
parcr	բարձր	178
parcraca	բարձրացա	14
parcracav	բարձրացավ	29
parcracayn	բարձրաձայն	14
parcracaynel	բարձրաձայնել	14
parcracaynum	բարձրաձայնում	23
parcracel	բարձրացել	29
parcracnel	բարձրացնելը	42
parcracnel	բարձրացնել	29
parcracnele	բարձրացնելը	42
parcracnelu	բարձրացնելը	42
parcracnely	բարձրացնելը	42
parcracnum	բարձրացնում	29
parcracrel	բարձրացրել	38
parcrajawak	բարձրաճաշակ	29
parcrakark	բարձրակարգ	55
parcrakuyn	բարձրագույն	42
parcranal	բարձրանալ	23
parcranalu	բարձրանալու	29
parcranum	բարձրանում	166
parcrawxarhi	բարձրաշխարհի	23
parcraxos	բարձրախոսը	29
parcraxose	բարձրախոսը	29
parcraxosu	բարձրախոսը	29
parcraxosy	բարձրախոսը	29
parcrorak	բարձրորակ	14
parcrutyan	բարձրության	34
pare	բառը	66
pare	պարը	14
parekam	բարեկամ	14
parekami	բարեկամի	14
parekamneri	բարեկամների	14
parekamneric	բարեկամներից	29
parel	պարել	23
parelavelu	բարելավելու	23
parelavman	բարելավման	14
parelavum	բարելավում	34
paremaqtankner	բարեմաղթանքները	14
paremaqtanknere	բարեմաղթանքները	14
paremaqtankneru	բարեմաղթանքները	14
paremaqtanknery	բարեմաղթանքները	14
parepaxtapar	բարեբախտաբար	14
parer	պարեր	69
parer	բառեր	29
parer	բառերը	14
parere	բառերը	14
pareri	բառերի	23
pareri	պարերի	14
parern	բառերն	14
parerov	բառերով	14
pareru	բառերը	14
parery	բառերը	14
parev	բարեւ	212
parevum	բարեւում	42
pari	բարի	190
pari	պարի	57
pari	բառի	34
paric	բառից	38
parin	բարին	42
paris	բառիս	49
parizum	փարիզում	23
park	փառք	168
parkac	պառկած	29
parkacel	բարկացել	14
parkanum	բարկանում	14
parkel	պառկել	14
parkev	պարգեւ	14
parkevelu	պարգեւելու	14
parkevum	պարգեւում	14
parkum	պառկում	29
parmeni	բարմենի	38
parmezan	պարմեզան	34
parn	պարն	49
parn	բառն	14
paron	պարոն	180
paroqi	պարողի	14
paroqnern	պարողներն	29
parov	բարով	34
parov	բառով	14
paroyakanutyan	բարոյականության	14
parp	բարբ	38
parparum	բարբարում	29
parpasnern	բարբասներն	29
parperapar	պարբերաբար	47
parpwopum	բարբշոփում	34
parsavanki	պարսավանքի	23
parseqyann	բարսեղյանն	14
parsetka	բարսետկա	23
parsetkayis	բարսետկայիս	23
part	բարդ	184
partacel	բարդացել	23
partakan	պարտական	14
partakanutyun	պարտականությունը	23
partakanutyune	պարտականությունը	23
partakanutyunn	պարտականությունն	14
partakanutyunneri	պարտականությունների	14
partakanutyunu	պարտականությունը	23
partakanutyuny	պարտականությունը	23
partanum	բարդանում	14
partatir	պարտադիր	174
partatrel	պարտադրել	14
partatrum	պարտադրում	29
partavor	պարտավոր	64
partavorecnum	պարտավորեցնում	14
partavorutyunn	պարտավորությունն	14
partineri	փարթիների	14
partk	պարտքը	23
partk	պարտք	14
partke	պարտքը	23
partkeri	պարտքերի	42
partkn	պարտքն	23
partku	պարտքը	23
partky	պարտքը	23
partutyamp	բարդությամբ	14
partutyan	պարտության	44
partutyunic	պարտությունից	14
partutyunner	բարդություններ	14
partutyunneri	բարդությունների	38
partutyunnern	բարդություններն	14
partuyt	բարդույթ	14
partvel	պարտվել	14
paru	բառը	66
paru	պարը	14
parum	պարում	29
parunakum	պարունակում	34
pary	բառը	66
pary	պարը	14
parz	պարզ	184
parzapanel	պարզաբանել	14
parzapanumner	պարզաբանումներ	23
parzapes	պարզապես	198
parzel	պարզել	51
parzelu	պարզելու	47
parzenk	պարզենք	42
parzn	պարզն	14
parzum	պարզում	38
parzutyan	պարզության	14
parzvec	պարզվեց	38
parzvi	պարզվի	14
parzvum	պարզվում	55
pasiv	պասիվ	23
pasketpol	բասկետբոլ	14
past	փաստ	71
past	փաստը	62
pasta	պաստա	38
pastapan	փաստաբան	23
pastapanakan	փաստաբանական	14
pastatuqt	փաստաթուղթ	14
pastayi	պաստայի	14
paste	փաստը	62
pastel	փաստել	14
pastenk	փաստենք	14
paster	փաստեր	42
paster	փաստերը	14
pastere	փաստերը	14
pasteri	փաստերի	14
pasterov	փաստերով	29
pasteru	փաստերը	14
pastery	փաստերը	14
pasti	փաստի	38
pastic	փաստից	42
pastin	փաստին	14
pastion	բաստիոն	14
pastn	փաստն	14
pastoren	փաստորեն	57
pastov	փաստով	23
pastu	փաստը	62
pastum	փաստում	29
pasturmayov	բաստուրմայով	29
pasty	փաստը	62
pasuc	պասուց	14
patac	պատած	38
patahakan	պատահական	44
patahakanutyunner	պատահականություններ	23
patahakanutyunner	պատահականությունները	14
patahakanutyunnere	պատահականությունները	14
patahakanutyunneru	պատահականությունները	14
patahakanutyunnery	պատահականությունները	14
patahapar	պատահաբար	14
pataharnerum	պատահարներում	23
patahec	պատահեց	38
patahel	պատահել	176
patahelu	պատահելու	14
patahi	պատահի	38
patahum	պատահում	42
patanekutyan	պատանեկության	23
patani	պատանի	14
pataraki	պատարագի	14
patarakneri	պատարագների	14
patasxan	պատասխան	53
patasxan	պատասխանը	34
patasxanatu	պատասխանատու	168
patasxanatun	պատասխանատուն	23
patasxanatvutyamp	պատասխանատվությամբ	14
patasxanatvutyan	պատասխանատվության	23
patasxanatvutyun	պատասխանատվություն	49
patasxanatvutyun	պատասխանատվությունը	34
patasxanatvutyune	պատասխանատվությունը	34
patasxanatvutyunic	պատասխանատվությունից	23
patasxanatvutyunn	պատասխանատվությունն	23
patasxanatvutyunu	պատասխանատվությունը	34
patasxanatvutyuny	պատասխանատվությունը	34
patasxane	պատասխանը	34
patasxanel	պատասխանել	44
patasxanelu	պատասխանելու	51
patasxanem	պատասխանեմ	14
patasxani	պատասխանի	29
patasxann	պատասխանն	14
patasxanner	պատասխաններ	49
patasxanner	պատասխանները	44
patasxannere	պատասխանները	44
patasxanneru	պատասխանները	44
patasxannery	պատասխանները	44
patasxanu	պատասխանը	34
patasxanum	պատասխանում	34
patasxany	պատասխանը	34
patatum	փաթաթում	14
patein	պատեին	23
patel	պատել	14
paten	պատեն	14
pater	պատեր	23
paterazm	պատերազմ	42
paterazm	պատերազմը	29
paterazme	պատերազմը	29
paterazmi	պատերազմի	29
paterazmic	պատերազմից	23
paterazmin	պատերազմին	29
paterazmu	պատերազմը	29
paterazmum	պատերազմում	29
paterazmy	պատերազմը	29
pateri	պատերի	47
patet	փաթեթ	53
patetavorman	փաթեթավորման	49
pateti	փաթեթի	47
patetn	փաթեթն	42
pati	պատի	14
patic	պատից	49
patierjki	պադիերժկի	14
patilner	փաթիլներ	14
patilner	փաթիլները	14
patilnere	փաթիլները	14
patilneru	փաթիլները	14
patilnery	փաթիլները	14
patiner	փաթիները	23
patinere	փաթիները	23
patineru	փաթիները	23
patinery	փաթիները	23
pationeri	փադիոների	42
patioyi	փադիոյի	44
pativ	պատիվ	44
patjar	պատճառը	164
patjar	պատճառ	47
patjarahetevankn	պատճառահետեւանքն	23
patjare	պատճառը	164
patjarek	պատճառեք	14
patjarelov	պատճառելով	14
patjarelu	պատճառելու	14
patjari	պատճառի	14
patjarn	պատճառն	14
patjarner	պատճառներ	14
patjarneri	պատճառների	14
patjarneric	պատճառներից	29
patjarnerov	պատճառներով	49
patjarov	պատճառով	176
patjaru	պատճառը	164
patjarum	պատճառում	29
patjary	պատճառը	164
patjum	պատժում	14
patjvel	պատժվել	23
patkam	պատգամ	14
patkamavor	պատգամավոր	23
patkanoq	պատկանող	14
patker	պատկերը	23
patker	պատկեր	14
patkeracman	պատկերացման	14
patkeracnel	պատկերացնել	47
patkeracnes	պատկերացնես	34
patkeracni	պատկերացնի	49
patkeracnum	պատկերացնում	178
patkeracreci	պատկերացրեցի	14
patkeracrek	պատկերացրեք	42
patkeracrel	պատկերացրել	42
patkeracru	պատկերացրու	14
patkeracumn	պատկերացումն	14
patkeracumner	պատկերացումները	23
patkeracumner	պատկերացումներ	14
patkeracumnere	պատկերացումները	23
patkeracumneri	պատկերացումների	14
patkeracumneru	պատկերացումները	23
patkeracumnery	պատկերացումները	23
patkerasrah	պատկերասրահ	34
patkere	պատկերը	23
patkern	պատկերն	14
patkeru	պատկերը	23
patkervac	պատկերված	14
patkery	պատկերը	23
patmakan	պատմական	166
patmec	պատմեց	23
patmecin	պատմեցին	14
patmek	պատմեք	47
patmel	պատմել	166
patmelu	պատմելու	51
patmem	պատմեմ	23
patmenk	պատմենք	42
patmes	պատմես	29
patmi	պատմի	14
patmir	պատմիր	162
patmum	պատմում	166
patmutyamp	պատմությամբ	14
patmutyan	պատմության	57
patmutyan	պատմությանը	14
patmutyane	պատմությանը	14
patmutyanu	պատմությանը	14
patmutyany	պատմությանը	14
patmutyun	պատմություն	174
patmutyun	պատմությունը	172
patmutyune	պատմությունը	172
patmutyunic	պատմությունից	14
patmutyunn	պատմությունն	29
patmutyunner	պատմություններ	160
patmutyunner	պատմությունները	14
patmutyunnere	պատմությունները	14
patmutyunneri	պատմությունների	14
patmutyunneric	պատմություններից	23
patmutyunnern	պատմություններն	14
patmutyunneru	պատմությունները	14
patmutyunnery	պատմությունները	14
patmutyunu	պատմությունը	172
patmutyuny	պատմությունը	172
patnew	պատնեշը	14
patnewe	պատնեշը	14
patnewu	պատնեշը	14
patnewy	պատնեշը	14
patos	պաթոսը	23
patose	պաթոսը	23
patosu	պաթոսը	23
patosy	պաթոսը	23
patrast	պատրաստ	180
patrastac	պատրաստած	168
patrastakam	պատրաստակամ	14
patrastecink	պատրաստեցինք	14
patrastel	պատրաստել	186
patrastelu	պատրաստելու	166
patrasteluc	պատրաստելուց	14
patrastem	պատրաստեմ	162
patrastenk	պատրաստենք	23
patrasti	պատրաստի	58
patrastman	պատրաստման	38
patrastum	պատրաստում	184
patrastvac	պատրաստված	170
patrastvel	պատրաստվել	14
patrastvoq	պատրաստվող	14
patrastvum	պատրաստվում	182
patroq	պատրող	14
patrvakov	պատրվակով	14
patryarki	պատրիարքի	14
patuhani	պատուհանի	38
patuhanic	պատուհանից	160
patuhanov	պատուհանով	14
patvac	պատված	14
patver	պատվեր	29
patver	պատվերը	29
patvere	պատվերը	29
patverner	պատվերներ	47
patverner	պատվերները	29
patvernere	պատվերները	29
patvernern	պատվերներն	29
patverneru	պատվերները	29
patvernery	պատվերները	29
patverov	պատվերով	23
patveru	պատվերը	29
patvery	պատվերը	29
patvirek	պատվիրեք	42
patvirel	պատվիրել	57
patvirelov	պատվիրելով	14
patvirelu	պատվիրելու	38
patvirum	պատվիրում	34
patvov	պատվով	14
patwaj	պատշաճ	23
patyankamic	պատիանգամից	29
pauza	պաուզա	14
pavakan	բավական	164
pavakanacni	բավականացնի	14
pavakanajap	բավականաչափ	162
pavakanin	բավականին	182
pavarar	բավարար	166
pavararelu	բավարարելու	38
pavararum	բավարարում	14
pavararvac	բավարարված	29
pavararvum	բավարարվում	14
pawar	պաշար	29
pawinyani	բաշինյանի	14
pawk	բաշկ	29
pawton	պաշտոն	14
pawton	պաշտոնը	14
pawtonakan	պաշտոնական	51
pawtone	պաշտոնը	14
pawtonic	պաշտոնից	14
pawtonner	պաշտոնները	23
pawtonnere	պաշտոնները	23
pawtonneric	պաշտոններից	14
pawtonneru	պաշտոնները	23
pawtonnery	պաշտոնները	23
pawtonu	պաշտոնը	14
pawtony	պաշտոնը	14
pawtonyaneric	պաշտոնյաներից	14
pawtpanel	պաշտպանել	29
pawtpanelov	պաշտպանելով	29
pawtpanelu	պաշտպանելու	38
pawtpanen	պաշտպանեն	44
pawtpanenk	պաշտպանենք	29
pawtpanij	պաշտպանիչ	49
pawtpanum	պաշտպանում	29
pawtpanutyan	պաշտպանության	14
pawtpanutyun	պաշտպանություն	14
pawtpanvac	պաշտպանված	42
pawtpanvi	պաշտպանվի	23
pawtpanvum	պաշտպանվում	23
pawtum	պաշտում	29
paxac	փախած	14
paxel	փախել	23
paxjelu	փախչելու	14
paxlavaner	փախլավաները	14
paxlavanere	փախլավաները	14
paxlavaneru	փախլավաները	14
paxlavanery	փախլավաները	14
paxnelov	փախնելով	14
paxnum	փախնում	23
paxstakan	փախստական	14
paxt	բախտը	34
paxt	բախտ	23
paxtavor	բախտավոր	14
paxte	բախտը	34
paxtn	բախտն	14
paxts	բախտս	29
paxtu	բախտը	34
paxty	բախտը	34
paxum	բախում	23
paxum	բախումը	14
paxume	բախումը	14
paxumner	բախումներ	44
paxumner	բախումները	14
paxumnere	բախումները	14
paxumneru	բախումները	14
paxumnery	բախումները	14
paxumu	բախումը	14
paxumy	բախումը	14
paxust	փախուստ	14
paxvec	բախվեց	14
paxvel	բախվել	14
paxvum	բախվում	29
pay	բայ	14
payazetic	բայազետից	14
payc	բայց	224
paycar	պայծառ	160
paycarates	պայծառատես	23
payi	բայի	14
paykar	պայքար	23
paykar	պայքարը	23
paykare	պայքարը	23
paykareci	պայքարեցի	23
paykarel	պայքարել	23
paykarelu	պայքարելու	23
paykari	պայքարի	23
paykarn	պայքարն	14
paykarneri	պայքարների	14
paykaru	պայքարը	23
paykarum	պայքարում	42
paykary	պայքարը	23
payl	փայլը	34
payl	փայլ	14
payle	փայլը	34
paylov	փայլով	38
paylu	փայլը	34
paylum	փայլում	14
paylun	փայլուն	49
payly	փայլը	34
payman	պայման	23
paymanakanutyun	պայմանականություն	14
paymanakir	պայմանագիր	23
paymanavorvac	պայմանավորված	23
paymanavorvel	պայմանավորվել	29
paymanavorvum	պայմանավորվում	14
paymanner	պայմաններ	29
paymanner	պայմանները	29
paymannere	պայմանները	29
paymanneri	պայմանների	14
paymanneru	պայմանները	29
paymannerum	պայմաններում	44
paymannery	պայմանները	29
paymanov	պայմանով	14
payt	բայդ	23
paytec	պայթեց	29
paytecnum	պայթեցնում	29
paytelu	պայթելու	14
paytyun	պայթյունը	23
paytyune	պայթյունը	23
paytyunu	պայթյունը	23
paytyuny	պայթյունը	23
pazataputyan	բազաթափության	23
pazayi	բազայի	23
pazmahazar	բազմահազար	38
pazmaki	բազմակի	38
pazmapatkum	բազմապատկում	14
pazmativ	բազմաթիվ	166
pazmawert	բազմաշերտ	14
pazmazan	բազմազան	14
pazmazanutyan	բազմազանության	14
pazmics	բազմիցս	51
pazuk	բազուկը	23
pazuk	բազուկ	14
pazuke	բազուկը	23
pazukov	բազուկով	14
pazuku	բազուկը	23
pazuky	բազուկը	23
pcaxntir	բծախնդիր	14
pejeniner	պեչենիները	23
pejeninere	պեչենիները	23
pejenineru	պեչենիները	23
pejeninery	պեչենիները	23
peki	բեքի	29
pekner	փեքներ	14
pekon	բեկոնը	14
pekone	բեկոնը	14
pekonu	բեկոնը	14
pekony	բեկոնը	14
pekumnayin	բեկումնային	14
pem	բեմ	64
pem	բեմը	23
pemakan	բեմական	14
pematrum	բեմադրում	14
pematrutyun	բեմադրություն	14
pematrvac	բեմադրված	14
peme	բեմը	23
pemi	բեմի	42
pemic	բեմից	14
pemu	բեմը	23
pemum	բեմում	67
pemy	բեմը	23
pena	բենա	34
pent	բենդը	53
pent	բենդ	23
pente	բենդը	53
pentu	բենդը	53
pentum	բենդում	14
penty	բենդը	53
peqel	պեղել	14
pequmneri	պեղումների	14
per	բեր	47
per	բեռ	23
peran	բերանը	63
perane	բերանը	63
perani	բերանի	14
peranu	բերանը	63
perany	բերանը	63
perec	բերեց	58
perecik	բերեցիք	29
perecin	բերեցին	29
perecink	բերեցինք	23
perecir	բերեցիր	23
perek	բերեք	49
perel	բերել	172
perel	բերելը	23
perele	բերելը	23
perelis	բերելիս	14
pereln	բերելն	23
perelov	բերելով	14
perelu	բերելու	59
perelu	բերելը	23
perely	բերելը	23
perem	բերեմ	38
peren	բերեն	23
perenk	բերենք	14
perfekcionist	պերֆեկցիոնիստ	14
peri	բերի	14
perkahavakic	բերքահավաքից	14
perman	բերման	29
pern	բեռն	14
pernatoyi	բերնադոյի	34
pertum	բերդում	29
perum	բերում	170
perumov	բերումով	34
pervel	բերվել	44
pervum	բերվում	29
pes	պես	180
pet	պետ	23
petakan	պետական	58
petakanutyan	պետականության	14
peterpurk	պետերբուրգ	14
peterpurkic	պետերբուրգից	14
peterpurkum	պետերբուրգում	14
petk	պետք	220
petn	պետն	44
petrvari	փետրվարի	34
petutyan	պետության	23
petutyun	պետություն	14
petutyunic	պետությունից	14
peverneri	բեւեռների	14
pewerin	փեշերին	14
peykriov	բեյքրիով	34
pezener	բեզեներ	29
pica	բիձա	29
piccaner	պիցցաները	29
piccanere	պիցցաները	29
piccaneri	պիցցաների	14
piccaneru	պիցցաները	29
piccanery	պիցցաները	29
pifay	բիֆայ	14
pijakn	պիջակն	14
pijon	պիժոն	23
pijum	բիչում	42
piki	պիկի	23
pikmentacya	պիգմենտացիա	29
pikmentacyan	պիգմենտացիան	14
pikmentacyayi	պիգմենտացիայի	29
pikmentayin	պիգմենտային	23
piler	բիլերը	38
pilere	բիլերը	38
pileru	բիլերը	38
pilery	բիլերը	38
pilink	պիլինգ	38
pilinkner	պիլինգները	29
pilinknere	պիլինգները	29
pilinkneru	պիլինգները	29
pilinknery	պիլինգները	29
pint	պինդ	23
pipari	բիբարի	14
piplyakan	բիբլիական	14
piriot	պիրիոդ	14
pirutum	պիրուդում	14
pis	փիս	44
pitaki	պիտակի	14
piti	պիտի	186
pitic	փիթից	29
pityar	բիդիար	14
piznes	բիզնեսը	166
piznes	բիզնես	162
piznese	բիզնեսը	166
piznesi	բիզնեսի	164
piznesner	բիզնեսները	23
piznesner	բիզնեսներ	14
piznesnere	բիզնեսները	23
piznesneri	բիզնեսների	34
piznesneru	բիզնեսները	23
piznesnery	բիզնեսները	23
piznesu	բիզնեսը	166
piznesum	բիզնեսում	162
piznesy	բիզնեսը	166
pizon	բիզոն	14
pjacacneri	փչացածների	14
pjacel	փչացել	42
pjacnel	փչացնել	34
pjacnum	փչացնում	14
pjacrec	փչացրեց	14
pjacrel	փչացրել	14
pjanum	փչանում	14
pjijn	բջիջն	38
pjijner	բջիջները	14
pjijnere	բջիջները	14
pjijneric	բջիջներից	42
pjijneru	բջիջները	14
pjijnery	բջիջները	14
pjiwk	բժիշկ	170
pjiwk	բժիշկը	166
pjiwke	բժիշկը	166
pjiwki	բժիշկի	14
pjiwkn	բժիշկն	23
pjiwkner	բժիշկները	29
pjiwkner	բժիշկներ	14
pjiwknere	բժիշկները	29
pjiwkneri	բժիշկների	34
pjiwknerin	բժիշկներին	38
pjiwknern	բժիշկներն	14
pjiwkneru	բժիշկները	29
pjiwknery	բժիշկները	29
pjiwku	բժիշկը	166
pjiwky	բժիշկը	166
pjum	փչում	14
pjwkakan	բժշկական	72
pjwki	բժշկի	170
pjwkuhi	բժշկուհի	14
pjwkuhin	բժշկուհին	51
pjwkuhu	բժշկուհու	34
pjwkutyan	բժշկության	63
pjwkutyun	բժշկությունը	14
pjwkutyune	բժշկությունը	14
pjwkutyunu	բժշկությունը	14
pjwkutyuny	բժշկությունը	14
pjwkvel	բժշկվել	23
plan	պլան	160
plan	պլանը	55
planavorac	պլանավորած	29
planavorel	պլանավորել	172
planavorum	պլանավորում	170
plane	պլանը	55
plani	պլանի	14
planner	պլաններ	186
planner	պլանները	162
plannere	պլանները	162
planneric	պլաններից	29
planneru	պլանները	162
plannerum	պլաններում	14
plannery	պլանները	162
planu	պլանը	55
planwetneri	պլանշետների	14
planwetov	պլանշետով	14
plany	պլանը	55
plastik	պլաստիկ	38
platform	պլատֆորմ	14
plav	փլավ	14
plav	փլավը	14
plave	փլավը	14
plavi	փլավի	23
plavu	փլավը	14
plavy	փլավը	14
playn	բլայն	34
plenterov	բլենդերով	14
plic	բլից	14
plok	բլոգը	42
plok	բլոկ	23
plok	բլոգ	14
plokatner	բլոկադները	29
plokatnere	բլոկադները	29
plokatneru	բլոկադները	29
plokatnery	բլոկադները	29
ploke	բլոգը	42
ploker	բլոգերը	23
ploker	բլոգեր	14
plokere	բլոգերը	23
plokeri	բլոգերի	14
plokerner	բլոգերներ	14
plokerner	բլոգերները	14
plokernere	բլոգերները	14
plokerneri	բլոգերների	23
plokernerin	բլոգերներին	14
plokerneru	բլոգերները	14
plokernery	բլոգերները	14
plokeru	բլոգերը	23
plokery	բլոգերը	23
ploki	բլոգի	14
plokink	բլոգինգը	23
plokinke	բլոգինգը	23
plokinki	բլոգինգի	14
plokinkov	բլոգինգով	14
plokinku	բլոգինգը	23
plokinky	բլոգինգը	23
ploknoti	բլոկնոտի	14
ploku	բլոգը	42
plokum	բլոգում	14
ploky	բլոգը	42
plomp	բլոմբ	23
pluqov	բլուղով	34
pluwi	փլուշի	14
pluzman	փլուզման	14
pluzumic	փլուզումից	14
pluzvec	փլուզվեց	14
pluzvum	փլուզվում	14
plvel	փլվել	14
plvoq	փլվող	38
plyus	պլյուս	14
pnakan	բնական	172
pnakanapar	բնականաբար	94
pnakanon	բնականոն	23
pnakanoren	բնականորեն	34
pnakaran	բնակարանը	34
pnakaran	բնակարան	29
pnakarane	բնակարանը	34
pnakaranner	բնակարաններ	53
pnakaranner	բնակարանները	14
pnakarannere	բնակարանները	14
pnakaranneri	բնակարանների	23
pnakaranneru	բնակարանները	14
pnakarannery	բնակարանները	14
pnakaranu	բնակարանը	34
pnakaranum	բնակարանում	14
pnakarany	բնակարանը	34
pnakavaric	բնագավառից	14
pnakavarum	բնագավառում	29
pnakavayr	բնակավայր	14
pnakavayrerum	բնակավայրերում	14
pnakeli	բնակելի	57
pnakijner	բնակիչներ	29
pnakijneri	բնակիչների	23
pnakjutyan	բնակչությանը	38
pnakjutyan	բնակչության	14
pnakjutyane	բնակչությանը	38
pnakjutyanu	բնակչությանը	38
pnakjutyany	բնակչությանը	38
pnakutyan	բնակության	44
pnakutyun	բնակություն	47
pnakvel	բնակվել	34
pnakvelis	բնակվելիս	34
pnakvelov	բնակվելով	29
pnakvoq	բնակվող	14
pnakvum	բնակվում	38
pnav	բնավ	23
pnavorutyamp	բնավորությամբ	23
pnavorutyan	բնավորության	29
pnavorutyun	բնավորությունը	29
pnavorutyun	բնավորություն	23
pnavorutyune	բնավորությունը	29
pnavorutyunn	բնավորությունն	14
pnavorutyunu	բնավորությունը	29
pnavorutyuny	բնավորությունը	29
pnjeri	փնջերի	42
pnjern	փնջերն	44
pnorow	բնորոշ	58
pnorowel	բնորոշել	34
pnorowum	բնորոշում	14
pntrel	փնտրել	44
pntrelu	փնտրելու	29
pntrtuki	փնտրտուքի	14
pntrtukov	փնտրտուքով	29
pntrum	փնտրում	182
pntuk	պնդուկը	14
pntuke	պնդուկը	14
pntuku	պնդուկը	14
pntuky	պնդուկը	14
pntum	պնդում	29
pnutakrij	բնութագրիչ	14
pnutakrum	բնութագրում	14
pnutyan	բնության	176
pnutyun	բնությունը	168
pnutyun	բնություն	14
pnutyune	բնությունը	168
pnutyunn	բնությունն	14
pnutyunu	բնությունը	168
pnutyuny	բնությունը	168
pnuyt	բնույթ	55
pnuyti	բնույթի	34
pnvelov	փնվելով	14
poet	պոետ	14
poezi	պոեզի	14
poezya	պոեզիա	44
poezyan	պոեզիան	14
pok	փոք	14
pokr	փոքր	202
pokracrel	փոքրացրել	23
pokranum	փոքրանում	14
pokri	փոքրի	14
pokrik	փոքրիկ	182
pokrik	փոքրիկը	47
pokrike	փոքրիկը	47
pokrikin	փոքրիկին	29
pokriku	փոքրիկը	47
pokriky	փոքրիկը	47
pokrn	փոքրն	14
pokruc	փոքրուց	23
pokser	բոքսեր	23
pol	փոլ	14
poli	փոլի	14
politikner	պոլիտիկներ	23
polor	բոլոր	190
polor	բոլորը	180
polore	բոլորը	180
polori	բոլորի	162
poloric	բոլորից	34
polorin	բոլորին	166
polorinn	բոլորինն	14
poloris	բոլորիս	57
polorit	բոլորիդ	47
polorn	բոլորն	166
polorov	բոլորով	14
polorovin	բոլորովին	160
polors	բոլորս	176
polort	բոլորդ	42
poloru	բոլորը	180
polory	բոլորը	180
polum	փոլում	23
pomitorov	պոմիդորով	34
pomp	բոմբ	14
ponus	բոնուսը	34
ponuse	բոնուսը	34
ponusu	բոնուսը	34
ponusy	բոնուսը	34
pop	փոփը	29
pope	փոփը	29
popik	բոբիկ	14
popkorni	պոպկորնի	14
popoxakan	փոփոխական	14
popoxel	փոփոխել	42
popoxutyamp	փոփոխությամբ	29
popoxutyan	փոփոխության	14
popoxutyun	փոփոխություն	42
popoxutyun	փոփոխությունը	23
popoxutyune	փոփոխությունը	23
popoxutyunn	փոփոխությունն	14
popoxutyunner	փոփոխություններ	164
popoxutyunner	փոփոխությունները	14
popoxutyunnere	փոփոխությունները	14
popoxutyunneri	փոփոխությունների	23
popoxutyunneru	փոփոխությունները	14
popoxutyunnery	փոփոխությունները	14
popoxutyunu	փոփոխությունը	23
popoxutyuny	փոփոխությունը	23
popoxvum	փոփոխվում	14
popu	փոփը	29
populyar	պոպուլյար	23
popy	փոփը	29
poq	փող	172
poq	փողը	160
poqe	փողը	160
poqer	փողերը	42
poqer	փողեր	14
poqere	փողերը	42
poqeru	փողերը	42
poqery	փողերը	42
poqi	փողի	23
poqoc	փողոց	49
poqoc	փողոցը	29
poqoce	փողոցը	29
poqoci	փողոցի	38
poqocn	փողոցն	14
poqocneri	փողոցների	14
poqocov	փողոցով	14
poqocu	փողոցը	29
poqocum	փողոցում	160
poqocy	փողոցը	29
poqoki	բողոքի	14
poqokum	բողոքում	47
poqosyanner	պողոսյանները	29
poqosyannere	պողոսյանները	29
poqosyanneru	պողոսյանները	29
poqosyannery	պողոսյանները	29
poqotayi	պողոտայի	47
poqotayum	պողոտայում	44
poqu	փողը	160
poqy	փողը	160
por	փորը	44
porc	փորձ	166
porc	փորձը	166
porcac	փորձած	14
porcaket	փորձագետ	14
porcaketner	փորձագետները	29
porcaketnere	փորձագետները	29
porcaketneri	փորձագետների	23
porcaketneru	փորձագետները	29
porcaketnery	փորձագետները	29
porcankneric	փորձանքներից	14
porcarkum	փորձարկում	14
porcarkumner	փորձարկումներ	14
porcaru	փորձառու	55
porcarutyan	փորձառության	14
porcarutyun	փորձառությունը	34
porcarutyun	փորձառություն	29
porcarutyune	փորձառությունը	34
porcarutyunic	փորձառությունից	23
porcarutyunu	փորձառությունը	34
porcarutyuny	փորձառությունը	34
porce	փորձը	166
porcec	փորձեց	14
porceci	փորձեցի	162
porcecink	փորձեցինք	23
porcek	փորձեք	51
porcel	փորձել	188
porcelov	փորձելով	14
porcelu	փորձելու	51
porceluc	փորձելուց	44
porcem	փորձեմ	168
porcen	փորձեն	23
porcenk	փորձենք	62
porcer	փորձեր	38
porcer	փորձերը	14
porcere	փորձերը	14
porceri	փորձերի	14
porceru	փորձերը	14
porcery	փորձերը	14
porces	փորձես	160
porci	փորձի	34
porcic	փորձից	34
porcir	փորձիր	178
porcn	փորձն	49
porcnakan	փորձնական	34
porcov	փորձով	14
porcu	փորձը	166
porcum	փորձում	194
porcutyun	փորձություն	14
porcy	փորձը	166
porcyaneri	պորցիաների	14
pore	փորը	44
pori	փորի	14
porin	փորին	14
poris	բորիս	14
porpokvum	բորբոքվում	14
ports	պորտս	23
poru	փորը	44
porw	բորշ	29
porw	բորշը	14
porwe	բորշը	14
porwic	բորշից	14
porwu	բորշը	14
porwy	բորշը	14
pory	փորը	44
posi	փոսի	38
posikner	փոսիկներ	42
post	պոստը	23
postake	պոստակե	14
postakne	պոստակնե	42
poste	պոստը	23
poster	փոստեր	14
poster	փոստերը	14
postere	փոստերը	14
posteru	փոստերը	14
postery	փոստերը	14
poston	բոստոն	14
postonum	բոստոնում	14
postu	պոստը	23
posty	պոստը	23
potencyal	պոտենցիալը	29
potencyal	պոտենցիալ	14
potencyale	պոտենցիալը	29
potencyalu	պոտենցիալը	29
potencyaly	պոտենցիալը	29
poti	բոդի	34
potipitivi	բոդիպիտիվի	23
potorik	փոթորիկ	61
potorkic	փոթորկից	44
potorkum	փոթորկում	14
potulin	բոտուլինը	34
potulinaterapyayi	բոտուլինաթերապիայի	29
potuline	բոտուլինը	34
potulinoterapya	բոտուլինոթերապիա	23
potulinoterapyan	բոտուլինոթերապիան	29
potulinoterapyayi	բոտուլինոթերապիայի	42
potulinotoksini	բոտուլինոտոքսինի	14
potulinu	բոտուլինը	34
potuliny	բոտուլինը	34
potulnoterapyan	բոտուլնոթերապիան	23
poturin	բոտուրինը	42
poturine	բոտուրինը	42
poturinu	բոտուրինը	42
poturiny	բոտուրինը	42
povantakutyan	բովանդակության	14
povantakutyun	բովանդակությունը	14
povantakutyune	բովանդակությունը	14
povantakutyunu	բովանդակությունը	14
povantakutyuny	բովանդակությունը	14
povaranum	բովարանում	23
povum	բովում	29
powi	փոշի	29
powin	փոշին	14
powmanel	փոշմանել	23
powmanum	փոշմանում	14
powov	փոշով	14
powu	փոշու	14
poxakerpij	փոխակերպիչ	29
poxakerpvum	փոխակերպվում	14
poxancel	փոխանցել	49
poxancelu	փոխանցելու	14
poxancen	փոխանցեն	14
poxancenk	փոխանցենք	29
poxancum	փոխանցում	29
poxancvel	փոխանցվել	14
poxancvum	փոխանցվում	47
poxaperakan	փոխաբերական	14
poxaren	փոխարեն	63
poxaren	փոխարենը	34
poxarene	փոխարենը	34
poxarenu	փոխարենը	34
poxareny	փոխարենը	34
poxarinel	փոխարինել	34
poxarinum	փոխարինում	38
poxatarc	փոխադարձ	29
poxatramijocum	փոխադրամիջոցում	23
poxec	փոխեց	42
poxeci	փոխեցի	23
poxel	փոխել	170
poxelu	փոխելու	29
poxem	փոխեմ	38
poxen	փոխեն	42
poxenk	փոխենք	14
poxharaperutyunner	փոխհարաբերություններ	23
poxharaperutyunneri	փոխհարաբերությունների	14
poxi	փոխի	29
poxkapakcvac	փոխկապակցված	29
poxpatvastman	փոխպատվաստման	14
poxpatvastum	փոխպատվաստում	34
poxpatvastum	փոխպատվաստումը	23
poxpatvastume	փոխպատվաստումը	23
poxpatvastumu	փոխպատվաստումը	23
poxpatvastumy	փոխպատվաստումը	23
poxum	փոխում	59
poxv	փոխվ	29
poxvac	փոխված	14
poxvec	փոխվեց	49
poxvecink	փոխվեցինք	23
poxvel	փոխվել	172
poxvelu	փոխվելու	14
poxvi	փոխվի	34
poxvum	փոխվում	172
poy	բոյը	44
poy	բոյ	23
poye	բոյը	44
poyov	բոյով	14
poyu	բոյը	44
poyy	բոյը	44
pozitiv	պոզիտիվ	38
pozitivi	պոզիտիվի	14
pqceluc	պղծելուց	14
pqpeq	պղպեղ	170
pqpeq	պղպեղը	23
pqpeqe	պղպեղը	23
pqpeqov	պղպեղով	23
pqpequ	պղպեղը	23
pqpeqy	պղպեղը	23
pr	պր	168
praktik	պրակտիկ	23
praktikayum	պրակտիկայում	23
praktolokyayi	պրակտոլոգիայի	23
prant	բրանդ	14
pranti	բրանդի	23
prat	պռատ	23
prat	բռատ	14
prat	բրատ	14
prat	բրատը	14
prate	բրատը	14
pratu	բրատը	14
praty	բրատը	14
prava	բրավա	38
pravi	բրավի	23
pravo	բրավո	14
prazilya	բրազիլիա	23
prektneri	բրեկտների	34
premier	պրեմիերը	14
premiera	պրեմիերա	14
premieran	պրեմիերան	14
premiere	պրեմիերը	14
premieru	պրեմիերը	14
premiery	պրեմիերը	14
premium	պրեմիում	14
prent	բրենդ	47
prent	բրենդը	47
prentayin	բրենդային	29
prente	բրենդը	47
prenter	բրենդերը	34
prentere	բրենդերը	34
prenteri	բրենդերի	38
prenteric	բրենդերից	29
prenteru	բրենդերը	34
prentery	բրենդերը	34
prenti	բրենդի	44
prentic	բրենդից	38
prentneri	բրենդների	47
prentneric	բրենդներից	38
prentu	բրենդը	47
prentum	բրենդում	38
prenty	բրենդը	47
presoterapyan	պրեսոթերապիան	23
prezentacya	պրեզենտացիա	38
pri	բռի	14
pri	փռի	14
prijum	բրիջում	38
principneric	պրինցիպներից	38
priponeric	պրիբոներից	14
prkek	փրկեք	14
prkel	փրկել	34
prkenk	փրկենք	14
prkoqak	փրկողակ	14
prkum	փրկում	14
prnac	բռնած	44
prnarar	բռնարար	34
prnec	բռնեց	14
prneci	բռնեցի	14
prnel	բռնել	160
prnes	բռնես	23
prni	բռնի	14
prnum	բռնում	14
prnutyan	բռնության	49
prnutyun	բռնություն	34
prnutyun	բռնությունը	14
prnutyune	բռնությունը	14
prnutyunn	բռնությունն	14
prnutyunu	բռնությունը	14
prnutyuny	բռնությունը	14
prnvel	բռնվել	23
pro	պրո	38
proces	պրոցես	55
proces	պրոցեսը	51
procese	պրոցեսը	51
procesi	պրոցեսի	47
procesn	պրոցեսն	14
procesner	պրոցեսներ	14
procesu	պրոցեսը	51
procesum	պրոցեսում	14
procesy	պրոցեսը	51
procetura	պրոցեդուրա	62
proceturan	պրոցեդուրան	69
proceturaner	պրոցեդուրաներ	68
proceturaner	պրոցեդուրաները	44
proceturanere	պրոցեդուրաները	44
proceturaneri	պրոցեդուրաների	66
proceturaneru	պրոցեդուրաները	44
proceturanery	պրոցեդուրաները	44
proceturayi	պրոցեդուրայի	38
proceturayic	պրոցեդուրայից	23
profesional	պրոֆեսիոնալ	58
profesionalizmi	պրոֆեսիոնալիզմի	14
profesionalner	պրոֆեսիոնալներ	14
profesionalnerin	պրոֆեսիոնալներին	34
profil	պրոֆիլ	44
profilaksis	պրոֆիլաքսիս	14
profilaktik	պրոֆիլակտիկ	29
profilneri	պրոֆիլների	29
prokram	պրոգրամ	14
promokot	պրոմոկոդը	14
promokote	պրոմոկոդը	14
promokotn	պրոմոկոդն	34
promokotu	պրոմոկոդը	14
promokoty	պրոմոկոդը	14
pronze	բրոնզե	14
propakanta	պրոպագանդա	14
proplem	պրոբլեմ	53
proplemi	պրոբլեմի	14
proplemn	պրոբլեմն	42
proplemner	պրոբլեմներ	29
prost	պրոստը	23
proste	պրոստը	23
prostu	պրոստը	23
prosty	պրոստը	23
protezner	պրոտեզներ	34
protukt	պրոդուկտ	29
protuktic	պրոդուկտից	14
protyuser	պրոդյուսեր	34
protyuser	պրոդյուսերը	14
protyuserakan	պրոդյուսերական	14
protyusere	պրոդյուսերը	14
protyuseri	պրոդյուսերի	23
protyusern	պրոդյուսերն	14
protyuserner	պրոդյուսերներ	14
protyuserneri	պրոդյուսերների	42
protyuseru	պրոդյուսերը	14
protyusery	պրոդյուսերը	14
provokacya	պրովոկացիա	14
proyekt	պրոյեկտ	14
proyekt	պրոյեկտը	14
proyekte	պրոյեկտը	14
proyektic	պրոյեկտից	14
proyektn	պրոյեկտն	14
proyektner	պրոյեկտները	23
proyektner	պրոյեկտներ	14
proyektnere	պրոյեկտները	23
proyektneru	պրոյեկտները	23
proyektnerum	պրոյեկտներում	14
proyektnery	պրոյեկտները	23
proyektu	պրոյեկտը	14
proyekty	պրոյեկտը	14
prpen	բրբեն	29
prpenkyan	բրբենկյան	14
prprun	փրփրուն	23
prpurneri	փրփուրների	14
prtecin	բրդեցին	38
prum	փռում	49
pruno	բրունո	14
psak	պսակ	23
psakatrutyan	պսակադրությանը	29
psakatrutyan	պսակադրության	14
psakatrutyane	պսակադրությանը	29
psakatrutyanu	պսակադրությանը	29
psakatrutyany	պսակադրությանը	29
ptqunc	պտղունց	14
pttvel	պտտվել	14
pttvum	պտտվում	47
ptuq	պտուղ	38
ptuq	պտուղը	23
ptuqe	պտուղը	23
ptuqu	պտուղը	23
ptuqy	պտուղը	23
puj	բուժ	58
puj	բուժը	38
pujakan	բուժական	58
pujakan	բուժականը	38
pujakane	բուժականը	38
pujakanu	բուժականը	38
pujakany	բուժականը	38
pujarui	բուժառուի	42
pujarumner	բուժառումները	38
pujarumnere	բուժառումները	38
pujarumneru	բուժառումները	38
pujarumnery	բուժառումները	38
pujarun	բուժառուն	44
pujaruner	բուժառուները	42
pujaruner	բուժառուներ	34
pujarunere	բուժառուները	42
pujaruneri	բուժառուների	29
pujarunerin	բուժառուներին	29
pujaruneru	բուժառուները	42
pujarunery	բուժառուները	42
puje	բուժը	38
pujec	բուժեց	71
pujeclumi	բուժեցլումի	23
pujel	բուժել	55
pujelu	բուժելու	23
pujik	փուչիկ	14
pujikner	փուչիկներ	29
pujman	բուժման	79
puju	բուժը	38
pujum	բուժում	65
pujum	բուժումը	58
pujume	բուժումը	58
pujumneric	բուժումներից	23
pujumu	բուժումը	58
pujumy	բուժումը	58
pujur	պուճուր	14
pujvel	բուժվել	23
pujy	բուժը	38
pul	փուլ	76
pul	փուլը	59
pule	փուլը	59
puler	փուլեր	49
puler	փուլերը	38
pulere	փուլերը	38
puleri	փուլերի	14
pulerov	փուլերով	14
puleru	փուլերը	38
pulerum	փուլերում	29
pulery	փուլերը	38
puli	փուլի	29
puli	բուլի	23
pulic	փուլից	29
pulin	փուլին	61
pulinki	բուլինգի	29
puln	փուլն	49
pulov	փուլով	29
pulpulakic	պուլպուլակից	14
pult	պուլտը	23
pulte	պուլտը	23
pultu	պուլտը	23
pulty	պուլտը	23
pulu	փուլը	59
pulum	փուլում	65
pulxorn	բուլխոռն	42
puly	փուլը	59
pum	բում	42
pumerank	բումերանգ	14
pun	բուն	58
pur	փուռը	29
pur	բուռ	23
purak	պուրակը	14
purake	պուրակը	14
puraku	պուրակը	14
puraky	պուրակը	14
pure	փուռը	29
purkerner	բուրգերները	23
purkernere	բուրգերները	23
purkerneru	բուրգերները	23
purkernery	բուրգերները	23
purn	բուռն	160
puru	փուռը	29
purum	բուրում	29
pury	փուռը	29
put	բուդը	47
pute	բուդը	47
putik	բուտիկ	34
putin	պուտինը	42
putine	պուտինը	42
putini	պուտինի	14
putinu	պուտինը	42
putiny	պուտինը	42
putu	բուդը	47
puty	բուդը	47
puxankan	բուխանկան	23
puyr	բույրը	29
puyr	բույր	23
puyre	բույրը	29
puyrer	բույրերը	14
puyrere	բույրերը	14
puyreru	բույրերը	14
puyrery	բույրերը	14
puyrn	բույրն	14
puyrov	բույրով	14
puyru	բույրը	29
puyry	բույրը	29
puys	բույս	14
pwakaqvum	փշաքաղվում	14
pwtikner	բշտիկներ	14
pwur	փշուր	23
pxrun	փխրուն	14
pxum	բխում	14
pyuje	բյուջե	42
pyujen	բյուջեն	23
pyujeov	բյուջեով	34
pyuti	բյութի	57
pzum	բզում	14
qalatar	ղալաթար	14
qarapaq	ղարաբաղը	23
qarapaqe	ղարաբաղը	23
qarapaqu	ղարաբաղը	23
qarapaqy	ղարաբաղը	23
qarsic	ղարսից	42
qazaryani	ղազարյանի	14
qekavar	ղեկավարը	38
qekavar	ղեկավար	34
qekavarac	ղեկավարած	23
qekavare	ղեկավարը	38
qekavari	ղեկավարի	14
qekavarn	ղեկավարն	29
qekavarneri	ղեկավարների	14
qekavarneric	ղեկավարներից	23
qekavarnerin	ղեկավարներին	14
qekavaru	ղեկավարը	38
qekavarum	ղեկավարում	23
qekavarum	ղեկավարումը	14
qekavarume	ղեկավարումը	14
qekavarumu	ղեկավարումը	14
qekavarumy	ղեկավարումը	14
qekavarutyamp	ղեկավարությամբ	14
qekavarutyan	ղեկավարության	14
qekavarutyun	ղեկավարությունը	34
qekavarutyune	ղեկավարությունը	34
qekavarutyunu	ղեկավարությունը	34
qekavarutyuny	ղեկավարությունը	34
qekavary	ղեկավարը	38
qeki	ղեկի	42
qekin	ղեկին	23
qevontac	ղեւոնդաց	38
qukasyann	ղուկասյանն	14
r	րը	23
racional	ռացիոնալ	14
rafo	ռաֆո	14
rafon	ռաֆոն	14
rafoyi	ռաֆոյի	38
rakursic	ռակուրսից	38
rapis	ռաբիս	23
rapiz	ռաբիզը	29
rapiz	ռաբիզ	23
rapize	ռաբիզը	29
rapizi	ռաբիզի	23
rapizu	ռաբիզը	29
rapizy	ռաբիզը	29
raskrukaner	ռասկրուկաները	38
raskrukanere	ռասկրուկաները	38
raskrukaneru	ռասկրուկաները	38
raskrukanery	ռասկրուկաները	38
rasya	ռասիա	14
ratio	ռադիո	34
ratiolok	ռադիոլոգ	42
rauntm	ռաունդմ	34
rauntn	ռաունդն	23
rauntum	ռաունդում	29
raz	ռազ	14
re	րը	23
rehan	ռեհան	14
rejenerativ	ռեժեներատիվ	29
rejim	ռեժիմ	14
rejimi	ռեժիմի	14
rejisor	ռեժիսոր	44
rejisor	ռեժիսորը	34
rejisorakan	ռեժիսորական	14
rejisore	ռեժիսորը	34
rejisori	ռեժիսորի	14
rejisorn	ռեժիսորն	23
rejisorner	ռեժիսորներ	29
rejisornerin	ռեժիսորներին	29
rejisoru	ռեժիսորը	34
rejisory	ռեժիսորը	34
relaks	ռելաքս	38
relaksi	ռելաքսի	14
remarki	ռեմարկի	23
rep	ռեպը	14
repe	ռեպը	14
repu	ռեպը	14
repy	ռեպը	14
restoran	ռեստորան	160
restoran	ռեստորանը	64
restoranayin	ռեստորանային	34
restorane	ռեստորանը	64
restorani	ռեստորանի	55
restorann	ռեստորանն	14
restoranneric	ռեստորաններից	34
restorannerin	ռեստորաններին	38
restorannerum	ռեստորաններում	44
restoranu	ռեստորանը	64
restoranum	ռեստորանում	160
restorany	ռեստորանը	64
resurs	ռեսուրս	14
rezerv	ռեզերվ	23
rezitentneri	ռեզիդենտների	23
ri	րի	23
ric	րից	14
riler	ռիլեր	14
rip	ռիբը	14
ripayi	ռիբայի	14
ripe	ռիբը	14
ripk	ռիբկ	47
ripkortayin	ռիբկորտային	23
riport	ռիպորտ	29
ripsime	ռիփսիմե	14
ripu	ռիբը	14
ripy	ռիբը	14
risk	ռիսկ	42
riskayin	ռիսկային	23
riskeri	ռիսկերի	14
riski	ռիսկի	38
ritmeri	ռիթմերի	38
ritmi	ռիթմի	14
rok	ռոք	34
romantik	ռոմանտիկ	23
rop	ռոբ	14
rop	ռոբը	14
rope	րոպե	180
rope	ռոբը	14
ropeic	րոպեից	14
ropein	րոպեին	23
ropen	րոպեն	34
ropener	րոպեներ	14
ropeneri	րոպեների	23
roperti	ռոբերտի	14
ropeum	րոպեում	14
ropot	ռոբոտ	14
ropoti	ռոբոտի	14
ropu	ռոբը	14
ropy	ռոբը	14
roteoy	ռոդեոյ	34
rozan	ռոզան	29
rozayin	ռոզային	14
rozisi	ռոզիսի	38
rozvi	ռոզվի	34
rt	րդ	49
ru	րը	23
ruftap	ռուֆթափը	29
ruftape	ռուֆթափը	29
ruftapu	ռուֆթափը	29
ruftapy	ռուֆթափը	29
rup	ռուբ	14
rupen	ռուբեն	200
rupo	ռուբո	14
rupon	ռուբոն	23
rus	ռուս	14
rusakan	ռուսական	23
rusastan	ռուսաստան	29
rusastan	ռուսաստանը	29
rusastane	ռուսաստանը	29
rusastani	ռուսաստանի	34
rusastanu	ռուսաստանը	29
rusastanum	ռուսաստանում	42
rusastany	ռուսաստանը	29
rusayi	ռուսայի	14
ruseren	ռուսերեն	38
rusio	ռուսիո	14
rusner	ռուսները	23
rusnere	ռուսները	23
rusnern	ռուսներն	14
rusneru	ռուսները	23
rusnery	ռուսները	23
rwtan	ռշտան	14
ry	րը	23
ryakcya	ռեակցիա	38
ryakcyan	ռեակցիան	23
ryakcyaner	ռեակցիաներ	14
ryakcyanern	ռեակցիաներն	14
ryal	ռեալ	47
ryaliti	ռեալիթի	14
ryalizacvum	ռեալիզացվում	14
ryapilitacion	ռեաբիլիտացիոն	34
s	ս	57
sa	սա	194
sahakawvilu	սահակաշվիլու	14
sahman	սահմանը	42
sahman	սահման	29
sahmanapahn	սահմանապահն	14
sahmanapak	սահմանափակ	51
sahmanapakel	սահմանափակել	38
sahmanapakum	սահմանափակում	14
sahmanapakvum	սահմանափակվում	14
sahmanatrakan	սահմանադրական	14
sahmanatrutyan	սահմանադրության	14
sahmane	սահմանը	42
sahmani	սահմանի	14
sahmanic	սահմանից	23
sahmann	սահմանն	14
sahmanner	սահմաններ	34
sahmanneri	սահմանների	38
sahmanneric	սահմաններից	23
sahmannerum	սահմաններում	29
sahmanu	սահմանը	42
sahmanum	սահմանում	14
sahmany	սահմանը	42
sahun	սահուն	14
sakav	սակավ	23
sakava	սակավա	14
sakayn	սակայն	170
sakievan	սագիեւան	14
salat	սալաթ	14
salmon	սալմոն	14
salonic	սալոնից	23
samvel	սամվել	34
samveli	սամվելի	14
san	սան	49
saneric	սաներից	14
sanket	սանկետ	42
sankt	սանկտ	14
santa	սանտա	23
santikoyum	սանտիգոյում	14
santimetr	սանտիմետր	14
santqak	սանդղակը	47
santqake	սանդղակը	47
santqaki	սանդղակի	14
santqakn	սանդղակն	44
santqaku	սանդղակը	47
santqaky	սանդղակը	47
saq	սաղ	53
sar	սառը	170
sara	սառա	29
sarac	սառած	23
sare	սառը	170
sarec	սառեց	14
sarel	սառել	14
sareric	սարերից	23
sari	սարի	14
sark	սարքը	76
sark	սարք	70
sarkac	սարքած	29
sarkavorman	սարքավորման	23
sarkavorum	սարքավորումը	55
sarkavorume	սարքավորումը	55
sarkavorumn	սարքավորումն	23
sarkavorumner	սարքավորումներ	23
sarkavorumnerov	սարքավորումներով	29
sarkavorumu	սարքավորումը	55
sarkavorumy	սարքավորումը	55
sarke	սարքը	76
sarkek	սարքեք	23
sarkel	սարքել	62
sarkelu	սարքելու	14
sarkenk	սարքենք	44
sarker	սարքեր	42
sarker	սարքերը	29
sarkere	սարքերը	29
sarkeri	սարքերի	47
sarkeru	սարքերը	29
sarkery	սարքերը	29
sarki	սարքի	77
sarkij	սարքիչ	44
sarkis	սարգիս	38
sarkisi	սարգիսի	14
sarkn	սարքն	38
sarkofak	սարկոֆակ	14
sarkov	սարքով	23
sarksi	սարգսի	14
sarku	սարքը	76
sarkum	սարքում	42
sarkvum	սարքվում	42
sarky	սարքը	76
sarn	սառն	23
sarsapeli	սարսափելի	162
sarsapum	սարսափում	14
sart	սարդ	23
saru	սառը	170
sarum	սառում	34
sary	սառը	170
sastik	սաստիկ	55
sasunci	սասունցի	14
satanan	սատանան	14
satanavor	սատանավոր	23
satannamuj	սատաննամուժ	23
satarum	սատարում	14
sayt	սայդ	55
sazi	սազի	38
sazum	սազում	23
scenar	սցենար	23
scenarakan	սցենարական	14
scenari	սցենարի	14
se	սե	14
seks	սեքս	44
selfmeyt	սելֆմեյդ	23
selon	սելոն	29
seminarner	սեմինարներ	23
senc	սենց	95
sensacya	սենսացիա	23
senyak	սենյակ	162
senyak	սենյակը	162
senyake	սենյակը	162
senyaki	սենյակի	14
senyakic	սենյակից	51
senyakn	սենյակն	14
senyakner	սենյակները	34
senyaknere	սենյակները	34
senyakneru	սենյակները	34
senyaknery	սենյակները	34
senyaku	սենյակը	162
senyakum	սենյակում	164
senyaky	սենյակը	162
sepakan	սեփական	174
sepakanater	սեփականատերը	29
sepakanatere	սեփականատերը	29
sepakanaterer	սեփականատերերը	29
sepakanaterere	սեփականատերերը	29
sepakanatereri	սեփականատերերի	14
sepakanatereru	սեփականատերերը	29
sepakanaterery	սեփականատերերը	29
sepakanateru	սեփականատերը	29
sepakanatery	սեփականատերը	29
sepakanawnorhel	սեփականաշնորհել	14
sepakanawnorhvac	սեփականաշնորհված	14
sepakanutyun	սեփականություն	14
sepakanutyunn	սեփականությունն	14
sepakir	սեպագիր	14
seporyan	սեբորիան	29
septemper	սեպտեմբեր	42
septemperi	սեպտեմբերի	23
septemperin	սեպտեմբերին	14
seqan	սեղան	38
seqan	սեղանը	29
seqane	սեղանը	29
seqani	սեղանի	160
seqanin	սեղանին	38
seqanneri	սեղանների	59
seqanu	սեղանը	29
seqany	սեղանը	29
seqmel	սեղմել	14
seqmum	սեղմում	14
ser	սերը	164
ser	սեր	162
ser	սեռ	14
serakan	սեռական	14
sere	սերը	164
sereri	սերերի	23
sereric	սերերից	14
seri	սեռի	42
serj	սերժ	29
serka	սերկա	14
serkey	սերգեյ	14
serm	սերմ	14
sermic	սերմից	14
sern	սերն	61
sernte	սերնդե	23
serntes	սերնդես	14
sernti	սերնդի	44
serntin	սերնդին	14
serov	սեռով	14
sertifikatner	սերտիֆիկատները	34
sertifikatnere	սերտիֆիկատները	34
sertifikatneru	սերտիֆիկատները	34
sertifikatnery	սերտիֆիկատները	34
sertifikatov	սերտիֆիկատով	29
seru	սերը	164
seruckn	սերուցքն	23
serunt	սերունդ	53
serunt	սերունդը	47
serunte	սերունդը	47
serunti	սերունդի	14
seruntn	սերունդն	14
seruntneri	սերունդների	44
seruntu	սերունդը	47
serunty	սերունդը	47
servisner	սերվիսները	23
servisnere	սերվիսները	23
servisneru	սերվիսները	23
servisnery	սերվիսները	23
sery	սերը	164
seryal	սերիալ	172
seryali	սերիալի	23
seryalner	սերիալներ	166
seryalneric	սերիալներից	29
seryalnerum	սերիալներում	23
seryalum	սերիալում	23
seta	սեդա	14
setacyayov	սեդացիայով	14
setan	սեդան	14
setayi	սեդայի	42
sev	սեւ	164
sevaca	սեւացա	29
sevani	սեւանի	14
sevanic	սեւանից	38
severun	սեւեռուն	14
sevnar	սեւնար	29
sezonayin	սեզոնային	29
sezonic	սեզոնից	14
sezonn	սեզոնն	14
sijukner	սիճուկներ	34
silmarum	սիլմարում	29
simeon	սիմեոն	23
simetrik	սիմետրիկ	14
simulyacya	սիմուլյացիա	29
simvolik	սիմվոլիկ	23
simvoln	սիմվոլն	14
sinkapur	սինգապուր	29
sintez	սինթեզ	67
sintrom	սինդրոմ	14
sir	սիր	14
sirac	սիրած	168
sirahar	սիրահար	23
siraharn	սիրահարն	14
siraharner	սիրահարներ	14
siraharner	սիրահարները	14
siraharnere	սիրահարները	14
siraharneri	սիրահարների	23
siraharnerin	սիրահարներին	47
siraharneru	սիրահարները	14
siraharnery	սիրահարները	14
siraharvac	սիրահարված	23
siraharvacutyan	սիրահարվածության	14
siraharvacutyunic	սիրահարվածությունից	14
siraharveci	սիրահարվեցի	14
siraharvecin	սիրահարվեցին	23
siraharvel	սիրահարվել	14
siraharvem	սիրահարվեմ	14
siraharves	սիրահարվես	14
siraharvum	սիրահարվում	14
siranuwi	սիրանուշի	14
siravep	սիրավեպ	29
sirayi	սիրայի	14
sireci	սիրեցի	42
sirek	սիրեք	14
sirekann	սիրեկանն	29
sirel	սիրել	162
sirel	սիրելը	14
sirele	սիրելը	14
sireli	սիրելի	166
sirelii	սիրելիի	44
sireliin	սիրելիին	34
sirelin	սիրելին	44
sirelineri	սիրելիների	29
sirelinerin	սիրելիներին	34
sireln	սիրելն	14
sirelov	սիրելով	29
sirelu	սիրելու	29
sirelu	սիրելը	14
sirely	սիրելը	14
sirem	սիրեմ	14
siren	սիրեն	23
sires	սիրես	44
siri	սիրի	29
siro	սիրո	71
siroq	սիրող	23
siroqakan	սիրողական	42
siroqn	սիրողն	34
sirov	սիրով	178
sirt	սիրտը	38
sirt	սիրտ	34
sirte	սիրտը	38
sirtn	սիրտն	14
sirts	սիրտս	49
sirtu	սիրտը	38
sirty	սիրտը	38
siruc	սիրուց	29
sirum	սիրում	204
sirun	սիրուն	87
siruwoyi	սիրուշոյի	14
sirvac	սիրված	69
sirvec	սիրվեց	14
sirvel	սիրվել	23
sisteman	սիստեման	23
situacyan	սիտուացիան	14
skanavorvac	սկանավորված	34
skaner	սկաները	29
skanere	սկաները	29
skaneru	սկաները	29
skanery	սկաները	29
skantalner	սկանդալներ	23
skantalneri	սկանդալների	14
skesur	սկեսուր	29
skesur	սկեսուրը	23
skesure	սկեսուրը	23
skesuri	սկեսուրի	14
skesurs	սկեսուրս	14
skesurt	սկեսուրդ	23
skesuru	սկեսուրը	23
skesury	սկեսուրը	23
skizp	սկիզբ	14
skizp	սկիզբը	14
skizpe	սկիզբը	14
skizpn	սկիզբն	34
skizpu	սկիզբը	14
skizpy	սկիզբը	14
skrap	սկրաբ	42
skrapin	սկրաբին	34
skrapn	սկրաբն	14
sksac	սկսած	79
sksec	սկսեց	164
skseci	սկսեցի	61
sksecik	սկսեցիք	14
sksecin	սկսեցին	34
sksecink	սկսեցինք	49
sksecir	սկսեցիր	38
sksek	սկսեք	29
sksel	սկսել	184
sksel	սկսելը	38
sksele	սկսելը	38
skselu	սկսելու	42
skselu	սկսելը	38
sksely	սկսելը	38
sksem	սկսեմ	162
sksenk	սկսենք	47
skses	սկսես	38
sksi	սկսի	23
sksnak	սկսնակ	34
sksum	սկսում	172
sksvec	սկսվեց	160
sksvecin	սկսվեցին	38
sksvel	սկսվել	62
sksvum	սկսվում	176
skzpane	սկզբանե	76
skzpi	սկզբի	14
skzpic	սկզբից	53
skzpin	սկզբին	23
skzpnakan	սկզբնական	44
skzpum	սկզբում	170
skzpunkayin	սկզբունքային	14
skzpunkner	սկզբունքները	14
skzpunknere	սկզբունքները	14
skzpunkneri	սկզբունքների	14
skzpunknerin	սկզբունքներին	34
skzpunkneru	սկզբունքները	14
skzpunknery	սկզբունքները	14
skzpunkov	սկզբունքով	14
slacik	սլացիկ	14
smokn	սմոկն	14
smpuk	սմբուկ	23
smpuk	սմբուկը	14
smpuke	սմբուկը	14
smpuku	սմբուկը	14
smpuky	սմբուկը	14
snkayin	սնկային	14
snkov	սնկով	14
snntakark	սննդակարգը	23
snntakark	սննդակարգ	14
snntakarke	սննդակարգը	23
snntakarki	սննդակարգի	38
snntakarkner	սննդակարգներ	29
snntakarku	սննդակարգը	23
snntakarky	սննդակարգը	23
snntapan	սննդաբան	38
snntayin	սննդային	29
snnti	սննդի	166
snunt	սնունդը	170
snunt	սնունդ	168
snunte	սնունդը	170
snunti	սնունդի	29
snuntn	սնունդն	14
snuntu	սնունդը	170
snunty	սնունդը	170
snvek	սնվեք	14
snvelov	սնվելով	14
snven	սնվեն	14
snvum	սնվում	23
so	սո	47
soc	սոց	14
socyalakan	սոցիալական	164
soj	սոճ	23
soji	սոչի	23
solar	սոլարը	51
solar	սոլար	44
solare	սոլարը	51
solaric	սոլարից	61
solarn	սոլարն	51
solaru	սոլարը	51
solary	սոլարը	51
solt	սոլդ	14
soltaut	սոլդաութ	47
somatolokneri	սոմատոլոգների	14
somatolokyakan	սոմատոլոգիական	14
sona	սոնա	14
sonan	սոնան	23
sonayi	սոնայի	14
sonayin	սոնային	23
sort	սորտ	29
sort	սորտը	14
sorte	սորտը	14
sorter	սորտերը	34
sorter	սորտեր	14
sortere	սորտերը	34
sorteri	սորտերի	14
sorteric	սորտերից	14
sorteru	սորտերը	34
sortery	սորտերը	34
sorti	սորթի	14
sortic	սորտից	29
sortn	սորտն	14
sortu	սորտը	14
sorty	սորտը	14
sos	սոս	29
sos	սոսը	29
sose	սոսը	29
sosi	սոսի	53
sosic	սոսից	23
sosn	սոսն	14
sosu	սոսը	29
sosy	սոսը	29
sous	սոուս	29
sousi	սոուսի	29
sousov	սոուսով	29
sovac	սոված	14
sovacanum	սովածանում	23
sovet	սովետ	23
sovet	սովետը	14
sovetakan	սովետական	29
sovete	սովետը	14
soveti	սովետի	14
sovetu	սովետը	14
sovety	սովետը	14
sovor	սովոր	58
sovoracnek	սովորացնեք	38
sovoracnum	սովորացնում	14
sovoracrel	սովորացրել	23
sovorakan	սովորական	174
sovorakani	սովորականի	164
sovorapar	սովորաբար	182
sovoreci	սովորեցի	14
sovorecir	սովորեցիր	14
sovorecnum	սովորեցնում	29
sovorecrel	սովորեցրել	34
sovorecru	սովորեցրու	14
sovorel	սովորել	180
sovorelu	սովորելու	166
sovoreluc	սովորելուց	14
sovoren	սովորեն	29
sovores	սովորես	14
sovori	սովորի	38
sovoroq	սովորող	14
sovorum	սովորում	176
sovorutyan	սովորության	23
sovorutyun	սովորություն	14
sox	սոխ	160
sox	սոխը	14
soxarac	սոխառած	14
soxe	սոխը	14
soxi	սոխի	14
soxn	սոխն	23
soxov	սոխով	14
soxu	սոխը	14
soxy	սոխը	14
soyayi	սոյայի	23
spa	սպա	64
spaentronneric	սպաենտրոններից	23
spakentronneri	սպակենտրոնների	29
spakentronneric	սպակենտրոններից	29
spanel	սպանել	29
spanelu	սպանելու	23
spanem	սպանեմ	14
spanum	սպանում	23
spanvac	սպանված	14
spaq	սպաղ	34
sparapet	սպարապետ	14
sparapeti	սպարապետի	14
sparapetin	սպարապետին	14
sparel	սպառել	14
sparij	սպառիչ	34
sparnalik	սպառնալիք	34
sparnum	սպառնում	38
sparoqneri	սպառողների	23
sparvum	սպառվում	38
spas	սպասը	14
spasarkel	սպասարկել	23
spasarkelu	սպասարկելու	14
spasarkmamp	սպասարկմամբ	38
spasarkman	սպասարկման	49
spasarkoqneric	սպասարկողներից	29
spasarkum	սպասարկումը	62
spasarkum	սպասարկում	34
spasarkume	սպասարկումը	62
spasarkumic	սպասարկումից	29
spasarkumn	սպասարկումն	44
spasarkumov	սպասարկումով	23
spasarkumu	սպասարկումը	62
spasarkumy	սպասարկումը	62
spasarkvac	սպասարկված	14
spasavornerin	սպասավորներին	14
spase	սպասը	14
spasecink	սպասեցինք	23
spasek	սպասեք	14
spasel	սպասել	164
spaseli	սպասելի	14
spaselikner	սպասելիքներ	23
spaselov	սպասելով	34
spasem	սպասեմ	14
spasi	սպասի	23
spask	սպասքը	61
spaske	սպասքը	61
spaski	սպասքի	63
spaski	սպասկի	14
spasku	սպասքը	61
spasky	սպասքը	61
spasman	սպասման	14
spasu	սպասը	14
spasum	սպասում	190
spasum	սպասումը	23
spasume	սպասումը	23
spasumu	սպասումը	23
spasumy	սպասումը	23
spasvac	սպասված	38
spasvum	սպասվում	162
spasy	սպասը	14
spayi	սպայի	14
spayum	սպայում	42
spc	սպց	23
spektr	սպեկտր	23
spektr	սպեկտրը	23
spektre	սպեկտրը	23
spektru	սպեկտրը	23
spektrum	սպեկտրում	29
spektry	սպեկտրը	23
spenc	սպենց	53
spenes	սպենես	14
spens	սպենս	42
sper	սպեր	34
speri	սպերի	23
spier	սպիերը	34
spiere	սպիերը	34
spieri	սպիերի	44
spieric	սպիերից	29
spieru	սպիերը	34
spiery	սպիերը	34
spin	սպին	44
spinern	սպիներն	34
spitak	սպիտակ	160
spitakci	սպիտակցի	14
spitaki	սպիտակի	14
spitakucner	սպիտակուցներ	14
spop	սփոփը	23
spope	սփոփը	23
spopu	սփոփը	23
spopy	սփոփը	23
sportacev	սպորտաձեւ	14
sportacevi	սպորտաձեւի	14
sportayin	սպորտային	53
sporti	սպորտի	38
sportic	սպորտից	14
sportn	սպորտն	14
sportsmenner	սպորտսմենները	23
sportsmennere	սպորտսմենները	23
sportsmenneru	սպորտսմենները	23
sportsmennery	սպորտսմենները	23
sprtnec	սպրտնեց	14
sps	սպս	44
sqacnum	սղացնում	23
sra	սրա	61
sracac	սրացած	44
srah	սրահը	72
srah	սրահ	63
srahayi	սրահայի	23
srahe	սրահը	72
srahi	սրահի	59
srahn	սրահն	42
srahner	սրահները	23
srahnere	սրահները	23
srahneric	սրահներից	38
srahnern	սրահներն	34
srahneru	սրահները	23
srahnerum	սրահներում	53
srahnery	սրահները	23
srahu	սրահը	72
srahum	սրահում	69
srahy	սրահը	72
sran	սրան	29
sranc	սրանց	14
sranic	սրանից	29
srank	սրանք	29
sranov	սրանով	42
srerov	սրերով	23
srjaran	սրճարան	162
srjaranneric	սրճարաններից	14
srjaranum	սրճարանում	14
srjaser	սրճասեր	14
srpavayr	սրբավայր	14
srpazanneri	սրբազանների	14
srpi	սրբի	29
srputyan	սրբության	14
srputyun	սրբություն	14
srskum	սրսկում	58
srskumner	սրսկումները	44
srskumnere	սրսկումները	44
srskumneri	սրսկումների	14
srskumneru	սրսկումները	44
srskumnery	սրսկումները	44
srskvel	սրսկվել	38
srsves	սրսվես	23
srtacav	սրտացավ	44
srtanc	սրտանց	34
srtanoc	սրտանոց	44
srtanotayin	սրտանոթային	29
srte	սրտե	47
srter	սրտեր	14
srti	սրտի	160
srtic	սրտից	38
srtin	սրտին	14
srtis	սրտիս	14
srtit	սրտիդ	14
srtnequm	սրտնեղում	23
srtov	սրտով	38
srtum	սրտում	49
srtxarnoc	սրտխառնոց	23
srve	սրվե	29
st	ըստ	164
staca	ստացա	162
stacac	ստացած	23
stacar	ստացար	14
stacav	ստացավ	38
stacek	ստացեք	42
stacel	ստացել	164
stacvac	ստացված	14
stacvec	ստացվեց	160
stacvel	ստացվել	59
stacvelu	ստացվելու	14
stacvi	ստացվի	160
stacvum	ստացվում	178
stamatneri	ստամատների	23
stana	ստանա	23
stanak	ստանաք	14
stanal	ստանալ	166
stanal	ստանալը	14
stanale	ստանալը	14
stanalu	ստանալու	51
stanalu	ստանալը	14
stanaluc	ստանալուց	14
stanaly	ստանալը	14
stanan	ստանան	23
stanank	ստանանք	23
stancnel	ստանձնել	14
stantart	ստանդարտ	14
stantartner	ստանդարտները	14
stantartnere	ստանդարտները	14
stantartnerov	ստանդարտներով	14
stantartneru	ստանդարտները	14
stantartnery	ստանդարտները	14
stanum	ստանում	170
stap	սթափ	29
stapil	ստաբիլ	42
star	սթար	38
staxos	ստախոս	23
stayli	ստայլի	14
stelan	ստելան	23
stelayi	ստելայի	38
stepan	ստեփանը	29
stepane	ստեփանը	29
stepanu	ստեփանը	29
stepany	ստեփանը	29
steq	ստեղ	47
steqcac	ստեղծած	53
steqcakorcakan	ստեղծագործական	172
steqcakorcel	ստեղծագործել	14
steqcakorcoq	ստեղծագործող	14
steqcakorcum	ստեղծագործում	14
steqcakorcutyan	ստեղծագործության	14
steqcakorcutyun	ստեղծագործություն	29
steqcakorcutyun	ստեղծագործությունը	14
steqcakorcutyune	ստեղծագործությունը	14
steqcakorcutyunn	ստեղծագործությունն	14
steqcakorcutyunner	ստեղծագործություններ	14
steqcakorcutyunner	ստեղծագործությունները	14
steqcakorcutyunnere	ստեղծագործությունները	14
steqcakorcutyunneri	ստեղծագործությունների	14
steqcakorcutyunneric	ստեղծագործություններից	23
steqcakorcutyunneru	ստեղծագործությունները	14
steqcakorcutyunnery	ստեղծագործությունները	14
steqcakorcutyunu	ստեղծագործությունը	14
steqcakorcutyuny	ստեղծագործությունը	14
steqcec	ստեղծեց	38
steqcek	ստեղծեք	29
steqcel	ստեղծել	178
steqcel	ստեղծելը	14
steqcele	ստեղծելը	14
steqceln	ստեղծելն	14
steqcelov	ստեղծելով	14
steqcelu	ստեղծելը	14
steqcelu	ստեղծելու	14
steqcely	ստեղծելը	14
steqcem	ստեղծեմ	42
steqces	ստեղծես	14
steqcman	ստեղծման	14
steqcum	ստեղծում	168
steqcvac	ստեղծված	38
steqcvec	ստեղծվեց	14
steqcvel	ստեղծվել	53
steqcvum	ստեղծվում	53
steqic	ստեղից	14
stic	ստից	14
stilyak	ստիլյակ	14
stimul	ստիմուլ	14
stimulyacya	ստիմուլյացիա	38
stipec	ստիպեց	14
stipecik	ստիպեցիք	14
stipecin	ստիպեցին	23
stipel	ստիպել	57
stipum	ստիպում	160
stipvac	ստիպված	168
stixi	ստիխի	14
stomatolok	ստոմատոլոգ	23
stomatolokn	ստոմատոլոգն	44
stomatolokyakan	ստոմատոլոգիական	47
stomatolokyan	ստոմատոլոգիան	14
stop	ստոպ	29
stopn	ստոպն	23
storakrek	ստորագրեք	14
storakren	ստորագրեն	14
stori	ստորի	14
storin	ստորին	47
storiner	սթորիներ	14
storineri	ստորիների	34
stres	սթրես	53
stres	ստրես	23
stresi	սթրեսի	44
stresic	սթրեսից	29
strkacac	ստրկացած	34
stryaneri	ստրիաների	29
stukelu	ստուգելու	14
stukoqner	ստուգողները	34
stukoqnere	ստուգողները	34
stukoqneru	ստուգողները	34
stukoqnery	ստուգողները	34
stukum	ստուգում	14
stukumner	ստուգումները	34
stukumnere	ստուգումները	34
stukumneru	ստուգումները	34
stukumnery	ստուգումները	34
stukvac	ստուգված	42
stukvel	ստուգվել	23
stum	ստում	14
sturi	սթուրի	29
stutio	ստուդիո	29
stutioyum	ստուդիոյում	14
stutyan	ստուդիան	14
stutyayi	ստուդիայի	23
stverum	ստվերում	14
sunk	սունկը	14
sunke	սունկը	14
sunku	սունկը	14
sunky	սունկը	14
suntukyan	սունդուկյան	23
suntukyani	սունդուկյանի	14
supermarketic	սուպերմարկետից	14
supermarketn	սուպերմարկետն	14
supermarketum	սուպերմարկետում	29
supyektiv	սուբյեկտիվ	47
sur	սուր	38
surj	սուրճ	178
surj	սուրճը	34
surje	սուրճը	34
surji	սուրճի	162
surjist	սուրճիստ	23
surjn	սուրճն	14
surju	սուրճը	34
surjy	սուրճը	34
surp	սուրբ	65
sut	սուտ	55
suveren	սուվերեն	14
sxal	սխալ	176
sxal	սխալը	38
sxale	սխալը	38
sxali	սխալի	14
sxaln	սխալն	29
sxalner	սխալներ	29
sxalner	սխալները	14
sxalnere	սխալները	14
sxalneri	սխալների	14
sxalneric	սխալներից	29
sxalnern	սխալներն	14
sxalneru	սխալները	14
sxalnery	սխալները	14
sxalu	սխալը	38
sxalvac	սխալված	14
sxalvel	սխալվել	34
sxalvelu	սխալվելու	14
sxalvem	սխալվեմ	14
sxalvum	սխալվում	160
sxaly	սխալը	38
sxrankner	սխրանքները	14
sxranknere	սխրանքները	14
sxrankneru	սխրանքները	14
sxranknery	սխրանքները	14
sxtor	սխտոր	14
sxtor	սխտորը	14
sxtore	սխտորը	14
sxtoru	սխտորը	14
sxtory	սխտորը	14
syuzanna	սյուզաննա	14
syuzannan	սյուզաննան	23
syuzet	սյուզեթը	14
syuzete	սյուզեթը	14
syuzetu	սյուզեթը	14
syuzety	սյուզեթը	14
t	դ	64
ta	դա	222
ta	տա	168
tac	թացը	34
tac	թաց	14
tace	թացը	34
tacu	թացը	34
tacum	տածում	14
tacy	թացը	34
tahlij	դահլիճ	29
tahlij	դահլիճը	23
tahlije	դահլիճը	23
tahliju	դահլիճը	23
tahlijy	դահլիճը	23
tahukneri	դահուկների	14
tajan	դաժան	57
tajari	տաճարի	29
tajarum	տաճարում	38
taje	դաժե	14
tak	տաք	182
tak	տակ	178
tak	տակը	29
takacnum	տաքացնում	14
takar	տակառ	14
takari	տակառի	29
takarner	տակառներ	14
takarneri	տակառների	14
takavor	թագավորը	34
takavor	թագավոր	14
takavorakan	թագավորական	14
takavore	թագավորը	34
takavoru	թագավորը	34
takavory	թագավորը	34
takcnel	թաքցնել	44
takcnelov	թաքցնելով	29
takcnum	թաքցնում	34
take	տակը	29
takic	տակից	29
takn	տակն	23
taknap	տագնապ	38
taknap	տագնապը	23
taknape	տագնապը	23
taknapner	տագնապներ	14
taknapu	տագնապը	23
taknapy	տագնապը	23
taknvac	թաքնված	23
taknvum	թաքնվում	14
taks	թաքս	23
takser	թաքսեր	23
taksi	տաքսի	34
taku	տակը	29
takun	թաքուն	44
taky	տակը	29
tal	տալ	182
talis	տալիս	192
talov	տալով	23
talu	տալու	58
taluc	տալուց	29
tam	տամ	69
tan	տանը	188
tan	տան	180
tanakov	դանակով	23
tanapuri	թանապուրի	14
tanapurov	թանապուրով	14
tancruk	թանձրուկը	14
tancruke	թանձրուկը	14
tancruku	թանձրուկը	14
tancruky	թանձրուկը	14
tane	տանը	188
tanek	տանեք	38
tanel	տանել	162
tanelu	տանելու	34
tanem	տանեմ	42
tani	տանի	42
tani	դանի	29
tanic	տանից	34
tanielyani	դանիելյանի	23
tanik	տանիքը	29
tanike	տանիքը	29
taniki	տանիքի	29
tanikneri	տանիքների	23
taniku	տանիքը	29
taniky	տանիքը	29
tanjel	տանջել	23
tanjelov	տանջելով	23
tanjum	տանջում	23
tanjvel	տանջվել	14
tanjvum	տանջվում	14
tank	թանկ	176
tank	տանք	38
tank	թանկը	29
tankanoc	թանկանոց	14
tankanum	թանկանում	38
tankaran	թանգարան	29
tankaran	թանգարանը	23
tankarane	թանգարանը	23
tankarani	թանգարանի	14
tankaranu	թանգարանը	23
tankarany	թանգարանը	23
tankarjek	թանկարժեք	49
tanke	թանկը	29
tankn	թանկն	14
tanku	թանկը	29
tanky	թանկը	29
tann	տանն	168
tanpeyment	տանփեյմենթը	29
tanpeymente	տանփեյմենթը	29
tanpeymentu	տանփեյմենթը	29
tanpeymenty	տանփեյմենթը	29
tantaq	դանդաղ	168
tanti	թանթի	23
tantur	դանդուռ	14
tanu	տանը	188
tanum	տանում	170
tany	տանը	188
tap	թափ	38
tapakel	տապակել	23
tapakelu	տապակելու	14
tapakeluc	տապակելուց	14
tapaki	տապակի	14
tapakum	տապակում	29
tapakvum	տապակվում	14
tapalec	տապալեց	14
tapalum	տապալում	14
tapancel	թափանցել	38
tapancik	թափանցիկ	38
tapel	թափել	23
tapnu	դափնու	14
tapov	թափով	34
tapvelu	թափվելու	14
tapvum	թափվում	14
taqamaserum	թաղամասերում	29
taqant	տաղանդ	14
taqant	տաղանդը	14
taqantavor	տաղանդավոր	53
taqante	տաղանդը	14
taqanti	տաղանդի	14
taqantin	տաղանդին	14
taqantov	թաղանթով	14
taqantu	տաղանդը	14
taqanty	տաղանդը	14
taqavarum	տաղավարում	23
taqayin	թաղային	23
taqi	թաղի	166
taqum	թաղում	166
taqvac	թաղված	14
tar	տար	47
tar	դար	23
tara	տարա	23
taracawrjani	տարածաշրջանի	29
taracawrjanum	տարածաշրջանում	14
taracaynutyun	տարաձայնություն	23
taracaynutyunner	տարաձայնություններ	14
taracel	տարածել	38
taracelu	տարածելու	44
tarack	տարածք	61
tarack	տարածքը	58
taracke	տարածքը	58
tarackn	տարածքն	14
tarackner	տարածքներ	51
tarackner	տարածքները	23
taracknere	տարածքները	23
tarackneri	տարածքների	34
tarackneru	տարածքները	23
taracknery	տարածքները	23
taracku	տարածքը	58
tarackum	տարածքում	34
taracky	տարածքը	58
taracum	տարածում	44
taracum	տարածումը	29
taracume	տարածումը	29
taracumu	տարածումը	29
taracumy	տարածումը	29
taracutyan	տարածության	23
taracutyun	տարածություն	14
taracvac	տարածված	38
taracvec	տարածվեց	23
taracvel	տարածվել	23
taracvum	տարածվում	14
tarakneri	դարակների	14
taran	տարան	14
taraneri	տարաների	14
taranjatman	տարանջատման	14
taranjatum	տարանջատում	14
tarapum	տառապում	44
taratesak	տարատեսակ	14
tarav	տարավ	44
tarayi	տարայի	14
tarca	դարձա	29
tarcac	դարձած	14
tarcank	դարձանք	29
tarcav	դարձավ	47
tarcel	դարձել	172
tarcnel	դարձնել	166
tarcnelu	դարձնելու	53
tarcnenk	դարձնենք	14
tarcnum	դարձնում	170
tarcrek	դարձրեք	23
tarcrel	դարձրել	47
tarcvum	դարձվում	14
tarec	տարեց	14
tarekan	տարեկան	170
tarekani	տարեկանի	14
tarekanic	տարեկանից	29
tarekanum	տարեկանում	38
tarel	դառել	55
tarel	տարել	42
tarer	դարեր	14
tarer	տառերը	14
tarere	տառերը	14
tarerkn	տարերքն	29
tarerov	տառերով	34
tareru	տառերը	14
tarery	տառերը	14
taretarcer	տարեդարձերը	29
taretarcer	տարեդարձեր	23
taretarcere	տարեդարձերը	29
taretarceri	տարեդարձերի	14
taretarceru	տարեդարձերը	29
taretarcery	տարեդարձերը	29
taretarci	տարեդարձի	14
taretarcn	տարեդարձն	14
taretarcner	տարեդարձները	14
taretarcnere	տարեդարձները	14
taretarcneru	տարեդարձները	14
taretarcnery	տարեդարձները	14
tari	տարի	190
tari	դարի	47
taric	դարից	29
tarik	տարիքը	34
tarik	տարիք	23
tarikayin	տարիքային	44
tarikayin	տարիքայինը	14
tarikayine	տարիքայինը	14
tarikayinu	տարիքայինը	14
tarikayiny	տարիքայինը	14
tarike	տարիքը	34
tariki	տարիքի	160
tarikic	տարիքից	53
tarikin	տարիքին	34
tarikn	տարիքն	38
tarikov	տարիքով	49
tariku	տարիքը	34
tarikum	տարիքում	178
tariky	տարիքը	34
tarin	տարին	59
tariner	տարիներ	162
tariner	տարիները	44
tarinere	տարիները	44
tarineri	տարիների	84
tarineric	տարիներից	23
tarinerin	տարիներին	162
tarinern	տարիներն	14
tarinerov	տարիներով	14
tarineru	տարիները	44
tarinery	տարիները	44
tarkijneri	թարգիչների	14
tarm	թարմ	188
tarmacnelu	թարմացնելու	23
tarmacnoq	թարմացնող	29
tarmacnum	թարմացնում	38
tarmacum	թարմացում	34
tarmacvum	թարմացվում	14
tarmecvum	թարմեցվում	14
tarmunkic	թարմունքից	14
tarmutyamp	թարմությամբ	29
tarmutyun	թարմություն	23
tarn	դառն	14
tarna	դառնա	53
tarnak	դառնաք	47
tarnal	դառնալ	164
tarnaln	դառնալն	23
tarnalu	դառնալու	42
tarnaluc	դառնալուց	23
tarnam	դառնամ	14
tarnank	դառնանք	14
tarnas	դառնաս	23
tarnayi	դառնայի	14
tarnum	դառնում	176
tarnutyun	դառնությունը	23
tarnutyune	դառնությունը	23
tarnutyunu	դառնությունը	23
tarnutyuny	դառնությունը	23
tarorinak	տարօրինակ	174
tarov	տարով	34
tarov	դարով	14
tarpas	դարպասը	23
tarpase	դարպասը	23
tarpasneri	դարպասների	29
tarpasu	դարպասը	23
tarpasy	դարպասը	23
tarper	տարբեր	186
tarperak	տարբերակ	174
tarperak	տարբերակը	72
tarperake	տարբերակը	72
tarperakic	տարբերակից	29
tarperakn	տարբերակն	55
tarperakner	տարբերակներ	164
tarperakner	տարբերակները	42
tarperaknere	տարբերակները	42
tarperakneric	տարբերակներից	38
tarperakneru	տարբերակները	42
tarperaknery	տարբերակները	42
tarperakov	տարբերակով	61
tarperaku	տարբերակը	72
tarperakum	տարբերակում	34
tarperaky	տարբերակը	72
tarperel	տարբերել	14
tarperum	տարբերում	38
tarperutyan	տարբերության	14
tarperutyun	տարբերությունը	61
tarperutyun	տարբերություն	53
tarperutyune	տարբերությունը	61
tarperutyunn	տարբերությունն	14
tarperutyunner	տարբերություններ	14
tarperutyunner	տարբերությունները	14
tarperutyunnere	տարբերությունները	14
tarperutyunneri	տարբերությունների	14
tarperutyunneru	տարբերությունները	14
tarperutyunnery	տարբերությունները	14
tarperutyunu	տարբերությունը	61
tarperutyuny	տարբերությունը	61
tarpervelu	տարբերվելու	23
tarpervi	տարբերվի	29
tarpervoq	տարբերվող	42
tarpervum	տարբերվում	162
tarrakan	տարրական	14
tarsi	թարսի	14
tart	դարդ	23
taruc	տարուց	44
tarum	դարում	47
tarum	տարում	38
tarva	տարվա	164
tarvel	տարվել	14
tarvov	տարվով	14
tarvum	տարվում	23
tas	տասը	174
tas	տաս	57
tas	դաս	55
tasakan	դասական	170
tasakani	դասականի	14
tasakrkerum	դասագրքերում	23
tasaran	դասարան	38
tasaranic	դասարանից	23
tasaranum	դասարանում	162
tasasenyak	դասասենյակ	14
tasatu	դասատու	14
tasatun	դասատուն	23
tasatuner	դասատուներ	34
tasavantel	դասավանդել	23
tasavantum	դասավանդում	34
tasavorel	դասավորել	34
tasavorum	դասավորում	14
tasavorvec	դասավորվեց	14
tasavorvel	դասավորվել	14
tasaxos	դասախոս	23
tasaxosum	դասախոսում	42
tase	տասը	174
tasentac	դասընթացը	53
tasentace	դասընթացը	53
tasentacneri	դասընթացների	44
tasentacnern	դասընթացներն	23
taser	դասեր	172
taser	դասերը	166
tasere	դասերը	166
taseri	դասերի	164
taseric	դասերից	178
tasern	դասերն	162
taserov	դասերով	162
tasers	դասերս	176
tasert	դասերդ	168
taseru	դասերը	166
tasery	դասերը	166
tasi	դասի	164
tasic	դասից	14
tasn	տասն	14
tasnamya	տասնամյա	14
tasnamyak	տասնամյակ	23
tasnamyakic	տասնամյակից	23
tasnamyakner	տասնամյակներ	42
tasnapatik	տասնապատիկ	14
tasnerortakan	տասներորդական	14
tasntac	դասընթացը	53
tasntace	դասընթացը	53
tasntacneri	դասընթացների	44
tasntacnern	դասընթացներն	23
tasnyak	տասնյակ	44
tasnyakic	տասնյակից	14
tastyarakel	դաստիարակել	14
tastyarakum	դաստիարակում	14
tastyarakutyan	դաստիարակության	14
tastyarakutyun	դաստիարակությունը	14
tastyarakutyune	դաստիարակությունը	14
tastyarakutyunn	դաստիարակությունն	14
tastyarakutyunu	դաստիարակությունը	14
tastyarakutyuny	դաստիարակությունը	14
tasu	տասը	174
tasuntac	դասընթացը	53
tasuntace	դասընթացը	53
tasuntacneri	դասընթացների	44
tasuntacnern	դասընթացներն	23
tasy	տասը	174
tasyntac	դասընթացը	53
tasyntace	դասընթացը	53
tasyntacneri	դասընթացների	44
tasyntacnern	դասընթացներն	23
tat	տատը	14
tatakan	դատական	29
tatanvum	տատանվում	14
tatar	դադար	160
tataran	դատարան	14
tatarani	դատարանի	38
tataranneri	դատարանների	29
tatarecnel	դադարեցնել	38
tatarecrel	դադարեցրել	14
tatarel	դադարել	34
tatari	դադարի	44
tataric	դադարից	23
tatark	դատարկ	160
tatarkel	դատարկել	14
tatarkum	դատարկում	14
tatarkutyun	դատարկություն	23
tatarum	դադարում	42
tatavjir	դատավճիռ	29
tatavor	դատավորը	29
tatavore	դատավորը	29
tatavori	դատավորի	14
tatavoru	դատավորը	29
tatavory	դատավորը	29
tataxvac	թաթախված	14
tatayin	տատային	44
tate	տատը	14
taterakan	թաթերական	38
taterakan	թատերական	23
tateric	տատերից	14
tatev	տաթեւը	38
tatevacu	տաթեւացու	14
tateve	տաթեւը	38
tatevi	տաթեւի	38
tatevik	տաթեւիկը	29
tatevik	տաթեւիկ	14
tatevike	տաթեւիկը	29
tateviku	տաթեւիկը	29
tateviky	տաթեւիկը	29
tatevn	տաթեւն	14
tatevu	տաթեւը	38
tatevy	տաթեւը	38
tati	դատի	42
tati	տատի	14
tatik	տատիկը	162
tatik	տատիկ	29
tatike	տատիկը	162
tatiki	տատիկի	174
tatikis	տատիկիս	162
tatikn	տատիկն	23
tatikneri	տատիկների	23
tatiks	տատիկս	23
tatiku	տատիկը	162
tatiky	տատիկը	162
tatis	տատիս	14
tatron	թատրոնը	53
tatron	թատրոն	42
tatrone	թատրոնը	53
tatroni	թատրոնի	38
tatronic	թատրոնից	29
tatronn	թատրոնն	34
tatronnerum	թատրոններում	42
tatronu	թատրոնը	53
tatronum	թատրոնում	57
tatrony	թատրոնը	53
tatu	տատը	14
tatul	թաթուլը	14
tatule	թաթուլը	14
tatuli	թաթուլի	14
tatulu	թաթուլը	14
tatuly	թաթուլը	14
tatum	դատում	14
taty	տատը	14
tauni	դաունի	14
tav	դավ	14
tavajanec	դավաճանեց	23
tavajanel	դավաճանել	14
tavajanutyun	դավաճանությունը	14
tavajanutyune	դավաճանությունը	14
tavajanutyunn	դավաճանությունն	14
tavajanutyunu	դավաճանությունը	14
tavajanutyuny	դավաճանությունը	14
tavar	տավար	38
tavari	տավարի	34
tavayi	թավայի	23
tavit	դավիթ	200
tavit	դավիթը	44
tavite	դավիթը	44
taviti	դավիթի	14
tavitn	դավիթն	23
tavitu	դավիթը	44
tavity	դավիթը	44
tavor	դավոր	14
tavrijecin	դավրիժեցին	14
tavti	դավթի	14
tavtyann	դավթյանն	29
tavuw	տավուշը	14
tavuwe	տավուշը	14
tavuwu	տավուշը	14
tavuwy	տավուշը	14
tavwya	թավշյա	23
tawi	տաշի	29
tawnakahar	դաշնակահար	14
tawnamur	դաշնամուր	14
tawnamurner	դաշնամուրներ	23
tawnutyan	դաշնության	23
tawnutyun	դաշնություն	38
tawnutyunum	դաշնությունում	14
tawt	դաշտը	44
tawt	դաշտ	34
tawtavayri	դաշտավայրի	14
tawte	դաշտը	44
tawter	դաշտեր	14
tawti	դաշտի	14
tawtn	դաշտն	14
tawtu	դաշտը	44
tawtum	դաշտում	38
tawty	դաշտը	44
tayak	դայակ	14
tayi	տայի	14
taymtnerov	դայմդներով	14
taza	թազա	34
te	թե	214
te	դե	212
te	տե	14
teev	թեեւ	162
tefolt	դեֆոլտ	14
tei	թեի	23
teic	դեից	29
tej	թեժ	14
tekantelu	դեկանտելու	14
tekel	թեքել	14
tekoracyaneri	դեկորացիաների	23
tekst	թեքստ	38
tekst	տեքստ	14
tekster	տեքստեր	29
tekster	տեքստերը	14
tekstere	տեքստերը	14
teksteru	տեքստերը	14
tekstery	տեքստերը	14
teksti	տեքստի	14
tekstn	տեքստն	14
tekstum	տեքստում	23
tektei	դեկտեի	44
tektemper	դեկտեմբեր	14
tektemperi	դեկտեմբերի	23
tektemperin	դեկտեմբերին	14
tekuz	թեկուզ	55
tekves	թեքվես	23
tel	թելը	51
telatrum	թելադրում	42
tele	թելը	51
telekacyayi	դելեգացիայի	23
telon	դելոն	23
telov	թելով	14
teloyi	դելոյի	14
telu	թելը	51
tely	թելը	51
tem	դեմ	172
tem	դեմը	23
tema	թեմա	164
teman	թեման	58
temaner	թեմաներ	29
temaner	թեմաները	23
temanere	թեմաները	23
temaneri	թեմաների	23
temaneric	թեմաներից	29
temanerov	թեմաներով	23
temaneru	թեմաները	23
temanery	թեմաները	23
tematik	թեմատիկ	42
temayi	թեմայի	65
temayin	թեմային	14
temayov	թեմայով	42
teme	դեմը	23
temi	թեմի	14
temina	թեմինա	23
temk	դեմքը	61
temk	դեմք	51
temke	դեմքը	61
temker	դեմքերը	23
temkere	դեմքերը	23
temkeric	դեմքերից	34
temkerin	դեմքերին	14
temkern	դեմքերն	14
temkerov	դեմքերով	23
temkeru	դեմքերը	23
temkery	դեմքերը	23
temki	դեմքի	88
temkic	դեմքից	23
temkin	դեմքին	29
temkov	դեմքով	23
temku	դեմքը	61
temky	դեմքը	61
temn	դեմն	14
temokratakan	դեմոկրատական	23
tempi	տեմպի	14
tems	դեմս	23
temu	դեմը	23
temy	դեմը	23
tenc	տենց	96
tenis	թենիս	14
tental	դենթալ	29
tentenc	տենդենց	14
tentenc	տենդենցը	14
tentence	տենդենցը	14
tentencneri	տենդենցների	14
tentencneric	տենդենցներից	29
tentencu	տենդենցը	14
tentency	տենդենցը	14
tep	դեպ	184
tepet	թեպետ	34
tepi	դեպի	176
tepk	դեպք	53
tepk	դեպքը	38
tepke	դեպքը	38
tepker	դեպքեր	75
tepker	դեպքերը	34
tepkere	դեպքերը	34
tepkeri	դեպքերի	23
tepkeric	դեպքերից	34
tepkeru	դեպքերը	34
tepkerum	դեպքերում	58
tepkery	դեպքերը	34
tepki	դեպքի	44
tepkic	դեպքից	63
tepkin	դեպքին	14
tepkn	դեպքն	55
tepku	դեպքը	38
tepkum	դեպքում	188
tepky	դեպքը	38
teport	դեպորտ	29
tepresya	դեպրեսիա	34
tepresyayi	դեպրեսիայի	38
tepresyayic	դեպրեսիայից	14
teps	դեպս	65
teq	տեղ	190
teq	տեղը	170
teq	դեղ	14
teqahanvac	տեղահանված	14
teqakan	տեղական	166
teqakayvac	տեղակայված	47
teqanyut	դեղանյութը	23
teqanyute	դեղանյութը	23
teqanyutu	դեղանյութը	23
teqanyuty	դեղանյութը	23
teqapoxel	տեղափոխել	34
teqapoxman	տեղափոխման	14
teqapoxum	տեղափոխում	55
teqapoxutyunneri	տեղափոխությունների	14
teqapoxvel	տեղափոխվել	55
teqapoxvelov	տեղափոխվելով	49
teqapoxvelu	տեղափոխվելու	14
teqapoxvi	տեղափոխվի	34
teqapoxvum	տեղափոխվում	14
teqatarap	տեղատարափ	14
teqatnerum	դեղատներում	14
teqatrel	տեղադրել	42
teqatrmamp	տեղադրմամբ	34
teqatrman	տեղադրման	29
teqatrum	տեղադրում	51
teqatrvum	տեղադրվում	14
teqavorek	տեղավորեք	23
teqavorel	տեղավորել	51
teqavorvel	տեղավորվել	23
teqayin	տեղային	44
teqe	տեղը	170
teqekaca	տեղեկացա	44
teqekacnel	տեղեկացնել	42
teqekacnen	տեղեկացնեն	44
teqekacvac	տեղեկացված	14
teqekanal	տեղեկանալ	23
teqekanum	տեղեկանում	34
teqekutyun	տեղեկությունը	34
teqekutyun	տեղեկություն	14
teqekutyune	տեղեկությունը	34
teqekutyunner	տեղեկություններ	14
teqekutyunneri	տեղեկությունների	38
teqekutyunnerov	տեղեկություններով	34
teqekutyunu	տեղեկությունը	34
teqekutyuny	տեղեկությունը	34
teqer	տեղեր	166
teqer	դեղերը	34
teqer	տեղերը	34
teqere	դեղերը	34
teqere	տեղերը	34
teqerin	դեղերին	29
teqern	տեղերն	14
teqeru	դեղերը	34
teqeru	տեղերը	34
teqerum	տեղերում	23
teqery	դեղերը	34
teqery	տեղերը	34
teqi	տեղի	180
teqic	տեղից	44
teqik	տեղիք	164
teqin	տեղին	34
teqin	դեղին	23
teqn	տեղն	162
teqnuc	դեղնուց	14
teqoraykner	դեղորայքներ	34
tequ	տեղը	170
tequm	տեղում	174
teqy	տեղը	170
teqyak	տեղյակ	74
ter	դեռ	200
ter	տեր	67
ter	դեր	51
ter	տերը	47
ter	դերը	44
teracel	թերացել	29
teracumn	թերացումն	29
terahas	դեռահաս	23
terahasakan	դեռահասական	14
terahasneri	դեռահասների	14
terakatarutyun	դերակատարություն	14
teraknahatum	թերագնահատում	14
teraknahatvac	թերագնահատված	14
teranum	թերանում	29
terapi	թերապի	14
terapii	թերապիի	23
terapistner	թերապիստներ	29
terapistner	թերապիստները	23
terapistnere	թերապիստները	23
terapistneru	թերապիստները	23
terapistnery	թերապիստները	23
terapya	տերապիա	23
terapya	թերապիա	14
terapyan	թերապիան	44
terapyaner	թերապիաները	14
terapyanere	թերապիաները	14
terapyaneru	թերապիաները	14
terapyanery	թերապիաները	14
terapyayi	թերապիայի	29
terasan	դերասան	62
terasan	դերասանը	38
terasanakan	դերասանական	14
terasane	դերասանը	38
terasani	դերասանի	14
terasann	դերասանն	23
terasanner	դերասանները	29
terasanner	դերասաններ	14
terasannere	դերասանները	29
terasanneri	դերասանների	42
terasanneric	դերասաններից	23
terasannern	դերասաններն	14
terasanneru	դերասանները	29
terasannery	դերասանները	29
terasanu	դերասանը	38
terasanuhi	դերասանուհի	53
terasanuhineric	դերասանուհիներից	29
terasanuhu	դերասանուհու	23
terasanutyan	դերասանության	14
terasany	դերասանը	38
tere	տերը	47
tere	դերը	44
terer	դերեր	23
terer	դերերը	14
terere	դերերը	14
tereri	տերերի	14
terern	դերերն	14
tereru	դերերը	14
tererum	դերերում	23
terery	դերերը	14
terev	տերեւ	14
terevi	տերեւի	14
terevner	տերեւները	23
terevnere	տերեւները	23
terevneru	տերեւները	23
terevnery	տերեւները	23
terevs	դեռեւս	47
terevs	թերեւս	14
teri	դերի	49
teri	թերի	14
termatolok	դերմատոլոգ	38
termatolokyayi	դերմատոլոգիայի	14
termos	տերմոս	14
tern	դերն	14
tern	տերն	14
tertum	թերթում	14
teru	տերը	47
teru	դերը	44
teruar	տեռուարը	14
teruare	տեռուարը	14
teruaru	տեռուարը	14
teruary	տեռուարը	14
terum	դերում	14
terunakan	տերունական	14
terutyunner	թերությունները	38
terutyunnere	թերությունները	38
terutyunnerov	թերություններով	14
terutyunneru	թերությունները	38
terutyunnery	թերությունները	38
tery	տերը	47
tery	դերը	44
tes	տես	63
tesa	տեսա	180
tesac	տեսած	14
tesacn	տեսածն	38
tesaholovak	տեսահոլովակ	29
tesaholovak	տեսահոլովակը	23
tesaholovake	տեսահոլովակը	23
tesaholovaki	տեսահոլովակի	14
tesaholovakner	տեսահոլովակները	23
tesaholovakner	տեսահոլովակներ	14
tesaholovaknere	տեսահոլովակները	23
tesaholovakneru	տեսահոլովակները	23
tesaholovaknery	տեսահոլովակները	23
tesaholovaku	տեսահոլովակը	23
tesaholovaky	տեսահոլովակը	23
tesak	տեսակ	182
tesak	տեսակը	29
tesak	տեսաք	29
tesakan	տեսական	38
tesakani	տեսականի	53
tesakanin	տեսականին	84
tesakanineri	տեսականիների	44
tesakanuc	տեսականուց	23
tesake	տեսակը	29
tesaket	տեսակետ	23
tesaket	տեսակետը	14
tesakete	տեսակետը	14
tesaketi	տեսակետի	14
tesaketn	տեսակետն	29
tesaketneri	տեսակետների	14
tesaketnern	տեսակետներն	14
tesaketu	տեսակետը	14
tesakety	տեսակետը	14
tesaki	տեսակի	164
tesakic	տեսակից	14
tesakn	տեսակն	38
tesakner	տեսակները	29
tesakner	տեսակներ	23
tesaknere	տեսակները	29
tesakneri	տեսակների	29
tesaknerov	տեսակներով	47
tesakneru	տեսակները	29
tesaknery	տեսակները	29
tesakov	տեսակով	38
tesaku	տեսակը	29
tesaky	տեսակը	29
tesan	տեսան	23
tesaneli	տեսանելի	14
tesank	տեսանք	34
tesankyunic	տեսանկյունից	160
tesankyunov	տեսանկյունով	14
tesanyut	տեսանյութ	23
tesanyut	տեսանյութը	23
tesanyute	տեսանյութը	23
tesanyuter	տեսանյութեր	49
tesanyuter	տեսանյութերը	14
tesanyutere	տեսանյութերը	14
tesanyuteri	տեսանյութերի	14
tesanyuteru	տեսանյութերը	14
tesanyutery	տեսանյութերը	14
tesanyutu	տեսանյութը	23
tesanyutum	տեսանյութում	14
tesanyuty	տեսանյութը	23
tesar	տեսար	14
tesaran	տեսարանը	42
tesaran	տեսարան	29
tesarane	տեսարանը	42
tesarani	տեսարանի	23
tesarann	տեսարանն	14
tesaranner	տեսարաններ	29
tesaranu	տեսարանը	42
tesarany	տեսարանը	42
tesav	տեսավ	34
tesaxcikneri	տեսախցիկների	14
tesek	տեսեք	61
tesel	տեսել	182
tesert	դեսերտ	14
tesertayin	դեսերտային	23
tesk	տեսք	168
tesk	տեսքը	58
teske	տեսքը	58
teski	տեսքի	57
teskin	տեսքին	14
teskov	տեսքով	55
tesku	տեսքը	58
tesky	տեսքը	58
teslan	տեսլան	14
tesn	տեսն	14
tesnei	տեսնեի	14
tesnek	տեսնեք	23
tesnel	տեսնել	190
tesnel	տեսնելը	168
tesnele	տեսնելը	168
tesnelis	տեսնելիս	38
tesneln	տեսնելն	29
tesnelov	տեսնելով	29
tesnelu	տեսնելու	178
tesnelu	տեսնելը	168
tesneluc	տեսնելուց	14
tesnely	տեսնելը	168
tesnem	տեսնեմ	164
tesnen	տեսնեն	14
tesnenk	տեսնենք	55
tesnes	տեսնես	38
tesni	տեսնի	44
tesnum	տեսնում	186
tesnvel	տեսնվել	164
test	թեստ	14
testavorumner	թեստավորումները	34
testavorumnere	թեստավորումները	34
testavorumneru	թեստավորումները	34
testavorumnery	թեստավորումները	34
tesutyun	տեսություն	180
tet	թեթ	38
tetali	դետալի	23
tetaln	դետալն	14
tetalner	դետալները	34
tetalner	դետալներ	14
tetalnere	դետալները	34
tetalneri	դետալների	14
tetalneru	դետալները	34
tetalnery	դետալները	34
tetat	տետատը	23
tetate	տետատը	23
tetatet	տետատետը	38
tetatete	տետատետը	38
tetateti	տետատետի	38
tetatetu	տետատետը	38
tetatety	տետատետը	38
tetati	տետատի	14
tetatu	տետատը	23
tetaty	տետատը	23
tetev	թեթեւ	178
tetevacnum	թեթեւացնում	14
tetevaki	թեթեւակի	23
tetevanum	թեթեւանում	14
tetevutyun	թեթեւություն	14
tev	թեւ	14
tevakan	տեւական	34
tevec	տեւեց	38
tevel	տեւել	14
tevi	դեւի	23
tevoqutyan	տեւողությանը	42
tevoqutyane	տեւողությանը	42
tevoqutyanu	տեւողությանը	42
tevoqutyany	տեւողությանը	42
tevoqutyun	տեւողությունը	38
tevoqutyune	տեւողությունը	38
tevoqutyunu	տեւողությունը	38
tevoqutyuny	տեւողությունը	38
tevu	թեւու	14
tevum	տեւում	57
texnikakan	տեխնիկական	164
texnikan	տեխնիկան	14
texnikayi	տեխնիկայի	14
texnikner	տեխնիկներ	14
texnolokya	տեխնոլոգիա	34
texnolokyakan	տեխնոլոգիական	166
texnolokyan	տեխնոլոգիան	23
texnolokyaneri	տեխնոլոգիաների	164
texnolokyanerov	տեխնոլոգիաներով	23
texnolokyayov	տեխնոլոգիայով	14
tey	թեյ	166
tey	թեյը	23
teye	թեյը	23
teyi	թեյի	14
teyu	թեյը	23
teyy	թեյը	23
thaj	տհաճ	51
tiezerakan	տիեզերական	14
tiezerkum	տիեզերքում	14
tijey	դիջեյ	14
tijey	դիջեյը	14
tijeye	դիջեյը	14
tijeynern	դիջեյներն	14
tijeyu	դիջեյը	14
tijeyy	դիջեյը	14
tiki	տիկի	23
tikin	տիկին	178
tikin	տիկինը	29
tikine	տիկինը	29
tikinu	տիկինը	29
tikiny	տիկինը	29
tiknanc	տիկնանց	23
tiknoj	տիկնոջ	23
tikran	տիգրան	23
tikrani	տիգրանի	14
tiktator	դիկտատոր	14
tikunk	թիկունք	29
tikunk	թիկունքը	14
tikunke	թիկունքը	14
tikunkin	թիկունքին	14
tikunku	թիկունքը	14
tikunky	թիկունքը	14
tilijan	դիլիջան	164
tiliti	դիլիթի	14
tilitin	դիլիթին	38
tilmah	դիլմահ	14
tim	թիմ	47
tim	թիմը	29
timac	դիմաց	58
timacel	դիմացել	29
timaci	դիմացի	42
timacin	դիմացինը	29
timacine	դիմացինը	29
timacineri	դիմացիների	14
timacini	դիմացինի	14
timacinin	դիմացինին	29
timacinn	դիմացինն	14
timacint	դիմացինդ	23
timacinu	դիմացինը	29
timaciny	դիմացինը	29
timact	դիմացդ	42
timahartarman	դիմահարդարման	23
timahartarum	դիմահարդարումը	34
timahartarume	դիմահարդարումը	34
timahartarumu	դիմահարդարումը	34
timahartarumy	դիմահարդարումը	34
timana	դիմանա	23
timanal	դիմանալ	29
timanum	դիմանում	14
timavorelu	դիմավորելու	34
timavorum	դիմավորում	44
time	թիմը	29
timek	դիմեք	42
timel	դիմել	72
timelu	դիմելու	29
timeri	թիմերի	23
timerum	թիմերում	14
times	դիմես	14
timi	թիմի	42
timic	թիմից	23
timin	թիմին	34
timn	թիմն	23
timoq	դիմող	29
timpula	դիմբուլա	14
timu	թիմը	29
timum	դիմում	47
timums	դիմումս	14
timy	թիմը	29
tint	թինթ	29
tint	թինդ	23
tiperin	տիպերին	23
tipi	տիպի	42
tipin	տիպին	14
tipjel	դիպչել	38
tiplom	դիպլոմ	14
tipuk	դիպուկ	14
tir	դիր	38
tiramor	տիրամոր	14
tirapetel	տիրապետել	14
tirapetum	տիրապետում	14
tiraxavorum	թիրախավորում	29
tiraxi	թիրախի	14
tiraxum	թիրախում	14
tirker	դիրքերը	23
tirkere	դիրքերը	23
tirkeru	դիրքերը	23
tirkery	դիրքերը	23
tirki	դիրքի	38
tirkorowum	դիրքորոշումը	29
tirkorowum	դիրքորոշում	23
tirkorowume	դիրքորոշումը	29
tirkorowumn	դիրքորոշումն	14
tirkorowumu	դիրքորոշումը	29
tirkorowumy	դիրքորոշումը	29
tirkum	դիրքում	14
tiroj	տիրոջը	47
tiroj	տիրոջ	38
tiroje	տիրոջը	47
tirojic	տիրոջից	14
tiroju	տիրոջը	47
tirojy	տիրոջը	47
tirutyun	տիրություն	23
tiruytum	տիրույթում	14
tiskomfort	դիսկոմֆորտ	14
tispalans	դիսբալանս	14
titarkel	դիտարկել	42
titarkum	դիտարկում	38
titel	դիտել	180
titelu	դիտելու	14
titeluc	դիտելուց	14
titmamp	դիտմամբ	14
titoqner	դիտողներ	14
titoqner	դիտողները	14
titoqnere	դիտողները	14
titoqneri	դիտողների	14
titoqneru	դիտողները	14
titoqnery	դիտողները	14
titum	դիտում	174
titumner	դիտումներ	23
tiv	թիվը	44
tiv	թիվ	23
tive	թիվը	44
tivn	թիվն	38
tivs	դիվսը	23
tivse	դիվսը	23
tivsu	դիվսը	23
tivsy	դիվսը	23
tivu	թիվը	44
tivy	թիվը	44
tizayn	դիզայնը	47
tizayn	դիզայն	42
tizayne	դիզայնը	47
tizayner	դիզայներ	14
tizaynerakan	դիզայներական	29
tizayneri	դիզայների	34
tizaynerner	դիզայներները	38
tizaynernere	դիզայներները	38
tizaynerneru	դիզայներները	38
tizaynernery	դիզայներները	38
tizayni	դիզայնի	34
tizaynic	դիզայնից	29
tizaynin	դիզայնին	34
tizaynn	դիզայնն	49
tizaynov	դիզայնով	58
tizaynu	դիզայնը	47
tizayny	դիզայնը	47
tizel	դիզել	23
tjkoh	դժգոհ	34
tjkohel	դժգոհել	29
tjkohi	դժգոհի	29
tjoxk	դժոխք	14
tjpaxt	դժբախտ	38
tjpaxtutyun	դժբախտություն	14
tjstum	տժստում	23
tjvar	դժվար	196
tjvaracel	դժվարացել	14
tjvaranum	դժվարանում	166
tjvarin	դժվարին	23
tjvarutyamp	դժվարությամբ	42
tjvarutyan	դժվարության	14
tjvarutyun	դժվարություն	14
tjvarutyun	դժվարությունը	14
tjvarutyune	դժվարությունը	14
tjvarutyunner	դժվարություններ	38
tjvarutyunner	դժվարությունները	14
tjvarutyunnere	դժվարությունները	14
tjvarutyunneri	դժվարությունների	23
tjvarutyunneric	դժվարություններից	14
tjvarutyunnerov	դժվարություններով	14
tjvarutyunneru	դժվարությունները	14
tjvarutyunnery	դժվարությունները	14
tjvarutyunu	դժվարությունը	14
tjvarutyuny	դժվարությունը	14
tjvik	տժվիկ	23
tkac	թքած	29
tkeq	տգեղ	51
tkeqc	տկեղծ	34
tknajan	տքնաջան	14
tkum	թքում	14
tmakov	դմակով	23
tmrac	թմրած	34
tmranyut	թմրանյութը	23
tmranyut	թմրանյութ	14
tmranyute	թմրանյութը	23
tmranyuter	թմրանյութերը	23
tmranyutere	թմրանյութերը	23
tmranyuteru	թմրանյութերը	23
tmranyutery	թմրանյութերը	23
tmranyuti	թմրանյութի	14
tmranyutn	թմրանյութն	23
tmranyutu	թմրանյութը	23
tmranyuty	թմրանյութը	23
tmrateqer	թմրադեղեր	29
tmrecnoq	թմրեցնող	14
tnak	տնակ	14
tnakan	տնական	164
tnayin	տնային	162
tnel	դնել	164
tnelu	դնելու	14
tnem	դնեմ	14
tnen	դնեն	23
tnenk	դնենք	55
tner	տներ	58
tnerum	տներում	29
tnes	դնես	23
tnic	տնից	164
tnjik	դնչիկ	47
tnoren	տնօրենը	29
tnoren	տնօրեն	23
tnorene	տնօրենը	29
tnoreni	տնօրենի	14
tnorenn	տնօրենն	14
tnorenu	տնօրենը	29
tnoreny	տնօրենը	29
tnorinel	տնօրինել	29
tnorinelu	տնօրինելու	23
tnt	դնթ	14
tntesakan	տնտեսական	14
tntesi	տնտեսի	14
tntesutyan	տնտեսության	29
tnum	դնում	170
to	տո	14
toaranoci	դոարանոցի	14
toaric	դոարից	29
toker	թոքերը	29
tokere	թոքերը	29
tokeru	թոքերը	29
tokery	թոքերը	29
tokos	տոկոս	14
tokos	տոկոսը	14
tokosayin	տոկոսային	23
tokose	տոկոսը	14
tokosu	տոկոսը	14
tokosy	տոկոսը	14
toksin	տոքսինը	53
toksine	տոքսինը	53
toksiner	տոքսիները	14
toksinere	տոքսիները	14
toksineru	տոքսիները	14
toksinery	տոքսիները	14
toksinu	տոքսինը	53
toksiny	տոքսինը	53
tokt	դոքթ	14
toktor	դոկտոր	29
tolar	դոլար	164
tolaric	դոլարից	29
tolarneri	դոլարների	14
tolerant	տոլերանտ	29
tolinayi	դոլինայի	14
tolinayin	դոլինային	14
tolma	տոլմա	172
tolma	դոլմա	162
tolman	տոլման	176
tolman	դոլման	164
tolmayi	տոլմայի	23
tolpi	դոլբի	29
tom	թոմը	170
tomati	տոմատի	14
tome	թոմը	170
tompum	դոմփում	23
toms	տոմս	53
toms	տոմսը	23
tomse	տոմսը	23
tomser	տոմսերը	38
tomser	տոմսեր	14
tomsere	տոմսերը	38
tomseru	տոմսերը	38
tomsery	տոմսերը	38
tomsu	տոմսը	23
tomsy	տոմսը	23
tomu	թոմը	170
tomy	թոմը	170
ton	տոն	38
ton	տոնը	29
tonacar	տոնածառ	23
tonacari	տոնածառի	14
tonacarn	տոնածառն	23
tonakan	տոնական	164
tonalt	դոնալդ	14
tone	տոնը	29
toneck	դոնեցկը	14
tonecke	դոնեցկը	14
tonecku	դոնեցկը	14
tonecky	դոնեցկը	14
tonel	տոնել	44
toner	տոները	162
toner	տոներ	23
tonere	տոները	162
toneri	տոների	38
toneri	թոների	14
tonerin	տոներին	53
tonern	տոներն	29
toneru	տոները	162
tonery	տոները	162
toni	տոնի	49
tonin	տոնին	29
tonir	թոնիր	38
tonirn	թոնիրն	14
tonna	տոննա	14
tonor	դոնոր	14
tonpas	դոնբասը	14
tonpase	դոնբասը	14
tonpasu	դոնբասը	14
tonpasy	դոնբասը	14
tonri	թոնրի	14
tonu	տոնը	29
tonusi	տոնուսի	29
tony	տոնը	29
top	թոփ	34
top	տոպ	14
toprakneri	տոպրակների	14
toprakov	տոպրակով	14
topsparper	դոբսբարբերը	29
topsparpere	դոբսբարբերը	29
topsparperu	դոբսբարբերը	29
topsparpery	դոբսբարբերը	29
topt	թոփթ	14
topten	թոփթեն	14
toq	թող	178
toq	թողը	14
toq	տող	14
toqac	թողած	34
toqarkel	թողարկել	14
toqarkman	թողարկմանը	23
toqarkman	թողարկման	14
toqarkmane	թողարկմանը	23
toqarkmanu	թողարկմանը	23
toqarkmany	թողարկմանը	23
toqarkum	թողարկումը	29
toqarkum	թողարկում	14
toqarkume	թողարկումը	29
toqarkumn	թողարկումն	29
toqarkumner	թողարկումները	29
toqarkumnere	թողարկումները	29
toqarkumneri	թողարկումների	14
toqarkumneric	թողարկումներից	14
toqarkumnerin	թողարկումներին	42
toqarkumneru	թողարկումները	29
toqarkumnery	թողարկումները	29
toqarkumu	թողարկումը	29
toqarkumy	թողարկումը	29
toqe	թողը	14
toqec	թողեց	42
toqeci	թողեցի	14
toqek	թողեք	14
toqel	թողել	77
toqer	տողերը	14
toqere	տողերը	14
toqeru	տողերը	14
toqery	տողերը	14
toqes	թողես	14
toqneir	թողնեիր	14
toqnel	թողնել	166
toqnelov	թողնելով	14
toqnelu	թողնելու	14
toqnem	թողնեմ	34
toqnenk	թողնենք	23
toqnes	թողնես	23
toqni	թողնի	14
toqnum	թողնում	166
toqu	թողը	14
toqum	թողումը	29
toqum	թողում	14
toqume	թողումը	29
toqumu	թողումը	29
toqumy	թողումը	29
toqy	թողը	14
tor	թոռը	29
tore	թոռը	29
torn	թոռն	14
torner	թոռները	14
tornere	թոռները	14
torneri	թոռների	14
torneru	թոռները	14
tornery	թոռները	14
tort	տորթը	29
torte	տորթը	29
torti	տորթի	23
tortu	տորթը	29
torty	տորթը	29
toru	թոռը	29
tory	թոռը	29
tosti	տոստի	14
totapel	թոթափել	38
totel	դոտել	14
totik	տոտիկ	34
tovmasyan	թովմասյան	14
towin	դոշին	14
toxatyani	թոխատյանի	14
tozajap	դոզաչափ	42
tozajap	դոզաչափը	38
tozajape	դոզաչափը	38
tozajapn	դոզաչափն	47
tozajapu	դոզաչափը	38
tozajapy	դոզաչափը	38
tozayi	դոզայի	23
tozayic	դոզայից	29
tozayov	դոզայով	44
tpakir	տպագիր	23
tpavorij	տպավորիչ	162
tpavorutyun	տպավորություն	64
tpavorutyun	տպավորությունը	23
tpavorutyune	տպավորությունը	23
tpavorutyunn	տպավորությունն	14
tpavorutyunner	տպավորությունները	14
tpavorutyunnere	տպավորությունները	14
tpavorutyunneri	տպավորությունների	14
tpavorutyunnerov	տպավորություններով	14
tpavorutyunneru	տպավորությունները	14
tpavorutyunnery	տպավորությունները	14
tpavorutyunu	տպավորությունը	23
tpavorutyuny	տպավորությունը	23
tpavorvac	տպավորված	14
tpavorvel	տպավորվել	38
tpens	դպենս	14
tproc	դպրոց	168
tproc	դպրոցը	164
tprocakan	դպրոցական	166
tproce	դպրոցը	164
tproci	դպրոցի	166
tprocic	դպրոցից	164
tprocn	դպրոցն	23
tprocnerum	դպրոցներում	14
tprocu	դպրոցը	164
tprocum	դպրոցում	176
tprocy	դպրոցը	164
tps	դպս	14
tqa	տղա	174
tqamart	տղամարդը	166
tqamart	տղամարդ	65
tqamarte	տղամարդը	166
tqamartik	տղամարդիկ	61
tqamartkanc	տղամարդկանց	44
tqamartn	տղամարդն	34
tqamartu	տղամարդը	166
tqamartu	տղամարդու	58
tqamartun	տղամարդուն	34
tqamartun	տղամարդունը	34
tqamartune	տղամարդունը	34
tqamartunu	տղամարդունը	34
tqamartuny	տղամարդունը	34
tqamarty	տղամարդը	166
tqan	տղան	174
tqaner	տղաները	38
tqaner	տղաներ	14
tqanere	տղաները	38
tqaneri	տղաների	23
tqaneric	տղաներից	23
tqanerin	տղաներին	14
tqaneris	տղաներիս	23
tqanern	տղաներն	14
tqaners	տղաներս	38
tqaneru	տղաները	38
tqanery	տղաները	38
tqas	տղաս	170
tqat	տղադ	38
tqayi	տղայի	49
tqayin	տղային	23
tqayis	տղայիս	14
tqayit	տղայիդ	14
tqeki	տղեքի	14
tqen	տղեն	47
tqerk	տղերքը	42
tqerk	տղերք	14
tqerke	տղերքը	42
tqerku	տղերքը	42
tqerky	տղերքը	42
tqes	տղես	14
tqtapanakan	թղթաբանական	23
tqtapanutyun	թղթաբանություն	42
tqti	թղթի	14
tqtin	թղթին	14
tqu	տղու	49
tqusic	տղուսից	23
tra	դրա	198
tra	թռա	14
trac	դրած	34
trakan	դրական	166
trakan	դրականը	23
trakane	դրականը	23
trakanu	դրականը	23
trakany	դրականը	23
trakel	տրաքել	38
traketyan	տրագեդիան	14
trakik	տրագիկ	14
tram	դրամ	29
trama	դրամա	14
tramajoq	դրամաջող	29
tramanoc	դրամանոց	14
tramapanakan	տրամաբանական	162
tramapanakis	դրամապանակիս	29
tramapanutyan	տրամաբանության	23
tramapanutyun	տրամաբանություն	29
tramatik	դրամատիկ	23
tramatikakan	դրամատիկական	23
tramatrel	տրամադրելը	29
tramatrel	տրամադրել	23
tramatrele	տրամադրելը	29
tramatrelu	տրամադրելը	29
tramatrelu	տրամադրելու	14
tramatrely	տրամադրելը	29
tramatrum	տրամադրում	23
tramatrutyamp	տրամադրությամբ	29
tramatrutyan	տրամադրության	23
tramatrutyun	տրամադրություն	164
tramatrutyun	տրամադրությունը	34
tramatrutyune	տրամադրությունը	34
tramatrutyunn	տրամադրությունն	29
tramatrutyunu	տրամադրությունը	34
tramatrutyuny	տրամադրությունը	34
tramatrvac	տրամադրված	23
tramatrvacutyan	տրամադրվածության	34
tramatrvacutyun	տրամադրվածությունը	34
tramatrvacutyune	տրամադրվածությունը	34
tramatrvacutyunu	տրամադրվածությունը	34
tramatrvacutyuny	տրամադրվածությունը	34
tramatrvum	տրամադրվում	23
trami	դրամի	14
tramic	դրամից	44
tramn	դրամն	14
trampi	թրամփի	34
trampn	թրամփն	14
tran	դրան	176
tran	դռան	42
tranc	դրանց	172
trancic	դրանցից	58
tranic	դրանից	174
trank	դրանք	190
tranov	դրանով	162
transformacya	տրանսֆորմացիա	14
transporti	տրանսպորտի	14
tranteq	դռանտեղը	38
tranteqe	դռանտեղը	38
trantequ	դռանտեղը	38
tranteqy	դռանտեղը	38
tranum	դրանում	47
traticion	տրադիցիոն	47
trav	թռավ	14
travma	տրավմա	14
travmaneric	տրավմաներից	14
travmatik	տրավմատիկ	55
traxtn	դրախտն	14
trec	դրեց	42
treci	դրեցի	14
trecink	դրեցինք	14
trek	դրեք	14
trel	դրել	74
trentayin	թրենդային	14
trenteri	տրենդերի	14
trentner	թրենդներ	14
trerov	թրերով	14
treyt	թրեյդ	14
trijk	թռիչքը	23
trijke	թռիչքը	23
trijki	թռիչքի	14
trijkner	թռիչքները	34
trijknere	թռիչքները	34
trijkneru	թռիչքները	34
trijknery	թռիչքները	34
trijku	թռիչքը	23
trijky	թռիչքը	23
trixolokyan	տրիխոլոգիան	34
trjum	թռչում	162
trjvum	թռչվում	14
trmeluc	թրմելուց	14
trner	դռներ	14
trner	դռները	14
trnere	դռները	14
trneri	դռների	29
trnern	դռներն	34
trneru	դռները	14
trnery	դռները	14
trnum	թռնում	29
trow	դրոշը	29
trowe	դրոշը	29
trowi	դրոշի	14
trowm	դրոշմը	14
trowme	դրոշմը	14
trowmu	դրոշմը	14
trowmy	դրոշմը	14
trowu	դրոշը	29
trowy	դրոշը	29
trsern	դրսերն	38
trsevorel	դրսեւորել	29
trsevorum	դրսեւորում	14
trsevorum	դրսեւորումը	14
trsevorume	դրսեւորումը	14
trsevorumn	դրսեւորումն	14
trsevorumner	դրսեւորումներ	14
trsevorumneric	դրսեւորումներից	23
trsevorumnern	դրսեւորումներն	14
trsevorumu	դրսեւորումը	14
trsevorumy	դրսեւորումը	14
trsevorvum	դրսեւորվում	29
trsic	դրսից	14
trsum	դրսում	178
trtec	դրդեց	14
trtir	թրթիռ	14
trtmutyun	տրտմությունը	29
trtmutyune	տրտմությունը	29
trtmutyunu	տրտմությունը	29
trtmutyuny	տրտմությունը	29
trtvac	դրդված	14
trtvelov	դրդվելով	29
trutyamp	դրությամբ	42
trutyan	դրության	34
trutyunic	դրությունից	14
trutyunov	դրությունով	14
trvac	տրված	34
trvac	դրված	23
trvak	դրվագ	23
trvak	դրվագը	14
trvake	դրվագը	14
trvakner	դրվագներ	29
trvakov	դրվագով	14
trvaku	դրվագը	14
trvaky	դրվագը	14
trvec	տրվեց	42
trvel	տրվել	29
trvi	տրվի	29
trvum	տրվում	64
trvum	դրվում	23
trzepatn	թրզեպատն	14
tster	դստեր	14
tstreri	դստրերի	14
ttu	թթու	23
ttumi	դդումի	14
ttvacnayin	թթվածնային	23
ttvacni	թթվածնի	38
ttvel	թթվել	29
tu	դու	220
tujum	տուժում	23
tuk	դուք	210
tul	թուլ	42
tulacac	թուլացած	23
tulacel	թուլացել	14
tulacnoqn	թուլացնողն	14
tulacnum	թուլացնում	38
tulanum	թուլանում	29
tuli	թուլի	14
tulutyun	թուլությունը	14
tulutyune	թուլությունը	14
tulutyunn	թուլությունն	23
tulutyunu	թուլությունը	14
tulutyuny	թուլությունը	14
tumanyan	թումանյան	23
tumanyan	թումանյանը	14
tumanyane	թումանյանը	14
tumanyann	թումանյանն	29
tumanyanu	թումանյանը	14
tumanyany	թումանյանը	14
tun	տուն	192
tun	տունը	182
tun	դուն	34
tune	տունը	182
tunn	տունն	61
tuns	տունս	23
tunt	թունդ	14
tunu	տունը	182
tuny	տունը	182
tup	տուփ	14
tupay	դուբայ	42
tupay	դուբայը	14
tupaye	դուբայը	14
tupayi	դուբայի	47
tupayu	դուբայը	14
tupayum	դուբայում	74
tupayy	դուբայը	14
tuqt	թուղթ	23
tur	դուր	182
tur	դուռը	166
tur	տուր	164
tur	դուրը	23
ture	դուռը	166
ture	դուրը	23
turer	թուռեր	14
turerin	տուրերին	38
turist	տուրիստ	38
turistakan	տուրիստական	14
turistneri	տուրիստների	14
turizmi	տուրիզմի	23
turk	թուրք	34
turk	տուրք	29
turkakan	թուրքական	14
turkerin	թուրքերին	14
turs	դուրս	198
tursi	դուրսի	29
turu	դուռը	166
turu	դուրը	23
tury	դուռը	166
tury	դուրը	23
tus	տուս	14
tustr	դուստր	29
tustr	դուստրը	14
tustre	դուստրը	14
tustrn	դուստրն	14
tustru	դուստրը	14
tustry	դուստրը	14
tuw	թուշ	14
tuw	տուշ	14
tuwi	տուշի	14
tuyl	թույլ	186
tuylatreli	թույլատրելի	14
tuylatrvum	թույլատրվում	23
tuylin	թույլին	14
tuyln	թույլն	14
tuyn	թույն	44
tva	թվա	23
tvac	տված	51
tvac	թվաց	38
tvacel	թվացել	34
tvacoq	թվացող	42
tvakan	թվական	14
tvakan	թվականը	14
tvakane	թվականը	14
tvakani	թվականի	29
tvakanic	թվականից	29
tvakanin	թվականին	57
tvakann	թվականն	34
tvakanneri	թվականների	23
tvakannerin	թվականներին	29
tvakannern	թվականներն	14
tvakanu	թվականը	14
tvakany	թվականը	14
tvakrvum	թվագրվում	23
tvarkac	թվարկած	23
tvarkec	թվարկեց	23
tvarkel	թվարկել	14
tvarkutyunic	թվարկությունից	23
tvaytvum	տվայտվում	14
tvec	տվեց	170
tveci	տվեցի	44
tvecik	տվեցիք	14
tvecin	տվեցին	51
tvecir	տվեցիր	23
tvek	տվեք	174
tvel	տվել	164
tvel	թվել	38
tver	թվեր	14
tverin	թվերին	14
tverov	թվերով	23
tvi	թվի	23
tvic	թվից	14
tvin	թվին	14
tvoq	տվող	14
tvov	թվով	34
tvoysic	դվոյսից	23
tvum	թվում	194
tvyal	տվյալ	62
tvyalner	տվյալներ	23
tvyalner	տվյալները	23
tvyalnere	տվյալները	23
tvyalneri	տվյալների	14
tvyalneru	տվյալները	23
tvyalnery	տվյալները	23
twi	թշի	14
twnamu	թշնամու	23
twnamun	թշնամուն	14
txac	թխած	47
txel	թխել	14
txeluc	թխելուց	23
txreci	տխրեցի	23
txrelu	տխրելու	14
txrum	տխրում	44
txum	թխում	29
txur	տխուր	164
txvackner	թխվածքները	38
txvacknere	թխվածքները	38
txvackneru	թխվածքները	38
txvacknery	թխվածքները	38
txvum	թխվում	14
tyakner	դիակները	29
tyakner	դիակներ	14
tyaknere	դիակները	29
tyakneru	դիակները	29
tyaknery	դիակները	29
tyaknostikan	դիագնոստիկան	38
tyaloki	դիալոգի	14
tyuramars	դյուրամարս	14
tyyur	թյյուր	14
tzum	դզում	14
u	ու	222
u	ը	73
u	ըըը	44
u	ըը	23
ue	ըըը	44
ue	ըը	23
uh	ըհը	44
uh	ըհ	29
uhe	ըհը	44
uhn	ըհն	23
uj	ուժ	174
uj	ուժը	66
ujayin	ուժային	14
uje	ուժը	66
ujec	ուժեց	47
ujeq	ուժեղ	174
ujeqacnelu	ուժեղացնելու	29
ujeqacnum	ուժեղացնում	14
ujeqanum	ուժեղանում	23
ujeqi	ուժեղի	23
ujeqic	ուժեղից	14
ujer	ուժերը	14
ujere	ուժերը	14
ujeri	ուժերի	14
ujerov	ուժերով	23
ujeru	ուժերը	14
ujery	ուժերը	14
uji	ուժի	62
ujn	ուժն	47
ujov	ուժով	51
uju	ուժը	66
ujy	ուժը	66
ukraina	ուկրաինա	14
ukrainakan	ուկրաինական	14
ukrainayic	ուկրաինայից	14
ulus	ուլուս	14
um	ում	166
um	ումը	14
ume	ումը	14
umic	ումից	14
umn	ումն	14
umpelik	ըմպելիք	23
umperikner	ըմբերիքներ	23
umpost	ըմբոստ	14
umu	ումը	14
umy	ումը	14
unakutyun	ունակությունը	14
unakutyune	ունակությունը	14
unakutyunu	ունակությունը	14
unakutyuny	ունակությունը	14
une	ունե	23
uneca	ունեցա	14
unecac	ունեցած	51
unecank	ունեցանք	38
unecar	ունեցար	14
unecav	ունեցավ	166
unecel	ունեցել	172
unecoq	ունեցող	65
unecvack	ունեցվածքը	29
unecvacke	ունեցվածքը	29
unecvacki	ունեցվածքի	14
unecvacku	ունեցվածքը	29
unecvacky	ունեցվածքը	29
unei	ունեի	172
uneik	ունեիք	14
unein	ունեին	29
uneink	ունեինք	164
uneir	ունեիր	42
unek	ունեք	182
unem	ունեմ	202
unen	ունեն	182
unena	ունենա	164
unenak	ունենաք	42
unenal	ունենալ	180
unenal	ունենալը	23
unenale	ունենալը	23
unenaln	ունենալն	23
unenalov	ունենալով	55
unenalu	ունենալու	72
unenalu	ունենալը	23
unenaluc	ունենալուց	23
unenaly	ունենալը	23
unenam	ունենամ	162
unenan	ունենան	58
unenank	ունենանք	42
unenar	ունենար	14
unenas	ունենաս	170
unenayi	ունենայի	14
unenk	ունենք	182
unenum	ունենում	180
uner	ուներ	170
unes	ունես	194
uni	ունի	196
unikal	ունիկալ	23
unkac	ընկած	44
unkalel	ընկալել	42
unkalen	ընկալեն	14
unkalmamp	ընկալմամբ	29
unkalman	ընկալման	14
unkalum	ընկալում	57
unkalum	ընկալումը	44
unkalume	ընկալումը	44
unkalumn	ընկալումն	14
unkalvum	ընկալվում	38
unkav	ընկավ	160
unkel	ընկել	57
unker	ընկեր	160
unker	ընկերը	29
unkeracel	ընկերացել	57
unkerakan	ընկերական	44
unkeranal	ընկերանալ	14
unkere	ընկերը	29
unkern	ընկերն	65
unkerner	ընկերներ	164
unkerner	ընկերները	42
unkernere	ընկերները	42
unkerneri	ընկերների	168
unkerneric	ընկերներից	14
unkernerics	ընկերներիցս	42
unkernerin	ընկերներին	23
unkerneris	ընկերներիս	180
unkernerit	ընկերներիդ	14
unkernern	ընկերներն	34
unkernerov	ընկերներով	172
unkerners	ընկերներս	34
unkeroj	ընկերոջ	34
unkerojs	ընկերոջս	14
unkers	ընկերս	14
unkeruhi	ընկերուհի	29
unkeruhin	ընկերուհին	14
unkeruhiner	ընկերուհիները	23
unkeruhiner	ընկերուհիներ	14
unkeruhinere	ընկերուհիները	23
unkeruhineri	ընկերուհիների	14
unkeruhu	ընկերուհու	14
unkeruhus	ընկերուհուս	14
unkerutyan	ընկերության	55
unkerutyan	ընկերությանը	14
unkerutyane	ընկերությանը	14
unkerutyun	ընկերությունը	164
unkerutyun	ընկերություն	70
unkerutyune	ընկերությունը	164
unkerutyunn	ընկերությունն	14
unkerutyunner	ընկերություններ	14
unkerutyunner	ընկերությունները	14
unkerutyunnere	ընկերությունները	14
unkerutyunneri	ընկերությունների	44
unkerutyunum	ընկերությունում	14
unkjvac	ընկճված	23
unkjveci	ընկճվեցի	14
unknel	ընկնել	44
unknelov	ընկնելով	23
unknum	ընկնում	44
unkuyz	ընկույզ	23
unkuyz	ընկույզը	14
unkuyze	ընկույզը	14
unkuyzov	ընկույզով	23
unt	ընդ	65
untack	ընթացքը	42
untack	ընթացք	38
untacke	ընթացքը	42
untacki	ընթացքի	34
untackin	ընթացքին	14
untackn	ընթացքն	23
untackum	ընթացքում	182
untamen	ընդամենը	168
untamene	ընդամենը	168
untanekan	ընտանեկան	174
untanik	ընտանիքը	168
untanik	ընտանիք	162
untanike	ընտանիքը	168
untaniki	ընտանիքի	176
untanikic	ընտանիքից	14
untanikin	ընտանիքին	160
untanikis	ընտանիքիս	168
untanikit	ընտանիքիդ	14
untanikn	ընտանիքն	38
untanikner	ընտանիքները	23
untanikner	ընտանիքներ	14
untaniknere	ընտանիքները	23
untanikneri	ընտանիքների	23
untaniknerin	ընտանիքներին	14
untaniknern	ընտանիքներն	14
untaniknerum	ընտանիքներում	23
untanikov	ընտանիքով	172
untaniks	ընտանիքս	38
untanikt	ընտանիքդ	14
untanikum	ընտանիքում	162
untanum	ընթանում	164
untarcak	ընդարձակ	29
untcerum	ընդձեռում	14
unteq	ընդեղ	14
untercum	ընթերցում	14
unthakarak	ընդհակառակը	14
unthakarake	ընդհակառակը	14
unthanrapes	ընդհանրապես	164
unthanur	ընդհանուր	172
unthatum	ընդհատում	14
unthup	ընդհուպ	14
untimutyan	ընդիմության	23
untir	ընտիր	38
untkcel	ընդգծել	57
untkcelu	ընդգծելու	23
untkcum	ընդգծում	53
untkcvac	ընդգծված	14
untkcvum	ընդգծվում	23
untkrkum	ընդգրկում	29
untkrkun	ընդգրկուն	23
untkrkvac	ընդգրկված	23
untkrkvel	ընդգրկվել	23
untlaynel	ընդլայնել	23
untlaynvac	ընդլայնված	14
untlaynvel	ընդլայնվել	29
untlaynvelov	ընդլայնվելով	23
untlaynvelu	ընդլայնվելու	29
untmijenk	ընդմիջենք	14
untmijumic	ընդմիջումից	14
untmijumneri	ընդմիջումների	14
untrac	ընտրած	42
untrani	ընտրանի	29
untranin	ընտրանին	57
untrec	ընտրեց	34
untreci	ընտրեցի	49
untrecin	ընտրեցին	14
untrecir	ընտրեցիր	14
untrei	ընտրեի	29
untrel	ընտրել	170
untreln	ընտրելն	14
untrelu	ընտրելու	47
untrem	ընտրեմ	160
untren	ընտրեն	47
untrik	ընտրիքը	23
untrike	ընտրիքը	23
untrikin	ընթրիքին	23
untrum	ընտրում	74
untrutyan	ընտրության	34
untrutyun	ընտրություն	174
untrutyun	ընտրությունը	55
untrutyune	ընտրությունը	55
untrutyunn	ընտրությունն	42
untrutyunneric	ընտրություններից	14
untrvac	ընտրված	29
untrvel	ընտրվել	42
untrvum	ընտրվում	14
unttimatir	ընդդիմադիր	14
unttimutyun	ընդդիմություն	14
untuneci	ընդունեցի	14
untunecin	ընդունեցին	14
untunecir	ընդունեցիր	29
untunel	ընդունել	61
untuneli	ընդունելի	14
untunelov	ընդունելով	29
untunelu	ընդունելու	14
untuneluc	ընդունելուց	14
untunelutyan	ընդունելության	14
untunem	ընդունեմ	14
untunen	ընդունեն	14
untunenk	ընդունենք	29
untunes	ընդունես	14
untuni	ընդունի	34
untunman	ընդունման	14
untunum	ընդունում	73
untunvac	ընդունված	42
untunveci	ընդունվեցի	29
untunvei	ընդունվեի	38
untunvel	ընդունվել	38
untunvelu	ընդունվելու	14
untunvem	ընդունվեմ	34
untunver	ընդունվեր	14
untunvum	ընդունվում	23
uqaki	ուղակի	14
uqarkek	ուղարկեք	44
uqarkel	ուղարկել	166
uqarkum	ուղարկում	47
uqarkvum	ուղարկվում	23
uqecuyc	ուղեցույցը	23
uqecuyc	ուղեցույց	14
uqecuyce	ուղեցույցը	23
uqecuycu	ուղեցույցը	23
uqecuycy	ուղեցույցը	23
uqekcel	ուղեկցել	23
uqekcelu	ուղեկցելու	14
uqekcum	ուղեկցում	14
uqekcvel	ուղեկցվել	14
uqekcvum	ուղեկցվում	23
uqeq	ուղեղ	34
uqeq	ուղեղը	14
uqeqe	ուղեղը	14
uqeqi	ուղեղի	23
uqeqis	ուղեղիս	14
uqeqit	ուղեղիդ	14
uqeqn	ուղեղն	38
uqequ	ուղեղը	14
uqeqy	ուղեղը	14
uqevorutyan	ուղեւորության	23
uqevorutyun	ուղեւորությունը	42
uqevorutyune	ուղեւորությունը	42
uqevorutyunneri	ուղեւորությունների	23
uqevorutyunu	ուղեւորությունը	42
uqevorutyuny	ուղեւորությունը	42
uqevorvum	ուղեւորվում	14
uqin	ուղին	14
uqiq	ուղիղ	162
uqqaki	ուղղակի	200
uqqatir	ուղղաթիռը	23
uqqatire	ուղղաթիռը	23
uqqatiru	ուղղաթիռը	23
uqqatiry	ուղղաթիռը	23
uqqel	ուղղել	23
uqqi	ուղղի	14
uqqman	ուղղման	44
uqqortelu	ուղղորդելու	34
uqqortum	ուղղորդում	23
uqqu	ուղղու	23
uqqum	ուղղում	42
uqqum	ուղղումը	38
uqqume	ուղղումը	38
uqqumu	ուղղումը	38
uqqumy	ուղղումը	38
uqqutyamp	ուղղությամբ	160
uqqutyan	ուղղության	14
uqqutyun	ուղղություն	14
uqqutyunner	ուղղություններ	14
uqqutyunneric	ուղղություններից	14
uqqvac	ուղղված	14
uqqvacutyun	ուղղվածություն	14
ur	ուր	184
ur	ուռ	14
uranum	ուրանում	14
urax	ուրախ	202
uraxaca	ուրախացա	14
uraxacank	ուրախացանք	14
uraxacel	ուրախացել	14
uraxacnel	ուրախացնել	23
uraxacnem	ուրախացնեմ	14
uraxacnum	ուրախացնում	57
uraxali	ուրախալի	58
uraxanal	ուրախանալ	29
uraxanum	ուրախանում	58
uraxneri	ուրախների	14
uraxutyamp	ուրախությամբ	34
uraxutyan	ուրախության	23
uraxutyun	ուրախություն	29
uraxutyun	ուրախությունը	14
uraxutyune	ուրախությունը	14
uraxutyunu	ուրախությունը	14
uraxutyuny	ուրախությունը	14
urel	ուռել	29
uremn	ուրեմն	192
uriw	ուրիշ	196
uriw	ուրիշը	23
uriwe	ուրիշը	23
uriwi	ուրիշի	14
uriwin	ուրիշին	14
uriwn	ուրիշն	14
uriwner	ուրիշները	14
uriwnere	ուրիշները	14
uriwneri	ուրիշների	162
uriwneru	ուրիշները	14
uriwnery	ուրիշները	14
uriwu	ուրիշը	23
uriwy	ուրիշը	23
urpat	ուրբաթ	162
uruyn	ուրույն	14
usanoq	ուսանող	160
usanoqakan	ուսանողական	166
usanoqner	ուսանողները	23
usanoqner	ուսանողներ	14
usanoqnere	ուսանողները	23
usanoqneric	ուսանողներից	14
usanoqneru	ուսանողները	23
usanoqnery	ուսանողները	23
useri	ուսերի	29
userin	ուսերին	34
usman	ուսման	47
ust	ըստ	164
usti	ուստի	162
usucij	ուսուցիչը	162
usucij	ուսուցիչ	160
usucije	ուսուցիչը	162
usuciju	ուսուցիչը	162
usucijy	ուսուցիչը	162
usucjuhi	ուսուցչուհի	23
usucjuhin	ուսուցչուհին	162
usucumner	ուսուցումները	38
usucumnere	ուսուցումները	38
usucumneru	ուսուցումները	38
usucumnery	ուսուցումները	38
usumnasirel	ուսումնասիրել	164
usumnasirum	ուսումնասիրում	164
usumnasirutyunner	ուսումնասիրություններ	14
usumnasirvac	ուսումնասիրված	14
ut	ութ	74
ut	ութը	23
ute	ութը	23
utek	ուտեք	23
utel	ուտել	176
utelik	ուտելիքը	170
utelik	ուտելիք	168
utelike	ուտելիքը	170
uteliki	ուտելիքի	164
utelikner	ուտելիքները	34
utelikner	ուտելիքներ	23
uteliknere	ուտելիքները	34
utelikneri	ուտելիքների	34
uteliknern	ուտելիքներն	23
utelikneru	ուտելիքները	34
uteliknery	ուտելիքները	34
uteliku	ուտելիքը	170
uteliky	ուտելիքը	170
utelis	ուտելիս	14
utelu	ուտելու	168
uteluc	ուտելուց	14
utem	ուտեմ	14
uten	ուտեն	23
utenk	ուտենք	44
uterort	ութերորդ	14
utes	ուտես	44
utesneri	ուտեսների	14
utest	ուտեստ	178
utest	ուտեստը	174
uteste	ուտեստը	174
utesti	ուտեստի	162
utestn	ուտեստն	14
utestner	ուտեստներ	172
utestner	ուտեստները	166
utestnere	ուտեստները	166
utestneri	ուտեստների	164
utestneric	ուտեստներից	23
utestnern	ուտեստներն	29
utestnerov	ուտեստներով	23
utestneru	ուտեստները	166
utestnery	ուտեստները	166
utestu	ուտեստը	174
utesty	ուտեստը	174
uti	ուտի	34
utoq	ուտող	14
utoq	ուտողը	14
utoqe	ուտողը	14
utoqu	ուտողը	14
utoqy	ուտողը	14
utu	ութը	23
utum	ուտում	176
uty	ութը	23
utyan	ության	14
uw	ուշ	186
uwacel	ուշացել	29
uwacoq	ուշացող	14
uwanum	ուշանում	170
uwatir	ուշադիր	178
uwatrutyamp	ուշադրությամբ	14
uwatrutyan	ուշադրության	23
uwatrutyans	ուշադրությանս	14
uwatrutyun	ուշադրություն	174
uwatrutyun	ուշադրությունը	44
uwatrutyune	ուշադրությունը	44
uwatrutyunn	ուշադրությունն	29
uwatrutyunu	ուշադրությունը	44
uwatrutyuny	ուշադրությունը	44
uwki	ուշքի	29
uzac	ուզած	38
uzacin	ուզածին	23
uzacn	ուզածն	14
uzacov	ուզածով	23
uzeca	ուզեցա	14
uzecel	ուզեցել	67
uzek	ուզեք	29
uzel	ուզել	38
uzel	ուզելը	14
uzele	ուզելը	14
uzelu	ուզելը	14
uzelu	ուզելու	14
uzely	ուզելը	14
uzen	ուզեն	23
uzena	ուզենա	23
uzenam	ուզենամ	14
uzenas	ուզենաս	29
uzer	ուզեր	29
uzes	ուզես	23
uzi	ուզի	51
uzoq	ուզող	34
uzum	ուզում	208
va	վա	14
vac	ված	23
vahakn	վահագն	14
vahanak	վահանակ	44
vahe	վահե	198
vahen	վահեն	14
vajar	վաճառ	34
vajarac	վաճառած	14
vajarel	վաճառել	14
vajarelu	վաճառելու	14
vajark	վաճառք	14
vajarki	վաճառքի	44
vajarkov	վաճառքով	34
vajarkum	վաճառքում	14
vajarum	վաճառում	53
vajarvi	վաճառվի	29
vajarvum	վաճառվում	29
vaje	վաչե	38
vajei	վաչեի	14
vakuum	վակուում	44
valentayni	վալենտայնի	23
valentin	վալենթինը	23
valentine	վալենթինը	23
valentinu	վալենթինը	23
valentiny	վալենթինը	23
vana	վանա	14
vanakani	վանականի	14
vanel	վանել	38
vanka	վանգա	14
vanker	վանքեր	14
vanki	վանքի	29
vanki	վանկի	14
vankum	վանքում	14
vapwe	վաբշե	34
vaq	վաղը	182
vaq	վաղ	178
vaqe	վաղը	182
vaqemi	վաղեմի	14
vaqn	վաղն	14
vaqu	վաղը	182
vaquc	վաղուց	172
vaqva	վաղվա	160
vaqy	վաղը	182
var	վառ	53
varakuyr	վարագույր	29
varakuyrner	վարագույրներ	14
varc	վարձը	23
varc	վարձ	14
varcakalel	վարձակալել	14
varcakalutyamp	վարձակալությամբ	14
varcatrvum	վարձատրվում	38
varcavanocic	վարձավանոցից	14
varce	վարձը	23
varcov	վարձով	23
varcu	վարձը	23
varcy	վարձը	23
varel	վարել	29
varel	վառել	23
varelu	վարելու	14
varjakazmi	վարչակազմի	38
varjapet	վարչապետը	34
varjapet	վարչապետ	14
varjapete	վարչապետը	34
varjapeti	վարչապետի	23
varjapetin	վարչապետին	14
varjapetn	վարչապետն	34
varjapetu	վարչապետը	34
varjapety	վարչապետը	34
vark	վարկ	23
vark	վարք	23
varkac	վարկածը	14
varkace	վարկածը	14
varkacu	վարկածը	14
varkacy	վարկածը	14
varkaniw	վարկանիշ	14
varkapekel	վարկաբեկել	14
varort	վարորդ	14
varort	վարորդը	14
varorte	վարորդը	14
varortner	վարորդներ	14
varorts	վարորդս	29
varortu	վարորդը	14
varorty	վարորդը	14
varsahartarman	վարսահարդարման	14
varsaki	վարսակի	14
vart	վարդ	14
vart	վարդը	14
vartakuyn	վարդագույն	34
vartan	վարդան	23
vartann	վարդանն	23
vartanyann	վարդանյանն	14
varte	վարդը	14
vartu	վարդը	14
varty	վարդը	14
varum	վարում	34
varum	վառում	29
varunk	վարունգ	29
varunki	վարունգի	14
varvac	վառված	14
varvec	վարվեց	42
varvel	վառվել	44
varvel	վարվել	42
varvum	վարվում	23
varvum	վառվում	14
vasili	վասիլի	14
vastakac	վաստակածը	14
vastakace	վաստակածը	14
vastakacu	վաստակածը	14
vastakacy	վաստակածը	14
vastakavor	վաստակավոր	23
vastakel	վաստակել	29
vastakum	վաստակում	14
vat	վատ	180
vat	վատը	29
vataroqj	վատառողջ	14
vate	վատը	29
vati	վատի	29
vatn	վատն	53
vatnac	վատնած	34
vatov	վատով	14
vatu	վատը	29
vatutyun	վատություն	14
vaty	վատը	29
vau	վաու	14
vaverakrakan	վավերագրական	166
vax	վախ	44
vax	վախը	14
vaxcnum	վախցնում	14
vaxe	վախը	14
vaxeca	վախեցա	29
vaxecel	վախեցել	29
vaxecnum	վախեցնում	14
vaxena	վախենա	38
vaxenalu	վախենալու	23
vaxenum	վախենում	170
vaxer	վախեր	42
vaxer	վախերը	14
vaxere	վախերը	14
vaxeri	վախերի	23
vaxerin	վախերին	14
vaxern	վախերն	14
vaxeru	վախերը	14
vaxery	վախերը	14
vaxi	վախի	14
vaxn	վախն	23
vaxov	վախով	14
vaxsov	վախսով	14
vaxt	վախտ	49
vaxu	վախը	14
vaxum	վախում	29
vaxvum	վախվում	14
vaxy	վախը	14
vay	վայ	182
vayelei	վայելեի	23
vayelek	վայելեք	34
vayelel	վայելել	164
vayelelu	վայելելու	14
vayelem	վայելեմ	29
vayelen	վայելեն	23
vayeli	վայելի	44
vayelki	վայելքի	23
vayelum	վայելում	49
vayn	վայն	14
vayneri	վայների	14
vaynl	վայնլը	23
vaynle	վայնլը	23
vaynlu	վայնլը	23
vaynly	վայնլը	23
vayoc	վայոց	23
vayp	վայպը	23
vaype	վայպը	23
vaypu	վայպը	23
vaypy	վայպը	23
vayr	վայր	164
vayr	վայրը	14
vayre	վայրը	14
vayrer	վայրեր	168
vayrer	վայրերը	14
vayrere	վայրերը	14
vayreric	վայրերից	51
vayrerin	վայրերին	14
vayreru	վայրերը	14
vayrerum	վայրերում	23
vayrery	վայրերը	14
vayric	վայրից	42
vayrkyan	վայրկյան	53
vayrkyan	վայրկյանը	38
vayrkyanakan	վայրկյանական	44
vayrkyane	վայրկյանը	38
vayrkyanin	վայրկյանին	14
vayrkyanner	վայրկյաններ	14
vayrkyanu	վայրկյանը	38
vayrkyany	վայրկյանը	38
vayrn	վայրն	51
vayru	վայրը	14
vayrum	վայրում	42
vayry	վայրը	14
vays	վայս	29
vazel	վազել	44
vazelov	վազելով	14
vazelu	վազելու	29
vazi	վազի	14
vaziv	վազիվ	14
vazken	վազգենը	29
vazken	վազգեն	14
vazkene	վազգենը	29
vazkenu	վազգենը	29
vazkeny	վազգենը	29
vazki	վազքի	23
vazkum	վազգում	23
vazum	վազում	170
vec	վեց	84
vec	վեցը	29
vece	վեցը	29
vecerort	վեցերորդ	38
vecu	վեցը	29
vecy	վեցը	29
vehapar	վեհափառ	14
vehapari	վեհափառի	14
vehaparin	վեհափառին	14
vej	վեճ	29
vejer	վեճեր	38
vejer	վեճերը	14
vejere	վեճերը	14
vejeru	վեճերը	14
vejery	վեճերը	14
vel	վել	14
vena	վենա	42
venahamarisic	վենահամարիսից	34
venus	վենուս	47
ver	վեր	170
ver	վերը	23
veracel	վերածել	14
veracel	վերացել	14
veracman	վերացման	44
veracnel	վերացնել	64
veracnum	վերացնում	14
veracnunt	վերածնունդ	23
veracnunt	վերածնունդը	23
veracnunte	վերածնունդը	23
veracnuntu	վերածնունդը	23
veracnunty	վերածնունդը	23
veracum	վերացում	49
veracum	վերածում	42
veracum	վերացումը	29
veracume	վերացումը	29
veracumic	վերացումից	47
veracumu	վերացումը	29
veracumy	վերացումը	29
veracvel	վերածվել	14
veracvum	վերածվում	14
verahskvum	վերահսկվում	14
veraimastavorvum	վերաիմաստավորվում	14
verakanknel	վերականգնել	38
verakanknelov	վերականգնելով	14
verakanknelu	վերականգնելու	29
verakanknes	վերականգնես	44
verakanknman	վերականգնման	23
verakanknoqakan	վերականգնողական	23
verakanknum	վերականգնում	14
verakanknvel	վերականգնվել	14
verakanknvum	վերականգնվում	29
verakarucvum	վերակառուցվում	29
verakrum	վերագրում	14
verakrvum	վերագրվում	14
veranan	վերանան	42
veranank	վերանանք	14
veranayum	վերանայում	14
veranorokel	վերանորոգել	14
veranorokmamp	վերանորոգմամբ	23
veranorokman	վերանորոգման	14
veranorokum	վերանորոգում	14
veranorokvac	վերանորոգված	34
veranorokvum	վերանորոգվում	34
veranta	վերանդա	44
verantaunj	վերանդաունջ	29
verantayi	վերանդայի	38
veranum	վերանում	14
verapatrastum	վերապատրաստում	23
verapatrastvum	վերապատրաստվում	42
veraperel	վերաբերել	14
verapermunk	վերաբերմունք	38
verapermunk	վերաբերմունքը	29
verapermunke	վերաբերմունքը	29
verapermunki	վերաբերմունքի	14
verapermunkn	վերաբերմունքն	14
verapermunku	վերաբերմունքը	29
verapermunky	վերաբերմունքը	29
veraperoq	վերաբերող	14
veraperum	վերաբերում	162
verapervel	վերաբերվել	38
verapervelu	վերաբերվելու	14
verapervoq	վերաբերվող	14
verapervum	վերաբերվում	72
veraperyal	վերաբերյալ	62
verapoxman	վերափոխման	23
verapoxum	վերափոխում	14
verapoxvum	վերափոխվում	14
veraprum	վերապրում	14
veratarc	վերադարձը	14
veratarca	վերադարձա	29
veratarcank	վերադարձանք	14
veratarcar	վերադարձար	14
veratarcav	վերադարձավ	14
veratarce	վերադարձը	14
veratarcel	վերադարձել	162
veratarci	վերադարձի	14
veratarcnei	վերադարձնեի	14
veratarcnel	վերադարձնել	34
veratarcnum	վերադարձնում	14
veratarcr	վերադարձր	23
veratarcu	վերադարձը	14
veratarcy	վերադարձը	14
veratarna	վերադառնա	14
veratarnal	վերադառնալ	160
veratarnalov	վերադառնալով	29
veratarnalu	վերադառնալու	14
veratarnam	վերադառնամ	160
veratarnank	վերադառնանք	14
veratarnum	վերադառնում	38
vercnel	վերցնել	166
vercnel	վերցնելը	14
vercnele	վերցնելը	14
vercnelov	վերցնելով	44
vercnelu	վերցնելը	14
vercnelu	վերցնելու	14
vercnely	վերցնելը	14
vercnem	վերցնեմ	14
vercnen	վերցնեն	14
vercnenk	վերցնենք	14
vercner	վերցներ	29
vercnes	վերցնես	34
vercni	վերցնի	14
vercnum	վերցնում	160
vercrac	վերցրած	47
vercrec	վերցրեց	42
vercreci	վերցրեցի	29
vercrek	վերցրեք	38
vercrel	վերցրել	162
vere	վերը	23
verev	վերեւ	42
verevi	վերեւի	14
verevic	վերեւից	14
verevum	վերեւում	14
verhiwum	վերհիշում	14
verin	վերին	34
verj	վերջ	166
verj	վերջը	44
verjacac	վերջացած	23
verjacav	վերջացավ	14
verjacel	վերջացել	34
verjacnel	վերջացնել	42
verjacnum	վերջացնում	29
verjacrac	վերջացրած	29
verjacrel	վերջացրել	14
verjacrink	վերջացրինք	29
verjanum	վերջանում	38
verjapes	վերջապես	168
verje	վերջը	44
verjers	վերջերս	190
verjin	վերջին	186
verjinn	վերջինն	14
verjiverjo	վերջիվերջո	14
verjn	վերջն	57
verjnajamket	վերջնաժամկետ	29
verjnakan	վերջնական	44
verjnakanapes	վերջնականապես	29
verjnaket	վերջնակետը	23
verjnakete	վերջնակետը	23
verjnaketu	վերջնակետը	23
verjnakety	վերջնակետը	23
verjnartyunk	վերջնարդյունքը	29
verjnartyunke	վերջնարդյունքը	29
verjnartyunku	վերջնարդյունքը	29
verjnartyunky	վերջնարդյունքը	29
verjo	վերջո	164
verju	վերջը	44
verjum	վերջում	172
verjy	վերջը	44
verk	վերք	14
verk	վերքը	14
verke	վերքը	14
verker	վերքերը	44
verkere	վերքերը	44
verkeru	վերքերը	44
verkery	վերքերը	44
verki	վերքի	14
verku	վերքը	14
verky	վերքը	14
verlucel	վերլուծել	38
verlucum	վերլուծում	34
veru	վերը	23
verust	վերուստ	44
very	վերը	23
vetu	վեդու	23
vetyalko	վեդիալկո	14
vijak	վիճակ	53
vijak	վիճակը	47
vijakakrakan	վիճակագրական	14
vijake	վիճակը	47
vijaki	վիճակի	47
vijakic	վիճակից	23
vijakin	վիճակին	14
vijakn	վիճակն	14
vijakner	վիճակներ	14
vijakneri	վիճակների	23
vijaku	վիճակը	47
vijakum	վիճակում	68
vijakvec	վիճակվեց	14
vijaky	վիճակը	47
vijel	վիճել	23
vijem	վիճեմ	34
vijum	վիճում	38
viken	վիգեն	29
viktor	վիկտոր	29
viktorya	վիկտորիա	23
viner	վիներ	49
viner	վիները	44
vinere	վիները	44
vinerner	վիներներ	23
vinerneri	վիներների	38
vineru	վիները	44
vinery	վիները	44
vinirner	վինիրներ	34
vinus	վինուս	53
vinusi	վինուսի	42
vinuskc	վինուսկց	29
vinuskic	վինուսկիծ	38
vinuskicum	վինուսկիցում	29
vinuskift	վինուսկիֆտ	29
vinuskiftcum	վինուսկիֆտցում	29
vinuskirc	վինուսկիրց	29
virahatakan	վիրահատական	23
virahataran	վիրահատարան	29
virahatel	վիրահատել	14
virahatum	վիրահատում	34
virahatutyan	վիրահատության	29
virahatutyun	վիրահատություն	34
virahatutyun	վիրահատությունը	14
virahatutyune	վիրահատությունը	14
virahatutyunic	վիրահատությունից	14
virahatutyunner	վիրահատություններ	14
virahatutyunu	վիրահատությունը	14
virahatutyuny	վիրահատությունը	14
virapuj	վիրաբուժը	38
virapuje	վիրաբուժը	38
virapuju	վիրաբուժը	38
virapujutyan	վիրաբուժության	38
virapujy	վիրաբուժը	38
viravorank	վիրավորանք	14
viravorel	վիրավորել	47
viravorelu	վիրավորելու	14
viravori	վիրավորի	14
viravorum	վիրավորում	23
viravorvac	վիրավորված	14
viravorvum	վիրավորվում	14
virtual	վիրտուալ	14
vitamin	վիտամին	29
vitaminayin	վիտամինային	14
vitaminc	վիտամինց	14
vitamini	վիտամինի	14
vitaminner	վիտամիններ	34
vitaminner	վիտամինները	14
vitaminnere	վիտամինները	14
vitaminneru	վիտամինները	14
vitaminnery	վիտամինները	14
viteo	վիդեո	23
viteon	վիդեոն	14
viteoner	վիդեոներ	29
viteoner	վիդեոները	14
viteonere	վիդեոները	14
viteoneri	վիդեոների	14
viteoneric	վիդեոներից	23
viteoners	վիդեոներս	14
viteoneru	վիդեոները	14
viteonery	վիդեոները	14
viteoyi	վիդեոյի	14
viwt	վիշտը	23
viwt	վիշտ	14
viwte	վիշտը	23
viwtu	վիշտը	23
viwty	վիշտը	23
viz	վիզը	14
viza	վիզա	14
vizan	վիզան	23
vizaner	վիզաները	38
vizanere	վիզաները	38
vizaneru	վիզաները	38
vizanery	վիզաները	38
vizayi	վիզայի	23
vizayov	վիզայով	29
vize	վիզը	14
vizilayn	վիզիլայնը	23
vizilayne	վիզիլայնը	23
vizilaynu	վիզիլայնը	23
vizilayny	վիզիլայնը	23
vizu	վիզը	14
vizual	վիզուալ	23
vizy	վիզը	14
vjar	վճար	42
vjarel	վճարել	47
vjarelov	վճարելով	14
vjarelu	վճարելու	47
vjarman	վճարման	44
vjarum	վճարում	57
vjarumner	վճարումները	29
vjarumnere	վճարումները	29
vjarumneru	վճարումները	29
vjarumnery	վճարումները	29
vkayum	վկայում	14
vkayvac	վկայված	14
vlatimir	վլադիմիր	14
vlokinki	վլոգինգի	14
vm	ւմ	170
vnas	վնաս	29
vnasakar	վնասակար	14
vnasum	վնասում	23
vnasvac	վնասված	14
vnasvack	վնասվածք	38
vnasvackic	վնասվածքից	14
vnasvackner	վնասվածքներ	23
vnasvackneri	վնասվածքների	44
vnasvel	վնասվել	34
vnasvum	վնասվում	14
vokal	վոկալ	14
vra	վրա	202
vran	վրան	34
vras	վրաս	29
vrastanov	վրաստանով	14
vrayic	վրայից	14
vrayov	վրայով	14
vrej	վրեժ	14
vren	վրեն	14
vres	վրես	23
vstah	վստահ	174
vstahapar	վստահաբար	47
vstahecir	վստահեցիր	14
vstahecnum	վստահեցնում	23
vstahek	վստահեք	42
vstahel	վստահել	38
vstaheli	վստահելի	42
vstaheln	վստահելն	14
vstahelu	վստահելու	14
vstahoren	վստահորեն	14
vstahum	վստահում	68
vstahutyan	վստահության	23
vstahutyun	վստահությունը	57
vstahutyun	վստահություն	14
vstahutyune	վստահությունը	57
vstahutyunu	վստահությունը	57
vstahutyuny	վստահությունը	57
vstahvac	վստահված	14
vsyo	վսյո	55
vtank	վտանգ	42
vtank	վտանգը	23
vtankavor	վտանգավոր	162
vtanke	վտանգը	23
vtanki	վտանգի	14
vtanku	վտանգը	23
vtankvac	վտանգված	14
vtanky	վտանգը	23
vum	վում	14
wahakorcel	շահագործել	23
waharkum	շահարկում	14
wahekan	շահեկան	14
wahel	շահել	34
wahelu	շահելու	38
waheric	շահերից	14
wahi	շահի	14
wakaravaz	շաքարավազ	23
wakaravazi	շաքարավազի	23
wakari	շաքարի	14
wake	շաքե	23
wamwatin	շամշադին	29
wan	շան	38
wans	շանս	14
wans	շանսը	14
wanse	շանսը	14
wansu	շանսը	14
wansy	շանսը	14
want	շանթը	14
wantaj	շանտաժ	23
wante	շանթը	14
wanti	շանթի	14
wantu	շանթը	14
wanty	շանթը	14
wapat	շաբաթ	190
wapat	շաբաթը	164
wapatakan	շաբաթական	44
wapate	շաբաթը	164
wapatkiraki	շաբաթ-կիրակի	168
wapatneri	շաբաթների	14
wapatu	շաբաթը	164
wapatum	շաբաթում	38
wapatva	շաբաթվա	174
wapatvanic	շաբաթվանից	14
wapaty	շաբաթը	164
waqik	շաղիկ	14
warecin	շարեցին	23
warjij	շարժիչ	14
warjman	շարժման	29
warjum	շարժում	23
warjumn	շարժումն	14
warjvum	շարժվում	160
wark	շարք	67
warkayin	շարքային	29
warkum	շարքում	55
warum	շարում	14
warunak	շարունակ	77
warunakakan	շարունակական	42
warunakek	շարունակեք	42
warunakel	շարունակել	29
warunakelu	շարունակելու	29
warunakenk	շարունակենք	34
warunakes	շարունակես	14
warunakir	շարունակիր	160
warunakum	շարունակում	162
warunakutyun	շարունակություն	14
warunakvel	շարունակվել	29
warunakvelu	շարունակվելու	34
warunakvum	շարունակվում	38
wat	շատ	230
watacav	շատացավ	14
watacel	շատացել	23
watanum	շատանում	38
water	շատերը	164
watere	շատերը	164
wateri	շատերի	57
waterin	շատերին	38
wateris	շատերիս	34
watern	շատերն	44
wateru	շատերը	164
watery	շատերը	164
watn	շատն	14
waxmat	շախմատ	23
waxmati	շախմատի	14
wef	շեֆ	34
wefxoharar	շեֆխոհարար	14
wekspirin	շեքսպիրին	23
wenk	շենքը	42
wenk	շենք	14
wenke	շենքը	42
wenker	շենքեր	14
wenki	շենքի	164
wenku	շենքը	42
wenkum	շենքում	14
wenky	շենքը	42
wequm	շեղում	14
wequmneri	շեղումների	44
weqvac	շեղված	14
weqvel	շեղվել	29
wert	շերտ	47
wert	շերտը	23
wertavor	շերտավոր	23
wertazatman	շերտազատման	14
wertazatoq	շերտազատող	42
wertazatum	շերտազատում	14
werte	շերտը	23
werter	շերտեր	14
werteri	շերտերի	38
werteric	շերտերից	38
werterov	շերտերով	23
werti	շերտի	14
wertov	շերտով	34
wertu	շերտը	23
werty	շերտը	23
wewt	շեշտը	29
wewtatrvac	շեշտադրված	42
wewte	շեշտը	29
wewtec	շեշտեց	23
wewtel	շեշտել	23
wewtelu	շեշտելու	34
wewtu	շեշտը	29
wewtum	շեշտում	34
wewty	շեշտը	29
wijuk	շիճուկ	14
wijukn	շիճուկն	34
winararakan	շինարարական	14
winararutyan	շինարարության	14
wirazn	շիրազն	14
wirim	շիրիմը	14
wirime	շիրիմը	14
wirimin	շիրիմին	23
wirimu	շիրիմը	14
wirimy	շիրիմը	14
wirmakari	շիրմաքարի	23
wiw	շիշ	14
wkeq	շքեղ	71
wkequtyamp	շքեղությամբ	38
wner	շներ	14
wneri	շների	14
wneric	շներից	23
wni	շնի	44
wniknerin	շնիկներին	34
wnjel	շնչել	29
wnjum	շնչում	14
wnor	շնոր	14
wnorh	շնորհ	14
wnorhakal	շնորհակալ	204
wnorhakalakan	շնորհակալական	23
wnorhakalutyamp	շնորհակալությամբ	14
wnorhakalutyun	շնորհակալություն	208
wnorhakalutyun	շնորհակալությունը	14
wnorhakalutyune	շնորհակալությունը	14
wnorhakalutyunn	շնորհակալությունն	23
wnorhakalutyunu	շնորհակալությունը	14
wnorhakalutyuny	շնորհակալությունը	14
wnorhantesin	շնորհանդեսին	42
wnorhavor	շնորհավոր	29
wnorhavorel	շնորհավորել	23
wnorhavorum	շնորհավորում	166
wnorhawat	շնորհաշատ	14
wnorhiv	շնորհիվ	162
wnorhkic	շնորհքից	14
wnorhkn	շնորհքն	29
wo	շո	14
wok	շոգ	170
wok	շոգը	160
wok	շոք	42
wok	շոկ	14
wokayin	շոկային	23
woke	շոգը	160
woki	շոկի	14
wokin	շոգին	162
wokolat	շոկոլադ	38
wokolati	շոկոլադի	14
wokolatn	շոկոլադն	14
woku	շոգը	160
woky	շոգը	160
woni	շոնի	14
woqer	շողերը	42
woqere	շողերը	42
woqeri	շողերի	14
woqeru	շողերը	42
woqery	շողերը	42
wor	շորը	44
wor	շոր	29
wore	շորը	44
worer	շորերը	29
worere	շորերը	29
worerov	շորերով	51
woreru	շորերը	29
worery	շորերը	29
woru	շորը	44
wory	շորը	44
wou	շոու	64
woun	շոուն	23
woupiznesi	շոուբիզնեսի	29
woupiznesum	շոուբիզնեսում	23
woyum	շոյում	14
wpar	շպարը	14
wpare	շպարը	14
wparu	շպարը	14
wpary	շպարը	14
wpman	շփման	29
wpman	շփմանը	14
wpmane	շփմանը	14
wpmanu	շփմանը	14
wpmany	շփմանը	14
wprtec	շպրտեց	38
wprtel	շպրտել	34
wprtum	շպրտում	14
wpum	շփում	44
wpum	շփումը	14
wpume	շփումը	14
wpumic	շփումից	14
wpumn	շփումն	14
wpumner	շփումներ	42
wpumu	շփումը	14
wpumy	շփումը	14
wpveci	շփվեցի	23
wpvecink	շփվեցինք	14
wpvel	շփվել	67
wpvel	շփվելը	14
wpvele	շփվելը	14
wpvelis	շփվելիս	34
wpvelu	շփվելու	23
wpvelu	շփվելը	14
wpveluc	շփվելուց	14
wpvely	շփվելը	14
wpves	շփվես	29
wpvum	շփվում	67
wqta	շղթա	14
wrayl	շռայլ	14
wrj	շրջ	14
wrjakayel	շրջագայել	14
wrjakaykum	շրջակայքում	14
wrjakayutyan	շրջագայության	14
wrjan	շրջան	79
wrjan	շրջանը	59
wrjanaki	շրջանակի	14
wrjanaknerum	շրջանակներում	29
wrjanakum	շրջանակում	14
wrjanarutyun	շրջանառությունը	34
wrjanarutyune	շրջանառությունը	34
wrjanarutyunu	շրջանառությունը	34
wrjanarutyuny	շրջանառությունը	34
wrjancum	շրջանցում	29
wrjane	շրջանը	59
wrjani	շրջանի	34
wrjanic	շրջանից	23
wrjann	շրջանն	57
wrjanner	շրջաններ	49
wrjanner	շրջանները	23
wrjannere	շրջանները	23
wrjanneru	շրջանները	23
wrjannery	շրջանները	23
wrjanu	շրջանը	59
wrjanum	շրջանում	168
wrjany	շրջանը	59
wrjapakman	շրջափակման	14
wrjapat	շրջապատը	51
wrjapate	շրջապատը	51
wrjapati	շրջապատի	23
wrjapatn	շրջապատն	29
wrjapatoq	շրջապատող	14
wrjapatov	շրջապատով	42
wrjapatu	շրջապատը	51
wrjapatum	շրջապատում	38
wrjapatvac	շրջապատված	14
wrjapaty	շրջապատը	51
wrjapul	շրջափուլ	23
wrjum	շրջում	14
wrjvec	շրջվեց	23
wtap	շտապ	160
wtapem	շտապեմ	178
wtapi	շտաբի	38
wtapum	շտապում	184
wtkel	շտկել	44
wtkman	շտկման	29
wuka	շուկա	164
wukan	շուկան	51
wukaneric	շուկաներից	23
wukayakan	շուկայական	38
wukayum	շուկայում	160
wun	շունը	168
wune	շունը	168
wunikner	շունիկները	23
wuniknere	շունիկները	23
wunikneru	շունիկները	23
wuniknery	շունիկները	23
wunj	շունչ	164
wunjn	շունչն	14
wunjs	շունչս	14
wunu	շունը	168
wuny	շունը	168
wur	շուռ	42
wurj	շուրջ	170
wurj	շուրջը	14
wurje	շուրջը	14
wurjn	շուրջն	14
wurju	շուրջը	14
wurjy	շուրջը	14
wurters	շուրթերս	23
wut	շուտ	184
wutov	շուտով	192
wutvanic	շուտվանից	29
wuwani	շուշանի	14
wvaki	շվագի	14
wwalcvum	շշալցվում	14
wwi	շշի	29
wwmecnum	շշմեցնում	14
wwmelu	շշմելու	29
wwnjaci	շշնջացի	14
xaj	խաչ	14
xaj	խաչը	14
xajapuri	խաչապուրի	44
xajatryani	խաչատրյանի	14
xaje	խաչը	14
xajeri	խաչերի	14
xaji	խաչի	14
xajik	խաչիկ	14
xajiki	խաչիկի	14
xajikyan	խաչիկյան	14
xajkarn	խաչքարն	14
xajn	խաչն	14
xajov	խաչով	14
xaju	խաչը	14
xajy	խաչը	14
xamatvan	խամատվան	14
xankarel	խանգարել	55
xankarelu	խանգարելու	14
xankarum	խանգարում	65
xant	խանդ	14
xanti	խանդի	14
xantot	խանդոտ	23
xantum	խանդում	29
xanut	խանութ	172
xanut	խանութը	51
xanute	խանութը	51
xanuti	խանութի	51
xanutic	խանութից	160
xanutner	խանութներ	44
xanutneri	խանութների	29
xanutneric	խանութներից	44
xanutnerum	խանութներում	34
xanutsrah	խանութսրահը	47
xanutsrahe	խանութսրահը	47
xanutsrahu	խանութսրահը	47
xanutsrahum	խանութսրահում	38
xanutsrahy	խանութսրահը	47
xanutu	խանութը	51
xanutum	խանութում	166
xanuty	խանութը	51
xapel	խաբել	64
xapum	խաբում	14
xaq	խաղը	172
xaq	խաղ	29
xaqa	խաղա	51
xaqacac	խաղացած	38
xaqacel	խաղացել	51
xaqaci	խաղացի	14
xaqacnel	խաղացնել	34
xaqacoq	խաղացողը	42
xaqacoqe	խաղացողը	42
xaqacoqu	խաղացողը	42
xaqacoqy	խաղացողը	42
xaqal	խաղալ	164
xaqaliki	խաղալիքի	23
xaqalikner	խաղալիքներ	14
xaqaliknerov	խաղալիքներով	29
xaqalov	խաղալով	14
xaqalu	խաղալու	23
xaqaluc	խաղալուց	14
xaqam	խաղամ	14
xaqank	խաղանք	14
xaqaq	խաղաղ	29
xaqaqarar	խաղաղարար	14
xaqaqutyan	խաղաղության	14
xaqaqutyun	խաղաղությունը	29
xaqaqutyun	խաղաղություն	23
xaqaqutyune	խաղաղությունը	29
xaqaqutyunu	խաղաղությունը	29
xaqaqutyuny	խաղաղությունը	29
xaqaqvum	խաղաղվում	14
xaqarkutyan	խաղարկությանը	42
xaqarkutyane	խաղարկությանը	42
xaqarkutyanu	խաղարկությանը	42
xaqarkutyany	խաղարկությանը	42
xaqasrah	խաղասրահը	23
xaqasrahe	խաղասրահը	23
xaqasrahn	խաղասրահն	23
xaqasrahu	խաղասրահը	23
xaqasrahy	խաղասրահը	23
xaqcoq	խաղցող	29
xaqe	խաղը	172
xaqer	խաղեր	166
xaqer	խաղերը	160
xaqere	խաղերը	160
xaqeri	խաղերի	14
xaqern	խաղերն	23
xaqeru	խաղերը	160
xaqery	խաղերը	160
xaqi	խաղի	14
xaqic	խաղից	14
xaqn	խաղն	14
xaqoq	խաղողը	29
xaqoq	խաղող	23
xaqoqakorcneri	խաղողագործների	14
xaqoqakorcutyan	խաղողագործության	38
xaqoqe	խաղողը	29
xaqoqi	խաղողի	166
xaqoqic	խաղողից	29
xaqoqn	խաղողն	23
xaqoqner	խաղողներ	14
xaqoqu	խաղողը	29
xaqoqy	խաղողը	29
xaqu	խաղը	172
xaqum	խաղում	182
xaqy	խաղը	172
xar	խառը	14
xare	խառը	14
xarkum	խարկում	14
xarn	խառն	14
xarnawpot	խառնաշփոթ	14
xarnek	խառնեք	14
xarnel	խառնել	29
xarnum	խառնում	47
xarnvac	խառնված	14
xarnvel	խառնվել	23
xarnvi	խառնվի	14
xarnvum	խառնվում	42
xaru	խառը	14
xary	խառը	14
xasank	խասանք	14
xatarvum	խաթարվում	14
xavar	խավար	23
xavari	խավարի	14
xawac	խաշած	14
xawel	խաշել	23
xawtelu	խաշտելու	38
xawum	խաշում	29
xawvi	խաշվի	14
xaxtec	խախտեց	29
xaxtel	խախտել	14
xaxtelu	խախտելու	14
xaxtum	խախտում	14
xaxtvum	խախտվում	14
xaytarak	խայտառակ	14
xaytarakutyun	խայտառակություն	14
xazer	խազեր	14
xazeric	խազերից	38
xcanum	խցանում	14
xcanumneri	խցանումների	14
xckum	խցկում	29
xelaci	խելացի	172
xelakar	խելագար	23
xelakarvum	խելագարվում	29
xelamit	խելամիտ	14
xelk	խելք	34
xelkic	խելքից	14
xelok	խելոք	14
xent	խենդ	14
xentanum	խենթանում	38
xeqatyurum	խեղաթյուրում	14
xeqj	խեղճ	23
xeqjanum	խեղճանում	14
xeqtum	խեղդում	42
xeqtvel	խեղդվել	23
xeqtvum	խեղդվում	14
xi	խի	34
xist	խիստ	160
xiter	խիտերը	23
xitere	խիտերը	23
xiteru	խիտերը	23
xitery	խիտերը	23
xizax	խիզախ	14
xjov	խճով	23
xlepn	խլեբն	14
xlum	խլում	14
xmeci	խմեցի	14
xmek	խմեք	44
xmel	խմել	172
xmel	խմելը	44
xmele	խմելը	44
xmelu	խմելը	44
xmelu	խմելու	44
xmeluc	խմելուց	44
xmely	խմելը	44
xmem	խմեմ	14
xmenk	խմենք	160
xmijk	խմիչք	14
xmijk	խմիչքը	14
xmijke	խմիչքը	14
xmijki	խմիչքի	14
xmijkner	խմիչքներ	29
xmijkner	խմիչքները	14
xmijknere	խմիչքները	14
xmijknern	խմիչքներն	29
xmijkneru	խմիչքները	14
xmijknery	խմիչքները	14
xmijku	խմիչքը	14
xmijky	խմիչքը	14
xmoq	խմող	14
xmor	խմորը	29
xmor	խմոր	14
xmore	խմորը	29
xmoreqen	խմորեղենը	14
xmoreqene	խմորեղենը	14
xmoreqeni	խմորեղենի	49
xmoreqenu	խմորեղենը	14
xmoreqeny	խմորեղենը	14
xmori	խմորի	34
xmorman	խմորման	14
xmoru	խմորը	29
xmorum	խմորում	14
xmory	խմորը	29
xmpak	խմբակը	14
xmpakayin	խմբակային	14
xmpakcutyann	խմբակցությանն	14
xmpake	խմբակը	14
xmpakir	խմբագիր	14
xmpaku	խմբակը	14
xmpaky	խմբակը	14
xmper	խմբեր	14
xmperi	խմբերի	29
xmpi	խմբի	23
xmpic	խմբից	14
xmpov	խմբով	47
xmpum	խմբում	14
xmum	խմում	168
xnamel	խնամել	14
xnamk	խնամքը	72
xnamk	խնամք	38
xnamke	խնամքը	72
xnamki	խնամքի	84
xnamkic	խնամքից	29
xnamkin	խնամքին	38
xnamkn	խնամքն	42
xnamkner	խնամքները	23
xnamkner	խնամքներ	14
xnamknere	խնամքները	23
xnamkneru	խնամքները	23
xnamknery	խնամքները	23
xnamkov	խնամքով	188
xnamku	խնամքը	72
xnamky	խնամքը	72
xnamum	խնամում	29
xnamutyan	խնամությանը	14
xnamutyane	խնամությանը	14
xnamutyanu	խնամությանը	14
xnamutyany	խնամությանը	14
xnayel	խնայել	29
xnayum	խնայում	14
xnkalin	խնկալին	38
xntalu	խնդալու	14
xntir	խնդիր	180
xntir	խնդիրը	178
xntire	խնդիրը	178
xntirn	խնդիրն	162
xntirner	խնդիրներ	178
xntirner	խնդիրները	160
xntirnere	խնդիրները	160
xntirneri	խնդիրների	42
xntirneric	խնդիրներից	34
xntirnern	խնդիրներն	29
xntirnerov	խնդիրներով	23
xntirneru	խնդիրները	160
xntirnery	խնդիրները	160
xntiru	խնդիրը	178
xntiry	խնդիրը	178
xntrec	խնդրեց	42
xntreci	խնդրեցի	29
xntrel	խնդրել	49
xntrem	խնդրեմ	188
xntri	խնդրի	67
xntric	խնդրից	14
xntrov	խնդրով	42
xntrum	խնդրում	190
xntum	խնդում	34
xo	խո	34
xocec	խոցեց	23
xocel	խոցել	38
xocum	խոցում	14
xohanoc	խոհանոցը	174
xohanoc	խոհանոց	34
xohanoce	խոհանոցը	174
xohanoci	խոհանոցի	170
xohanocin	խոհանոցին	14
xohanocn	խոհանոցն	29
xohanocneric	խոհանոցներից	14
xohanocov	խոհանոցով	14
xohanocu	խոհանոցը	174
xohanocum	խոհանոցում	184
xohanocy	խոհանոցը	174
xoharar	խոհարար	168
xoharar	խոհարարը	14
xohararakan	խոհարարական	164
xoharare	խոհարարը	14
xohararn	խոհարարն	29
xohararneri	խոհարարների	38
xohararu	խոհարարը	14
xoharary	խոհարարը	14
xojentotner	խոչընդոտներ	23
xojntotner	խոչընդոտներ	23
xojuntotner	խոչընդոտներ	23
xojyntotner	խոչընդոտներ	23
xonarhutyun	խոնարհությունը	14
xonarhutyune	խոնարհությունը	14
xonarhutyunu	խոնարհությունը	14
xonarhutyuny	խոնարհությունը	14
xonarhvum	խոնարհվում	14
xonavecnum	խոնավեցնում	14
xonavecum	խոնավեցում	23
xonavutyun	խոնավությունը	34
xonavutyune	խոնավությունը	34
xonavutyunu	խոնավությունը	34
xonavutyuny	խոնավությունը	34
xor	խորը	176
xor	խոր	14
xoracel	խորացել	14
xoracnum	խորացնում	14
xoraket	խորագետ	14
xorakir	խորագիրը	42
xorakire	խորագիրը	42
xorakiru	խորագիրը	42
xorakiry	խորագիրը	42
xoranal	խորանալ	14
xoranalu	խորանալու	34
xoranam	խորանամ	14
xorani	խորանի	14
xoranic	խորանից	29
xoranum	խորանում	14
xore	խորը	176
xoren	խորեն	34
xoren	խորենը	14
xorene	խորենը	14
xoreni	խորենի	14
xorenin	խորենին	14
xorenu	խորենը	14
xoreny	խորենը	14
xorhrtakceluc	խորհրդակցելուց	23
xorhrtakcum	խորհրդակցում	14
xorhrtaniw	խորհրդանիշ	23
xorhrtaniw	խորհրդանիշը	14
xorhrtaniwe	խորհրդանիշը	14
xorhrtaniwn	խորհրդանիշն	14
xorhrtaniwneric	խորհրդանիշներից	42
xorhrtaniwu	խորհրդանիշը	14
xorhrtaniwy	խորհրդանիշը	14
xorhrtanwakan	խորհրդանշական	23
xorhrtanwum	խորհրդանշում	23
xorhrtatvutyamp	խորհրդատվությամբ	14
xorhrtatvutyun	խորհրդատվությունը	38
xorhrtatvutyun	խորհրդատվություն	23
xorhrtatvutyune	խորհրդատվությունը	38
xorhrtatvutyunu	խորհրդատվությունը	38
xorhrtatvutyuny	խորհրդատվությունը	38
xorhrtayin	խորհրդային	23
xorhrti	խորհրդի	172
xorhrtov	խորհրդով	14
xorhurt	խորհուրդ	178
xorhurt	խորհուրդը	34
xorhurte	խորհուրդը	34
xorhurtn	խորհուրդն	14
xorhurtner	խորհուրդները	164
xorhurtner	խորհուրդներ	162
xorhurtnere	խորհուրդները	164
xorhurtneri	խորհուրդների	176
xorhurtnerin	խորհուրդներին	14
xorhurtneru	խորհուրդները	164
xorhurtnery	խորհուրդները	164
xorhurtu	խորհուրդը	34
xorhurty	խորհուրդը	34
xoris	խորիս	29
xorizi	խորիզի	14
xorizn	խորիզն	14
xorkayin	խորքային	23
xorkum	խորքում	23
xorn	խորն	14
xorovac	խորոված	162
xorovac	խորովածը	162
xorovace	խորովածը	162
xorovacneri	խորովածների	14
xorovacu	խորովածը	162
xorovacy	խորովածը	162
xorovum	խորովում	14
xoroyi	խորոյի	23
xortikner	խորտիկները	38
xortiknere	խորտիկները	38
xortikneru	խորտիկները	38
xortiknery	խորտիկները	38
xoru	խորը	176
xorutyan	խորության	14
xory	խորը	176
xos	խոս	14
xosa	խոսա	23
xosacel	խոսացել	23
xosacink	խոսացինք	14
xosakcutyan	խոսակցության	14
xosakcutyun	խոսակցությունը	49
xosakcutyun	խոսակցություն	14
xosakcutyune	խոսակցությունը	49
xosakcutyunic	խոսակցությունից	14
xosakcutyunner	խոսակցություններ	29
xosakcutyunner	խոսակցությունները	29
xosakcutyunnere	խոսակցությունները	29
xosakcutyunneru	խոսակցությունները	29
xosakcutyunnery	խոսակցությունները	29
xosakcutyunu	խոսակցությունը	49
xosakcutyuny	խոսակցությունը	49
xosal	խոսալ	14
xosalu	խոսալու	14
xosam	խոսամ	53
xosan	խոսան	14
xosapoqov	խոսափողով	14
xosec	խոսեց	14
xoseci	խոսեցի	14
xosecik	խոսեցիք	23
xosecink	խոսեցինք	160
xosecir	խոսեցիր	14
xosek	խոսեք	42
xosel	խոսել	186
xosel	խոսելը	174
xosele	խոսելը	174
xoselis	խոսելիս	42
xoseln	խոսելն	14
xoselov	խոսելով	23
xoselu	խոսելը	174
xoselu	խոսելու	166
xosely	խոսելը	174
xosem	խոսեմ	44
xosenk	խոսենք	164
xoser	խոսեր	29
xoses	խոսես	34
xosi	խոսի	14
xosk	խոսքը	168
xosk	խոսք	162
xoske	խոսքը	168
xosker	խոսքերը	170
xosker	խոսքեր	38
xoskere	խոսքերը	170
xoskeri	խոսքերի	38
xoskern	խոսքերն	23
xoskerov	խոսքերով	29
xoskeru	խոսքերը	170
xoskery	խոսքերը	170
xoski	խոսքի	64
xoskn	խոսքն	23
xoskov	խոսքով	172
xosks	խոսքս	34
xosku	խոսքը	168
xoskum	խոսքում	14
xosky	խոսքը	168
xosoq	խոսող	23
xostacav	խոստացավ	14
xostacel	խոստացել	23
xostanum	խոստանում	38
xostovanec	խոստովանեց	14
xostovani	խոստովանի	38
xosum	խոսում	184
xosuytov	խոսույթով	14
xosvel	խոսվել	42
xosvum	խոսվում	23
xot	խոտը	14
xote	խոտը	14
xoti	խոտի	14
xotu	խոտը	14
xoty	խոտը	14
xowor	խոշոր	23
xozi	խոզի	38
xpac	խփած	14
xpec	խփեց	14
xpelov	խփելով	14
xpum	խփում	29
xpvum	խփվում	14
xqjali	խղճալի	14
xqji	խղճի	44
xqjum	խղճում	44
xramati	խրամատի	38
xraxjank	խրախճանք	14
xraxjankin	խրախճանքին	23
xraxusum	խրախուսում	44
xraxusvum	խրախուսվում	14
xronik	խրոնիկ	23
xrtxrtan	խրթխրթան	14
xrxrtan	խրխրթան	14
xstacvel	խստացվել	14
xstutyan	խստության	38
xstutyun	խստությունը	38
xstutyun	խստություն	14
xstutyune	խստությունը	38
xstutyunu	խստությունը	38
xstutyuny	խստությունը	38
xtacvac	խտացված	14
xtanum	խթանում	38
xtanum	խտանում	14
xtrakan	խտրական	14
xtutyamp	խտությամբ	38
xtutyun	խտություն	29
xulikan	խուլիգան	38
xump	խումբ	51
xump	խումբը	42
xumpe	խումբը	42
xumpn	խումբն	38
xumpu	խումբը	42
xumpy	խումբը	42
xusapel	խուսափել	38
xusapelu	խուսափելու	29
xusapum	խուսափում	49
xzvel	խզվել	29
y	ը	73
y	ըըը	44
y	ըը	23
ya	իա	14
yanan	յանան	23
yananur	յանանուր	14
yas	յաս	14
yasu	յասու	51
yasun	յասուն	14
yasuum	յասուում	14
ye	ըըը	44
ye	ըը	23
yh	ըհը	44
yh	ըհ	29
yhe	ըհը	44
yhn	ըհն	23
ympelik	ըմպելիք	23
ymperikner	ըմբերիքներ	23
ympost	ըմբոստ	14
ynkac	ընկած	44
ynkalel	ընկալել	42
ynkalen	ընկալեն	14
ynkalmamp	ընկալմամբ	29
ynkalman	ընկալման	14
ynkalum	ընկալում	57
ynkalum	ընկալումը	44
ynkalume	ընկալումը	44
ynkalumn	ընկալումն	14
ynkalvum	ընկալվում	38
ynkav	ընկավ	160
ynkel	ընկել	57
ynker	ընկեր	160
ynker	ընկերը	29
ynkeracel	ընկերացել	57
ynkerakan	ընկերական	44
ynkeranal	ընկերանալ	14
ynkere	ընկերը	29
ynkern	ընկերն	65
ynkerner	ընկերներ	164
ynkerner	ընկերները	42
ynkernere	ընկերները	42
ynkerneri	ընկերների	168
ynkerneric	ընկերներից	14
ynkernerics	ընկերներիցս	42
ynkernerin	ընկերներին	23
ynkerneris	ընկերներիս	180
ynkernerit	ընկերներիդ	14
ynkernern	ընկերներն	34
ynkernerov	ընկերներով	172
ynkerners	ընկերներս	34
ynkeroj	ընկերոջ	34
ynkerojs	ընկերոջս	14
ynkers	ընկերս	14
ynkeruhi	ընկերուհի	29
ynkeruhin	ընկերուհին	14
ynkeruhiner	ընկերուհիները	23
ynkeruhiner	ընկերուհիներ	14
ynkeruhinere	ընկերուհիները	23
ynkeruhineri	ընկերուհիների	14
ynkeruhu	ընկերուհու	14
ynkeruhus	ընկերուհուս	14
ynkerutyan	ընկերության	55
ynkerutyan	ընկերությանը	14
ynkerutyane	ընկերությանը	14
ynkerutyun	ընկերությունը	164
ynkerutyun	ընկերություն	70
ynkerutyune	ընկերությունը	164
ynkerutyunn	ընկերությունն	14
ynkerutyunner	ընկերություններ	14
ynkerutyunner	ընկերությունները	14
ynkerutyunnere	ընկերությունները	14
ynkerutyunneri	ընկերությունների	44
ynkerutyunum	ընկերությունում	14
ynkjvac	ընկճված	23
ynkjveci	ընկճվեցի	14
ynknel	ընկնել	44
ynknelov	ընկնելով	23
ynknum	ընկնում	44
ynkuyz	ընկույզ	23
ynkuyz	ընկույզը	14
ynkuyze	ընկույզը	14
ynkuyzov	ընկույզով	23
ynt	ընդ	65
yntack	ընթացքը	42
yntack	ընթացք	38
yntacke	ընթացքը	42
yntacki	ընթացքի	34
yntackin	ընթացքին	14
yntackn	ընթացքն	23
yntackum	ընթացքում	182
yntamen	ընդամենը	168
yntamene	ընդամենը	168
yntanekan	ընտանեկան	174
yntanik	ընտանիքը	168
yntanik	ընտանիք	162
yntanike	ընտանիքը	168
yntaniki	ընտանիքի	176
yntanikic	ընտանիքից	14
yntanikin	ընտանիքին	160
yntanikis	ընտանիքիս	168
yntanikit	ընտանիքիդ	14
yntanikn	ընտանիքն	38
yntanikner	ընտանիքները	23
yntanikner	ընտանիքներ	14
yntaniknere	ընտանիքները	23
yntanikneri	ընտանիքների	23
yntaniknerin	ընտանիքներին	14
yntaniknern	ընտանիքներն	14
yntaniknerum	ընտանիքներում	23
yntanikov	ընտանիքով	172
yntaniks	ընտանիքս	38
yntanikt	ընտանիքդ	14
yntanikum	ընտանիքում	162
yntanum	ընթանում	164
yntarcak	ընդարձակ	29
yntcerum	ընդձեռում	14
ynteq	ընդեղ	14
yntercum	ընթերցում	14
ynthakarak	ընդհակառակը	14
ynthakarake	ընդհակառակը	14
ynthanrapes	ընդհանրապես	164
ynthanur	ընդհանուր	172
ynthatum	ընդհատում	14
ynthup	ընդհուպ	14
yntimutyan	ընդիմության	23
yntir	ընտիր	38
yntkcel	ընդգծել	57
yntkcelu	ընդգծելու	23
yntkcum	ընդգծում	53
yntkcvac	ընդգծված	14
yntkcvum	ընդգծվում	23
yntkrkum	ընդգրկում	29
yntkrkun	ընդգրկուն	23
yntkrkvac	ընդգրկված	23
yntkrkvel	ընդգրկվել	23
yntlaynel	ընդլայնել	23
yntlaynvac	ընդլայնված	14
yntlaynvel	ընդլայնվել	29
yntlaynvelov	ընդլայնվելով	23
yntlaynvelu	ընդլայնվելու	29
yntmijenk	ընդմիջենք	14
yntmijumic	ընդմիջումից	14
yntmijumneri	ընդմիջումների	14
yntrac	ընտրած	42
yntrani	ընտրանի	29
yntranin	ընտրանին	57
yntrec	ընտրեց	34
yntreci	ընտրեցի	49
yntrecin	ընտրեցին	14
yntrecir	ընտրեցիր	14
yntrei	ընտրեի	29
yntrel	ընտրել	170
yntreln	ընտրելն	14
yntrelu	ընտրելու	47
yntrem	ընտրեմ	160
yntren	ընտրեն	47
yntrik	ընտրիքը	23
yntrike	ընտրիքը	23
yntrikin	ընթրիքին	23
yntrum	ընտրում	74
yntrutyan	ընտրության	34
yntrutyun	ընտրություն	174
yntrutyun	ընտրությունը	55
yntrutyune	ընտրությունը	55
yntrutyunn	ընտրությունն	42
yntrutyunneric	ընտրություններից	14
yntrvac	ընտրված	29
yntrvel	ընտրվել	42
yntrvum	ընտրվում	14
ynttimatir	ընդդիմադիր	14
ynttimutyun	ընդդիմություն	14
yntuneci	ընդունեցի	14
yntunecin	ընդունեցին	14
yntunecir	ընդունեցիր	29
yntunel	ընդունել	61
yntuneli	ընդունելի	14
yntunelov	ընդունելով	29
yntunelu	ընդունելու	14
yntuneluc	ընդունելուց	14
yntunelutyan	ընդունելության	14
yntunem	ընդունեմ	14
yntunen	ընդունեն	14
yntunenk	ընդունենք	29
yntunes	ընդունես	14
yntuni	ընդունի	34
yntunman	ընդունման	14
yntunum	ընդունում	73
yntunvac	ընդունված	42
yntunveci	ընդունվեցի	29
yntunvei	ընդունվեի	38
yntunvel	ընդունվել	38
yntunvelu	ընդունվելու	14
yntunvem	ընդունվեմ	34
yntunver	ընդունվեր	14
yntunvum	ընդունվում	23
york	յորք	14
yorkum	յորքում	34
yot	յոթ	66
yot	յոթը	14
yote	յոթը	14
yoterort	յոթերորդ	47
yotin	յոթին	160
yotu	յոթը	14
yoty	յոթը	14
yst	ըստ	164
yuq	յուղ	29
yuq	յուղը	29
yuqe	յուղը	29
yuqi	յուղի	29
yuqot	յուղոտ	14
yuqov	յուղով	14
yuqu	յուղը	29
yuqy	յուղը	29
yurahat	յուրահատ	14
yurahatuk	յուրահատուկ	168
yurakanjyur	յուրաքանչյուր	178
yurakanjyur	յուրաքանչյուրը	47
yurakanjyure	յուրաքանչյուրը	47
yurakanjyuri	յուրաքանչյուրի	47
yurakanjyurin	յուրաքանչյուրին	14
yurakanjyurs	յուրաքանչյուրս	14
yurakanjyurt	յուրաքանչյուրդ	14
yurakanjyuru	յուրաքանչյուրը	47
yurakanjyury	յուրաքանչյուրը	47
yurorinak	յուրօրինակ	29
yutupi	յութուբի	34
yutupyan	յութուբյան	29
zaks	զաքս	34
zank	զանգ	23
zank	զանգը	23
zankaharec	զանգահարեց	14
zankaharek	զանգահարեք	66
zankaharel	զանգահարել	29
zankaharelov	զանգահարելով	44
zankaharum	զանգահարում	14
zanke	զանգը	23
zankec	զանգեց	44
zankeci	զանգեցի	34
zankek	զանգեք	29
zankel	զանգել	162
zankelu	զանգելու	14
zankem	զանգեմ	14
zanken	զանգեն	14
zanker	զանգեր	34
zankeri	զանգերի	14
zankerin	զանգերին	47
zankir	զանգիր	162
zanku	զանգը	23
zankum	զանգում	51
zankvacner	զանգվածներ	14
zanky	զանգը	23
zar	զառ	34
zara	զառա	14
zaran	զառան	57
zarayi	զառայի	14
zarayin	զառային	29
zarkacac	զարգացած	23
zarkacel	զարգացել	14
zarkacman	զարգացման	14
zarkacnel	զարգացնել	14
zarkacnelu	զարգացնելու	14
zarkacnem	զարգացնեմ	29
zarkacnum	զարգացնում	34
zarkacoq	զարգացող	14
zarkacum	զարգացում	14
zarkacum	զարգացումը	14
zarkacume	զարգացումը	14
zarkacumu	զարգացումը	14
zarkacumy	զարգացումը	14
zarkacvum	զարգացվում	44
zarkana	զարգանա	14
zarkanum	զարգանում	160
zarkeraki	զարկերակի	14
zarmaca	զարմացա	14
zarmacac	զարմացած	14
zarmacav	զարմացավ	14
zarmacel	զարմացել	14
zarmacnel	զարմացնել	23
zarmacnem	զարմացնեմ	34
zarmacnum	զարմացնում	23
zarmana	զարմանա	23
zarmanali	զարմանալի	166
zarmanan	զարմանան	29
zarmans	զարմանս	14
zarmanum	զարմանում	162
zartarel	զարդարել	14
zartarum	զարդարում	14
zarter	զարդեր	62
zarter	զարդերը	55
zartere	զարդերը	55
zarteri	զարդերի	58
zarteric	զարդերից	23
zarteru	զարդերը	55
zartery	զարդերը	55
zartn	զարդն	14
zartn	զարթն	14
zartnum	զարթնում	23
zaruhi	զարուհի	14
zat	զատ	14
zatkakan	զատկական	14
zavak	զավակ	55
zavaki	զավակի	34
zavakin	զավակին	14
zavakn	զավակն	38
zavakner	զավակներ	23
zavakneri	զավակների	14
zavaknerin	զավակներին	14
zayracac	զայրացած	14
zayracnum	զայրացնում	23
zayrana	զայրանա	14
zayranan	զայրանան	23
zayranum	զայրանում	14
zemfiran	զեմֆիրան	14
zemfirayi	զեմֆիրայի	14
zenk	զենք	42
zenk	զենքը	14
zenke	զենքը	14
zenker	զենքեր	29
zenku	զենքը	14
zenky	զենքը	14
zeqj	զեղջ	14
zerc	զերծ	14
zeteqel	զետեղել	14
zetequm	զետեղում	38
zeteqvac	զետեղված	14
zijman	զիջմանը	23
zijman	զիջման	14
zijmane	զիջմանը	23
zijmanu	զիջմանը	23
zijmany	զիջմանը	23
zijum	զիջում	29
zijumneri	զիջումների	23
zinvor	զինվոր	29
zinvorakan	զինվորական	29
zinvori	զինվորի	14
zinvorneri	զինվորների	23
zka	զգա	29
zkac	զգաց	23
zkacel	զգացել	62
zkaci	զգացի	51
zkacik	զգացիք	14
zkacink	զգացինք	29
zkacir	զգացիր	14
zkacmunk	զգացմունքը	23
zkacmunk	զգացմունք	14
zkacmunkayin	զգացմունքային	14
zkacmunke	զգացմունքը	23
zkacmunkn	զգացմունքն	14
zkacmunknern	զգացմունքներն	14
zkacmunku	զգացմունքը	23
zkacmunky	զգացմունքը	23
zkacoqutyan	զգացողության	14
zkacoqutyun	զգացողությունը	49
zkacoqutyun	զգացողություն	34
zkacoqutyune	զգացողությունը	49
zkacoqutyunn	զգացողությունն	14
zkacoqutyunner	զգացողություններ	23
zkacoqutyunner	զգացողությունները	14
zkacoqutyunnere	զգացողությունները	14
zkacoqutyunneri	զգացողությունների	14
zkacoqutyunneric	զգացողություններից	14
zkacoqutyunneru	զգացողությունները	14
zkacoqutyunnery	զգացողությունները	14
zkacoqutyunov	զգացողությունով	23
zkacoqutyunu	զգացողությունը	49
zkacoqutyuny	զգացողությունը	49
zkacum	զգացում	42
zkacum	զգացումը	34
zkacume	զգացումը	34
zkacumic	զգացումից	14
zkacumov	զգացումով	47
zkacumu	զգացումը	34
zkacumy	զգացումը	34
zkacvac	զգացված	23
zkacvum	զգացվում	23
zkal	զգալ	162
zkalov	զգալով	14
zkalu	զգալու	14
zkam	զգամ	29
zkan	զգան	14
zkank	զգանք	14
zkar	զգար	42
zkas	զգաս	29
zkayakan	զգայական	14
zkayaran	զգայարան	23
zkayaranner	զգայարանները	14
zkayarannere	զգայարանները	14
zkayaranneru	զգայարանները	14
zkayarannery	զգայարանները	14
zkayun	զգայուն	14
zkest	զգեստը	71
zkest	զգեստ	53
zkeste	զգեստը	71
zkesti	զգեստի	34
zkestn	զգեստն	14
zkestner	զգեստները	44
zkestnere	զգեստները	44
zkestneri	զգեստների	61
zkestneric	զգեստներից	23
zkestnerin	զգեստներին	14
zkestneru	զգեստները	44
zkestnery	զգեստները	44
zkestov	զգեստով	14
zkestu	զգեստը	71
zkesty	զգեստը	71
zkon	զգոն	14
zkum	զգում	188
zkuwacnum	զգուշացնում	23
zkuwacrel	զգուշացրել	23
zkuyw	զգույշ	186
zoh	զոհ	23
zohi	զոհի	14
zohn	զոհն	44
zona	զոնա	14
zonan	զոնան	23
zonaner	զոնաները	14
zonanere	զոնաները	14
zonaneru	զոնաները	14
zonanery	զոնաները	14
zonayum	զոնայում	42
zora	զորա	14
zoravor	զորավոր	14
zoravori	զորավորի	14
zorutyun	զորություն	14
zorutyun	զորությունը	14
zorutyune	զորությունը	14
zorutyunu	զորությունը	14
zorutyuny	զորությունը	14
zov	զով	162
zov	զովը	29
zove	զովը	29
zovu	զովը	29
zovy	զովը	29
zpaqecnum	զբաղեցնում	23
zpaqmunk	զբաղմունք	14
zpaqvac	զբաղված	194
zpaqvacutyan	զբաղվածության	14
zpaqvacutyun	զբաղվածությունը	14
zpaqvacutyune	զբաղվածությունը	14
zpaqvacutyunu	զբաղվածությունը	14
zpaqvacutyuny	զբաղվածությունը	14
zpaqvel	զբաղվել	164
zpaqvelu	զբաղվելու	14
zpaqvem	զբաղվեմ	14
zpaqvi	զբաղվի	23
zpaqvoq	զբաղվող	14
zpaqvum	զբաղվում	170
zposawrjikneri	զբոսաշրջիկների	14
zposawrjiknerin	զբոսաշրջիկներին	14
zposnel	զբոսնել	14
zqjum	զղջում	34
zrkum	զրկում	14
zro	զրո	29
zroyakan	զրոյական	14
zroyic	զրոյից	38
zrucel	զրուցելը	182
zrucel	զրուցել	172
zrucele	զրուցելը	182
zrucelu	զրուցելը	182
zrucelu	զրուցելու	160
zrucely	զրուցելը	182
zrucem	զրուցեմ	44
zrucum	զրուցում	58
zruyc	զրույց	174
zruyc	զրույցը	34
zruyce	զրույցը	34
zruyci	զրույցի	178
zruycn	զրույցն	14
zruycner	զրույցներ	14
zruycner	զրույցները	14
zruycnere	զրույցները	14
zruycneru	զրույցները	14
zruycnery	զրույցները	14
zruycu	զրույցը	34
zruycum	զրույցում	44
zruycy	զրույցը	34
zteqvac	զտեղված	23
ztvac	զտված	44
zukaher	զուգահեռ	47
zukortvum	զուգորդվում	23
zulal	զուլալ	14
zur	զուր	38
zusp	զուսպ	47
zut	զուտ	53
zuyk	զույգ	29
zuyk	զույգը	23
zuyke	զույգը	23
zuyker	զույգեր	29
zuykeri	զույգերի	14
zuykeric	զույգերից	23
zuyki	զույգի	34
zuyku	զույգը	23
zuyky	զույգը	23
zvarjali	զվարճալի	162
zvart	զվարթ	23
zvartnoci	զվարթնոցի	14
zzvacrel	զզվացրել	14
